<?xml version="1.0" encoding="utf-8"?>
<gpx version="1.1" creator="Movescount - http://www.movescount.com" xmlns:xsi="http://www.w3.org/2001/XMLSchema-instance" xsi:schemaLocation="http://www.topografix.com/GPX/1/1 http://www.topografix.com/GPX/1/1/gpx.xsd http://www.cluetrust.com/XML/GPXDATA/1/0 http://www.cluetrust.com/Schemas/gpxdata10.xsd http://www.garmin.com/xmlschemas/TrackPointExtension/v1 http://www.garmin.com/xmlschemas/TrackPointExtensionv1.xsd" xmlns:gpxdata="http://www.cluetrust.com/XML/GPXDATA/1/0" xmlns:gpxtpx="http://www.garmin.com/xmlschemas/TrackPointExtension/v1" xmlns="http://www.topografix.com/GPX/1/1">
   <rte>
      <name>Mt-Shuksan</name>
      <rtept lat="48.767335" lon="-121.617904">
         <ele>770</ele>
      </rtept>
      <rtept lat="48.767368" lon="-121.617894">
         <ele>770</ele>
      </rtept>
      <rtept lat="48.767462" lon="-121.617848">
         <ele>770</ele>
      </rtept>
      <rtept lat="48.767574" lon="-121.617809">
         <ele>770</ele>
      </rtept>
      <rtept lat="48.76767" lon="-121.61779">
         <ele>770</ele>
      </rtept>
      <rtept lat="48.767771" lon="-121.617786">
         <ele>770</ele>
      </rtept>
      <rtept lat="48.76786" lon="-121.617807">
         <ele>770</ele>
      </rtept>
      <rtept lat="48.76797" lon="-121.617854">
         <ele>770</ele>
      </rtept>
      <rtept lat="48.768067" lon="-121.617892">
         <ele>770</ele>
      </rtept>
      <rtept lat="48.768156" lon="-121.617934">
         <ele>770</ele>
      </rtept>
      <rtept lat="48.768254" lon="-121.61799">
         <ele>770</ele>
      </rtept>
      <rtept lat="48.768349" lon="-121.618052">
         <ele>770</ele>
      </rtept>
      <rtept lat="48.768447" lon="-121.618112">
         <ele>770</ele>
      </rtept>
      <rtept lat="48.768546" lon="-121.618174">
         <ele>770</ele>
      </rtept>
      <rtept lat="48.768656" lon="-121.618182">
         <ele>770</ele>
      </rtept>
      <rtept lat="48.768761" lon="-121.618198">
         <ele>770</ele>
      </rtept>
      <rtept lat="48.768868" lon="-121.618211">
         <ele>770</ele>
      </rtept>
      <rtept lat="48.768971" lon="-121.6183">
         <ele>770</ele>
      </rtept>
      <rtept lat="48.769059" lon="-121.61824">
         <ele>770</ele>
      </rtept>
      <rtept lat="48.769108" lon="-121.618197">
         <ele>770</ele>
      </rtept>
      <rtept lat="48.769131" lon="-121.61818">
         <ele>770</ele>
      </rtept>
      <rtept lat="48.769153" lon="-121.618166">
         <ele>770</ele>
      </rtept>
      <rtept lat="48.769172" lon="-121.618149">
         <ele>770</ele>
      </rtept>
      <rtept lat="48.769188" lon="-121.61812">
         <ele>770</ele>
      </rtept>
      <rtept lat="48.7692" lon="-121.618082">
         <ele>770</ele>
      </rtept>
      <rtept lat="48.769217" lon="-121.618052">
         <ele>770</ele>
      </rtept>
      <rtept lat="48.769238" lon="-121.618029">
         <ele>770</ele>
      </rtept>
      <rtept lat="48.769259" lon="-121.61801">
         <ele>770</ele>
      </rtept>
      <rtept lat="48.769277" lon="-121.61798">
         <ele>770</ele>
      </rtept>
      <rtept lat="48.769327" lon="-121.617852">
         <ele>770</ele>
      </rtept>
      <rtept lat="48.769367" lon="-121.617726">
         <ele>770</ele>
      </rtept>
      <rtept lat="48.769405" lon="-121.617585">
         <ele>770</ele>
      </rtept>
      <rtept lat="48.769444" lon="-121.617424">
         <ele>770</ele>
      </rtept>
      <rtept lat="48.769472" lon="-121.617288">
         <ele>770</ele>
      </rtept>
      <rtept lat="48.76952" lon="-121.61717">
         <ele>770</ele>
      </rtept>
      <rtept lat="48.769542" lon="-121.61702">
         <ele>770</ele>
      </rtept>
      <rtept lat="48.769611" lon="-121.616886">
         <ele>770</ele>
      </rtept>
      <rtept lat="48.769653" lon="-121.616748">
         <ele>770</ele>
      </rtept>
      <rtept lat="48.769586" lon="-121.616644">
         <ele>770</ele>
      </rtept>
      <rtept lat="48.7696" lon="-121.616498">
         <ele>770</ele>
      </rtept>
      <rtept lat="48.769622" lon="-121.616348">
         <ele>770</ele>
      </rtept>
      <rtept lat="48.76962" lon="-121.616188">
         <ele>770</ele>
      </rtept>
      <rtept lat="48.769593" lon="-121.616014">
         <ele>770</ele>
      </rtept>
      <rtept lat="48.769598" lon="-121.615878">
         <ele>770</ele>
      </rtept>
      <rtept lat="48.769571" lon="-121.615743">
         <ele>770</ele>
      </rtept>
      <rtept lat="48.76953" lon="-121.615621">
         <ele>770</ele>
      </rtept>
      <rtept lat="48.769458" lon="-121.615536">
         <ele>770</ele>
      </rtept>
      <rtept lat="48.769391" lon="-121.615428">
         <ele>770</ele>
      </rtept>
      <rtept lat="48.769307" lon="-121.615339">
         <ele>770</ele>
      </rtept>
      <rtept lat="48.769211" lon="-121.615273">
         <ele>770</ele>
      </rtept>
      <rtept lat="48.769114" lon="-121.615192">
         <ele>770</ele>
      </rtept>
      <rtept lat="48.769047" lon="-121.615069">
         <ele>770</ele>
      </rtept>
      <rtept lat="48.76898" lon="-121.614959">
         <ele>770</ele>
      </rtept>
      <rtept lat="48.7689" lon="-121.614838">
         <ele>770</ele>
      </rtept>
      <rtept lat="48.768844" lon="-121.614731">
         <ele>770</ele>
      </rtept>
      <rtept lat="48.768776" lon="-121.61462">
         <ele>780</ele>
      </rtept>
      <rtept lat="48.768723" lon="-121.61449">
         <ele>780</ele>
      </rtept>
      <rtept lat="48.76867" lon="-121.614357">
         <ele>780</ele>
      </rtept>
      <rtept lat="48.768619" lon="-121.61422">
         <ele>790</ele>
      </rtept>
      <rtept lat="48.768545" lon="-121.614128">
         <ele>790</ele>
      </rtept>
      <rtept lat="48.768467" lon="-121.61401">
         <ele>790</ele>
      </rtept>
      <rtept lat="48.768391" lon="-121.613893">
         <ele>790</ele>
      </rtept>
      <rtept lat="48.768316" lon="-121.613792">
         <ele>790</ele>
      </rtept>
      <rtept lat="48.768253" lon="-121.61366">
         <ele>790</ele>
      </rtept>
      <rtept lat="48.768188" lon="-121.613559">
         <ele>800</ele>
      </rtept>
      <rtept lat="48.768112" lon="-121.613483">
         <ele>800</ele>
      </rtept>
      <rtept lat="48.768067" lon="-121.613356">
         <ele>800</ele>
      </rtept>
      <rtept lat="48.768011" lon="-121.613229">
         <ele>800</ele>
      </rtept>
      <rtept lat="48.767928" lon="-121.613145">
         <ele>800</ele>
      </rtept>
      <rtept lat="48.767844" lon="-121.61309">
         <ele>800</ele>
      </rtept>
      <rtept lat="48.767774" lon="-121.612976">
         <ele>800</ele>
      </rtept>
      <rtept lat="48.767684" lon="-121.612906">
         <ele>800</ele>
      </rtept>
      <rtept lat="48.767603" lon="-121.612823">
         <ele>800</ele>
      </rtept>
      <rtept lat="48.767534" lon="-121.612705">
         <ele>800</ele>
      </rtept>
      <rtept lat="48.767487" lon="-121.61257">
         <ele>800</ele>
      </rtept>
      <rtept lat="48.767432" lon="-121.612453">
         <ele>800</ele>
      </rtept>
      <rtept lat="48.767415" lon="-121.612303">
         <ele>800</ele>
      </rtept>
      <rtept lat="48.767402" lon="-121.612157">
         <ele>800</ele>
      </rtept>
      <rtept lat="48.767399" lon="-121.612002">
         <ele>810</ele>
      </rtept>
      <rtept lat="48.767427" lon="-121.611823">
         <ele>810</ele>
      </rtept>
      <rtept lat="48.767472" lon="-121.611693">
         <ele>810</ele>
      </rtept>
      <rtept lat="48.767513" lon="-121.611562">
         <ele>810</ele>
      </rtept>
      <rtept lat="48.76755" lon="-121.611436">
         <ele>810</ele>
      </rtept>
      <rtept lat="48.767612" lon="-121.611322">
         <ele>810</ele>
      </rtept>
      <rtept lat="48.767668" lon="-121.611192">
         <ele>820</ele>
      </rtept>
      <rtept lat="48.767734" lon="-121.611059">
         <ele>820</ele>
      </rtept>
      <rtept lat="48.767765" lon="-121.610926">
         <ele>820</ele>
      </rtept>
      <rtept lat="48.767764" lon="-121.610784">
         <ele>820</ele>
      </rtept>
      <rtept lat="48.76775" lon="-121.610635">
         <ele>820</ele>
      </rtept>
      <rtept lat="48.767748" lon="-121.610485">
         <ele>820</ele>
      </rtept>
      <rtept lat="48.767737" lon="-121.61035">
         <ele>820</ele>
      </rtept>
      <rtept lat="48.767762" lon="-121.610174">
         <ele>820</ele>
      </rtept>
      <rtept lat="48.767756" lon="-121.610032">
         <ele>830</ele>
      </rtept>
      <rtept lat="48.767772" lon="-121.60988">
         <ele>830</ele>
      </rtept>
      <rtept lat="48.767769" lon="-121.609724">
         <ele>830</ele>
      </rtept>
      <rtept lat="48.767763" lon="-121.60958">
         <ele>830</ele>
      </rtept>
      <rtept lat="48.767778" lon="-121.60944">
         <ele>830</ele>
      </rtept>
      <rtept lat="48.767787" lon="-121.609292">
         <ele>830</ele>
      </rtept>
      <rtept lat="48.767785" lon="-121.60913">
         <ele>830</ele>
      </rtept>
      <rtept lat="48.767786" lon="-121.608982">
         <ele>830</ele>
      </rtept>
      <rtept lat="48.767769" lon="-121.60884">
         <ele>830</ele>
      </rtept>
      <rtept lat="48.767768" lon="-121.608683">
         <ele>830</ele>
      </rtept>
      <rtept lat="48.76778" lon="-121.608525">
         <ele>830</ele>
      </rtept>
      <rtept lat="48.767788" lon="-121.608382">
         <ele>830</ele>
      </rtept>
      <rtept lat="48.767784" lon="-121.608234">
         <ele>830</ele>
      </rtept>
      <rtept lat="48.767777" lon="-121.608085">
         <ele>830</ele>
      </rtept>
      <rtept lat="48.767785" lon="-121.607939">
         <ele>830</ele>
      </rtept>
      <rtept lat="48.767755" lon="-121.607805">
         <ele>830</ele>
      </rtept>
      <rtept lat="48.767743" lon="-121.607657">
         <ele>830</ele>
      </rtept>
      <rtept lat="48.767746" lon="-121.607507">
         <ele>830</ele>
      </rtept>
      <rtept lat="48.767737" lon="-121.607355">
         <ele>830</ele>
      </rtept>
      <rtept lat="48.76773" lon="-121.607194">
         <ele>840</ele>
      </rtept>
      <rtept lat="48.767753" lon="-121.607049">
         <ele>840</ele>
      </rtept>
      <rtept lat="48.767792" lon="-121.606909">
         <ele>850</ele>
      </rtept>
      <rtept lat="48.767801" lon="-121.606766">
         <ele>850</ele>
      </rtept>
      <rtept lat="48.767805" lon="-121.606604">
         <ele>850</ele>
      </rtept>
      <rtept lat="48.767797" lon="-121.606449">
         <ele>850</ele>
      </rtept>
      <rtept lat="48.767804" lon="-121.606294">
         <ele>860</ele>
      </rtept>
      <rtept lat="48.767824" lon="-121.606154">
         <ele>860</ele>
      </rtept>
      <rtept lat="48.767825" lon="-121.605999">
         <ele>860</ele>
      </rtept>
      <rtept lat="48.767804" lon="-121.605861">
         <ele>860</ele>
      </rtept>
      <rtept lat="48.767784" lon="-121.605725">
         <ele>860</ele>
      </rtept>
      <rtept lat="48.767782" lon="-121.605571">
         <ele>860</ele>
      </rtept>
      <rtept lat="48.767799" lon="-121.605411">
         <ele>860</ele>
      </rtept>
      <rtept lat="48.767826" lon="-121.605256">
         <ele>860</ele>
      </rtept>
      <rtept lat="48.767863" lon="-121.605102">
         <ele>860</ele>
      </rtept>
      <rtept lat="48.767884" lon="-121.604966">
         <ele>860</ele>
      </rtept>
      <rtept lat="48.767909" lon="-121.604832">
         <ele>860</ele>
      </rtept>
      <rtept lat="48.767981" lon="-121.604712">
         <ele>860</ele>
      </rtept>
      <rtept lat="48.768052" lon="-121.604628">
         <ele>860</ele>
      </rtept>
      <rtept lat="48.768138" lon="-121.604532">
         <ele>860</ele>
      </rtept>
      <rtept lat="48.768226" lon="-121.604444">
         <ele>860</ele>
      </rtept>
      <rtept lat="48.768319" lon="-121.604412">
         <ele>860</ele>
      </rtept>
      <rtept lat="48.768417" lon="-121.604404">
         <ele>870</ele>
      </rtept>
      <rtept lat="48.768515" lon="-121.604348">
         <ele>870</ele>
      </rtept>
      <rtept lat="48.768604" lon="-121.604264">
         <ele>870</ele>
      </rtept>
      <rtept lat="48.768682" lon="-121.60417">
         <ele>870</ele>
      </rtept>
      <rtept lat="48.768758" lon="-121.604062">
         <ele>870</ele>
      </rtept>
      <rtept lat="48.768829" lon="-121.603968">
         <ele>870</ele>
      </rtept>
      <rtept lat="48.768916" lon="-121.60392">
         <ele>880</ele>
      </rtept>
      <rtept lat="48.768993" lon="-121.603805">
         <ele>870</ele>
      </rtept>
      <rtept lat="48.769077" lon="-121.603731">
         <ele>870</ele>
      </rtept>
      <rtept lat="48.769169" lon="-121.603701">
         <ele>880</ele>
      </rtept>
      <rtept lat="48.769248" lon="-121.603622">
         <ele>880</ele>
      </rtept>
      <rtept lat="48.769306" lon="-121.603506">
         <ele>880</ele>
      </rtept>
      <rtept lat="48.769347" lon="-121.603384">
         <ele>880</ele>
      </rtept>
      <rtept lat="48.769368" lon="-121.603228">
         <ele>880</ele>
      </rtept>
      <rtept lat="48.769354" lon="-121.603067">
         <ele>880</ele>
      </rtept>
      <rtept lat="48.769344" lon="-121.60293">
         <ele>880</ele>
      </rtept>
      <rtept lat="48.769322" lon="-121.602791">
         <ele>880</ele>
      </rtept>
      <rtept lat="48.769307" lon="-121.602645">
         <ele>880</ele>
      </rtept>
      <rtept lat="48.769274" lon="-121.6025">
         <ele>890</ele>
      </rtept>
      <rtept lat="48.769256" lon="-121.602361">
         <ele>890</ele>
      </rtept>
      <rtept lat="48.769225" lon="-121.602207">
         <ele>890</ele>
      </rtept>
      <rtept lat="48.769156" lon="-121.602085">
         <ele>890</ele>
      </rtept>
      <rtept lat="48.769118" lon="-121.601962">
         <ele>890</ele>
      </rtept>
      <rtept lat="48.769128" lon="-121.601813">
         <ele>900</ele>
      </rtept>
      <rtept lat="48.769187" lon="-121.601671">
         <ele>900</ele>
      </rtept>
      <rtept lat="48.769242" lon="-121.601536">
         <ele>900</ele>
      </rtept>
      <rtept lat="48.769298" lon="-121.601401">
         <ele>900</ele>
      </rtept>
      <rtept lat="48.769384" lon="-121.601324">
         <ele>900</ele>
      </rtept>
      <rtept lat="48.76948" lon="-121.601268">
         <ele>900</ele>
      </rtept>
      <rtept lat="48.769577" lon="-121.601184">
         <ele>900</ele>
      </rtept>
      <rtept lat="48.769662" lon="-121.601112">
         <ele>900</ele>
      </rtept>
      <rtept lat="48.769746" lon="-121.601028">
         <ele>890</ele>
      </rtept>
      <rtept lat="48.769804" lon="-121.60089">
         <ele>890</ele>
      </rtept>
      <rtept lat="48.769906" lon="-121.600904">
         <ele>890</ele>
      </rtept>
      <rtept lat="48.770016" lon="-121.600902">
         <ele>900</ele>
      </rtept>
      <rtept lat="48.77011" lon="-121.600844">
         <ele>900</ele>
      </rtept>
      <rtept lat="48.770222" lon="-121.600802">
         <ele>900</ele>
      </rtept>
      <rtept lat="48.770327" lon="-121.600758">
         <ele>900</ele>
      </rtept>
      <rtept lat="48.770407" lon="-121.600673">
         <ele>900</ele>
      </rtept>
      <rtept lat="48.770498" lon="-121.600637">
         <ele>910</ele>
      </rtept>
      <rtept lat="48.770594" lon="-121.600588">
         <ele>910</ele>
      </rtept>
      <rtept lat="48.770684" lon="-121.600526">
         <ele>910</ele>
      </rtept>
      <rtept lat="48.770764" lon="-121.600432">
         <ele>910</ele>
      </rtept>
      <rtept lat="48.770852" lon="-121.600354">
         <ele>900</ele>
      </rtept>
      <rtept lat="48.770946" lon="-121.60031">
         <ele>900</ele>
      </rtept>
      <rtept lat="48.771035" lon="-121.600325">
         <ele>910</ele>
      </rtept>
      <rtept lat="48.771146" lon="-121.600343">
         <ele>910</ele>
      </rtept>
      <rtept lat="48.771256" lon="-121.600311">
         <ele>910</ele>
      </rtept>
      <rtept lat="48.77135" lon="-121.600297">
         <ele>910</ele>
      </rtept>
      <rtept lat="48.77144" lon="-121.600265">
         <ele>910</ele>
      </rtept>
      <rtept lat="48.771518" lon="-121.600198">
         <ele>910</ele>
      </rtept>
      <rtept lat="48.771619" lon="-121.600125">
         <ele>910</ele>
      </rtept>
      <rtept lat="48.771711" lon="-121.600109">
         <ele>920</ele>
      </rtept>
      <rtept lat="48.771814" lon="-121.600132">
         <ele>920</ele>
      </rtept>
      <rtept lat="48.771904" lon="-121.600096">
         <ele>920</ele>
      </rtept>
      <rtept lat="48.772005" lon="-121.600099">
         <ele>920</ele>
      </rtept>
      <rtept lat="48.772099" lon="-121.600065">
         <ele>920</ele>
      </rtept>
      <rtept lat="48.772204" lon="-121.600034">
         <ele>920</ele>
      </rtept>
      <rtept lat="48.772295" lon="-121.600039">
         <ele>930</ele>
      </rtept>
      <rtept lat="48.772403" lon="-121.600017">
         <ele>930</ele>
      </rtept>
      <rtept lat="48.772505" lon="-121.600005">
         <ele>930</ele>
      </rtept>
      <rtept lat="48.772599" lon="-121.600018">
         <ele>930</ele>
      </rtept>
      <rtept lat="48.772697" lon="-121.600007">
         <ele>930</ele>
      </rtept>
      <rtept lat="48.772802" lon="-121.600063">
         <ele>930</ele>
      </rtept>
      <rtept lat="48.772892" lon="-121.600083">
         <ele>930</ele>
      </rtept>
      <rtept lat="48.772989" lon="-121.600101">
         <ele>930</ele>
      </rtept>
      <rtept lat="48.773091" lon="-121.600133">
         <ele>930</ele>
      </rtept>
      <rtept lat="48.773199" lon="-121.600177">
         <ele>930</ele>
      </rtept>
      <rtept lat="48.773294" lon="-121.60022">
         <ele>930</ele>
      </rtept>
      <rtept lat="48.773398" lon="-121.600261">
         <ele>940</ele>
      </rtept>
      <rtept lat="48.773495" lon="-121.600334">
         <ele>940</ele>
      </rtept>
      <rtept lat="48.773606" lon="-121.600349">
         <ele>940</ele>
      </rtept>
      <rtept lat="48.773704" lon="-121.600264">
         <ele>940</ele>
      </rtept>
      <rtept lat="48.773785" lon="-121.600158">
         <ele>940</ele>
      </rtept>
      <rtept lat="48.773854" lon="-121.600068">
         <ele>940</ele>
      </rtept>
      <rtept lat="48.773934" lon="-121.599989">
         <ele>940</ele>
      </rtept>
      <rtept lat="48.774036" lon="-121.599952">
         <ele>930</ele>
      </rtept>
      <rtept lat="48.774145" lon="-121.599961">
         <ele>940</ele>
      </rtept>
      <rtept lat="48.774246" lon="-121.599982">
         <ele>940</ele>
      </rtept>
      <rtept lat="48.774337" lon="-121.600056">
         <ele>940</ele>
      </rtept>
      <rtept lat="48.774367" lon="-121.600197">
         <ele>940</ele>
      </rtept>
      <rtept lat="48.774345" lon="-121.600288">
         <ele>950</ele>
      </rtept>
      <rtept lat="48.774272" lon="-121.600407">
         <ele>950</ele>
      </rtept>
      <rtept lat="48.774193" lon="-121.600473">
         <ele>950</ele>
      </rtept>
      <rtept lat="48.774114" lon="-121.600547">
         <ele>950</ele>
      </rtept>
      <rtept lat="48.774039" lon="-121.600629">
         <ele>960</ele>
      </rtept>
      <rtept lat="48.773959" lon="-121.600735">
         <ele>960</ele>
      </rtept>
      <rtept lat="48.773896" lon="-121.600862">
         <ele>970</ele>
      </rtept>
      <rtept lat="48.773832" lon="-121.600967">
         <ele>970</ele>
      </rtept>
      <rtept lat="48.773743" lon="-121.601021">
         <ele>970</ele>
      </rtept>
      <rtept lat="48.773642" lon="-121.601045">
         <ele>970</ele>
      </rtept>
      <rtept lat="48.773553" lon="-121.601069">
         <ele>970</ele>
      </rtept>
      <rtept lat="48.773464" lon="-121.601136">
         <ele>970</ele>
      </rtept>
      <rtept lat="48.773374" lon="-121.601205">
         <ele>980</ele>
      </rtept>
      <rtept lat="48.773282" lon="-121.601252">
         <ele>980</ele>
      </rtept>
      <rtept lat="48.773186" lon="-121.601286">
         <ele>980</ele>
      </rtept>
      <rtept lat="48.77309" lon="-121.601324">
         <ele>980</ele>
      </rtept>
      <rtept lat="48.772999" lon="-121.601378">
         <ele>980</ele>
      </rtept>
      <rtept lat="48.772938" lon="-121.601473">
         <ele>980</ele>
      </rtept>
      <rtept lat="48.772868" lon="-121.60157">
         <ele>980</ele>
      </rtept>
      <rtept lat="48.772823" lon="-121.601704">
         <ele>980</ele>
      </rtept>
      <rtept lat="48.772783" lon="-121.601833">
         <ele>990</ele>
      </rtept>
      <rtept lat="48.772732" lon="-121.60197">
         <ele>990</ele>
      </rtept>
      <rtept lat="48.772671" lon="-121.602073">
         <ele>990</ele>
      </rtept>
      <rtept lat="48.772595" lon="-121.602181">
         <ele>1000</ele>
      </rtept>
      <rtept lat="48.77251" lon="-121.602261">
         <ele>1000</ele>
      </rtept>
      <rtept lat="48.77241" lon="-121.60227">
         <ele>1000</ele>
      </rtept>
      <rtept lat="48.772314" lon="-121.602251">
         <ele>1000</ele>
      </rtept>
      <rtept lat="48.772217" lon="-121.6022">
         <ele>990</ele>
      </rtept>
      <rtept lat="48.772113" lon="-121.602205">
         <ele>990</ele>
      </rtept>
      <rtept lat="48.772021" lon="-121.602251">
         <ele>1000</ele>
      </rtept>
      <rtept lat="48.77194" lon="-121.602352">
         <ele>1000</ele>
      </rtept>
      <rtept lat="48.771862" lon="-121.60244">
         <ele>1000</ele>
      </rtept>
      <rtept lat="48.771783" lon="-121.602539">
         <ele>1000</ele>
      </rtept>
      <rtept lat="48.771703" lon="-121.602608">
         <ele>1000</ele>
      </rtept>
      <rtept lat="48.771645" lon="-121.60272">
         <ele>1000</ele>
      </rtept>
      <rtept lat="48.771576" lon="-121.602816">
         <ele>1010</ele>
      </rtept>
      <rtept lat="48.771513" lon="-121.60293">
         <ele>1010</ele>
      </rtept>
      <rtept lat="48.771449" lon="-121.603029">
         <ele>1010</ele>
      </rtept>
      <rtept lat="48.77141" lon="-121.603176">
         <ele>1010</ele>
      </rtept>
      <rtept lat="48.77144" lon="-121.603317">
         <ele>1020</ele>
      </rtept>
      <rtept lat="48.771533" lon="-121.603258">
         <ele>1020</ele>
      </rtept>
      <rtept lat="48.771607" lon="-121.603179">
         <ele>1020</ele>
      </rtept>
      <rtept lat="48.771707" lon="-121.60313">
         <ele>1020</ele>
      </rtept>
      <rtept lat="48.771788" lon="-121.603069">
         <ele>1020</ele>
      </rtept>
      <rtept lat="48.771889" lon="-121.603079">
         <ele>1030</ele>
      </rtept>
      <rtept lat="48.771978" lon="-121.603042">
         <ele>1030</ele>
      </rtept>
      <rtept lat="48.77208" lon="-121.603035">
         <ele>1030</ele>
      </rtept>
      <rtept lat="48.772169" lon="-121.603015">
         <ele>1030</ele>
      </rtept>
      <rtept lat="48.772227" lon="-121.603017">
         <ele>1030</ele>
      </rtept>
      <rtept lat="48.772259" lon="-121.60303">
         <ele>1030</ele>
      </rtept>
      <rtept lat="48.772279" lon="-121.603043">
         <ele>1030</ele>
      </rtept>
      <rtept lat="48.772305" lon="-121.603064">
         <ele>1030</ele>
      </rtept>
      <rtept lat="48.772336" lon="-121.603073">
         <ele>1030</ele>
      </rtept>
      <rtept lat="48.772364" lon="-121.603083">
         <ele>1030</ele>
      </rtept>
      <rtept lat="48.772393" lon="-121.6031">
         <ele>1030</ele>
      </rtept>
      <rtept lat="48.77242" lon="-121.603116">
         <ele>1030</ele>
      </rtept>
      <rtept lat="48.772516" lon="-121.603181">
         <ele>1040</ele>
      </rtept>
      <rtept lat="48.772613" lon="-121.60323">
         <ele>1040</ele>
      </rtept>
      <rtept lat="48.772669" lon="-121.603255">
         <ele>1040</ele>
      </rtept>
      <rtept lat="48.772696" lon="-121.603243">
         <ele>1040</ele>
      </rtept>
      <rtept lat="48.772714" lon="-121.603231">
         <ele>1040</ele>
      </rtept>
      <rtept lat="48.772734" lon="-121.603221">
         <ele>1040</ele>
      </rtept>
      <rtept lat="48.772752" lon="-121.603213">
         <ele>1040</ele>
      </rtept>
      <rtept lat="48.772783" lon="-121.603199">
         <ele>1040</ele>
      </rtept>
      <rtept lat="48.772802" lon="-121.603207">
         <ele>1040</ele>
      </rtept>
      <rtept lat="48.772828" lon="-121.603191">
         <ele>1040</ele>
      </rtept>
      <rtept lat="48.772845" lon="-121.603179">
         <ele>1040</ele>
      </rtept>
      <rtept lat="48.772861" lon="-121.603164">
         <ele>1040</ele>
      </rtept>
      <rtept lat="48.772894" lon="-121.603135">
         <ele>1040</ele>
      </rtept>
      <rtept lat="48.772914" lon="-121.603119">
         <ele>1030</ele>
      </rtept>
      <rtept lat="48.772948" lon="-121.603112">
         <ele>1040</ele>
      </rtept>
      <rtept lat="48.772967" lon="-121.603115">
         <ele>1040</ele>
      </rtept>
      <rtept lat="48.773002" lon="-121.603126">
         <ele>1040</ele>
      </rtept>
      <rtept lat="48.77304" lon="-121.603137">
         <ele>1040</ele>
      </rtept>
      <rtept lat="48.773063" lon="-121.603139">
         <ele>1040</ele>
      </rtept>
      <rtept lat="48.773097" lon="-121.603136">
         <ele>1040</ele>
      </rtept>
      <rtept lat="48.773126" lon="-121.603133">
         <ele>1040</ele>
      </rtept>
      <rtept lat="48.773162" lon="-121.603136">
         <ele>1040</ele>
      </rtept>
      <rtept lat="48.773219" lon="-121.603149">
         <ele>1040</ele>
      </rtept>
      <rtept lat="48.773247" lon="-121.603134">
         <ele>1040</ele>
      </rtept>
      <rtept lat="48.773278" lon="-121.603118">
         <ele>1040</ele>
      </rtept>
      <rtept lat="48.77331" lon="-121.603117">
         <ele>1040</ele>
      </rtept>
      <rtept lat="48.773335" lon="-121.603115">
         <ele>1050</ele>
      </rtept>
      <rtept lat="48.773357" lon="-121.603112">
         <ele>1050</ele>
      </rtept>
      <rtept lat="48.773389" lon="-121.603116">
         <ele>1050</ele>
      </rtept>
      <rtept lat="48.773417" lon="-121.603104">
         <ele>1050</ele>
      </rtept>
      <rtept lat="48.773506" lon="-121.603071">
         <ele>1050</ele>
      </rtept>
      <rtept lat="48.773572" lon="-121.603053">
         <ele>1050</ele>
      </rtept>
      <rtept lat="48.773593" lon="-121.603056">
         <ele>1050</ele>
      </rtept>
      <rtept lat="48.773612" lon="-121.60306">
         <ele>1050</ele>
      </rtept>
      <rtept lat="48.773644" lon="-121.603066">
         <ele>1050</ele>
      </rtept>
      <rtept lat="48.773724" lon="-121.603076">
         <ele>1050</ele>
      </rtept>
      <rtept lat="48.773751" lon="-121.603084">
         <ele>1050</ele>
      </rtept>
      <rtept lat="48.773772" lon="-121.603085">
         <ele>1050</ele>
      </rtept>
      <rtept lat="48.773795" lon="-121.603084">
         <ele>1050</ele>
      </rtept>
      <rtept lat="48.773819" lon="-121.603081">
         <ele>1050</ele>
      </rtept>
      <rtept lat="48.77384" lon="-121.60308">
         <ele>1050</ele>
      </rtept>
      <rtept lat="48.773858" lon="-121.603091">
         <ele>1050</ele>
      </rtept>
      <rtept lat="48.773885" lon="-121.603108">
         <ele>1050</ele>
      </rtept>
      <rtept lat="48.7739" lon="-121.60313">
         <ele>1050</ele>
      </rtept>
      <rtept lat="48.773914" lon="-121.60316">
         <ele>1050</ele>
      </rtept>
      <rtept lat="48.773926" lon="-121.603189">
         <ele>1050</ele>
      </rtept>
      <rtept lat="48.773941" lon="-121.603216">
         <ele>1060</ele>
      </rtept>
      <rtept lat="48.773899" lon="-121.603355">
         <ele>1060</ele>
      </rtept>
      <rtept lat="48.773799" lon="-121.603421">
         <ele>1060</ele>
      </rtept>
      <rtept lat="48.773711" lon="-121.603457">
         <ele>1060</ele>
      </rtept>
      <rtept lat="48.773619" lon="-121.603518">
         <ele>1060</ele>
      </rtept>
      <rtept lat="48.773721" lon="-121.603556">
         <ele>1070</ele>
      </rtept>
      <rtept lat="48.773825" lon="-121.60356">
         <ele>1070</ele>
      </rtept>
      <rtept lat="48.773925" lon="-121.603648">
         <ele>1070</ele>
      </rtept>
      <rtept lat="48.774005" lon="-121.603734">
         <ele>1070</ele>
      </rtept>
      <rtept lat="48.774102" lon="-121.603762">
         <ele>1070</ele>
      </rtept>
      <rtept lat="48.774106" lon="-121.603826">
         <ele>1080</ele>
      </rtept>
      <rtept lat="48.774016" lon="-121.603861">
         <ele>1080</ele>
      </rtept>
      <rtept lat="48.77393" lon="-121.603906">
         <ele>1080</ele>
      </rtept>
      <rtept lat="48.773848" lon="-121.60399">
         <ele>1080</ele>
      </rtept>
      <rtept lat="48.773796" lon="-121.604111">
         <ele>1090</ele>
      </rtept>
      <rtept lat="48.773722" lon="-121.604201">
         <ele>1090</ele>
      </rtept>
      <rtept lat="48.773638" lon="-121.604265">
         <ele>1090</ele>
      </rtept>
      <rtept lat="48.773573" lon="-121.604369">
         <ele>1090</ele>
      </rtept>
      <rtept lat="48.773666" lon="-121.604359">
         <ele>1090</ele>
      </rtept>
      <rtept lat="48.773758" lon="-121.60432">
         <ele>1090</ele>
      </rtept>
      <rtept lat="48.773805" lon="-121.604315">
         <ele>1090</ele>
      </rtept>
      <rtept lat="48.773902" lon="-121.604347">
         <ele>1090</ele>
      </rtept>
      <rtept lat="48.773996" lon="-121.604391">
         <ele>1100</ele>
      </rtept>
      <rtept lat="48.774018" lon="-121.604409">
         <ele>1100</ele>
      </rtept>
      <rtept lat="48.774109" lon="-121.604414">
         <ele>1100</ele>
      </rtept>
      <rtept lat="48.774127" lon="-121.604415">
         <ele>1100</ele>
      </rtept>
      <rtept lat="48.774159" lon="-121.604423">
         <ele>1100</ele>
      </rtept>
      <rtept lat="48.774192" lon="-121.604428">
         <ele>1100</ele>
      </rtept>
      <rtept lat="48.774218" lon="-121.604439">
         <ele>1100</ele>
      </rtept>
      <rtept lat="48.774234" lon="-121.604456">
         <ele>1100</ele>
      </rtept>
      <rtept lat="48.774262" lon="-121.604481">
         <ele>1100</ele>
      </rtept>
      <rtept lat="48.774278" lon="-121.604501">
         <ele>1100</ele>
      </rtept>
      <rtept lat="48.774333" lon="-121.604622">
         <ele>1100</ele>
      </rtept>
      <rtept lat="48.774373" lon="-121.604769">
         <ele>1110</ele>
      </rtept>
      <rtept lat="48.774296" lon="-121.604855">
         <ele>1110</ele>
      </rtept>
      <rtept lat="48.774205" lon="-121.604929">
         <ele>1110</ele>
      </rtept>
      <rtept lat="48.774115" lon="-121.604989">
         <ele>1110</ele>
      </rtept>
      <rtept lat="48.774066" lon="-121.605056">
         <ele>1120</ele>
      </rtept>
      <rtept lat="48.773981" lon="-121.60513">
         <ele>1120</ele>
      </rtept>
      <rtept lat="48.77394" lon="-121.605268">
         <ele>1120</ele>
      </rtept>
      <rtept lat="48.773873" lon="-121.605375">
         <ele>1120</ele>
      </rtept>
      <rtept lat="48.77379" lon="-121.605453">
         <ele>1130</ele>
      </rtept>
      <rtept lat="48.773745" lon="-121.605579">
         <ele>1130</ele>
      </rtept>
      <rtept lat="48.773688" lon="-121.605692">
         <ele>1130</ele>
      </rtept>
      <rtept lat="48.773607" lon="-121.60575">
         <ele>1130</ele>
      </rtept>
      <rtept lat="48.773539" lon="-121.605847">
         <ele>1130</ele>
      </rtept>
      <rtept lat="48.773461" lon="-121.605936">
         <ele>1130</ele>
      </rtept>
      <rtept lat="48.773402" lon="-121.606049">
         <ele>1130</ele>
      </rtept>
      <rtept lat="48.773327" lon="-121.606136">
         <ele>1130</ele>
      </rtept>
      <rtept lat="48.773292" lon="-121.606289">
         <ele>1140</ele>
      </rtept>
      <rtept lat="48.77324" lon="-121.606408">
         <ele>1140</ele>
      </rtept>
      <rtept lat="48.773185" lon="-121.606529">
         <ele>1140</ele>
      </rtept>
      <rtept lat="48.773207" lon="-121.606604">
         <ele>1140</ele>
      </rtept>
      <rtept lat="48.773153" lon="-121.606715">
         <ele>1140</ele>
      </rtept>
      <rtept lat="48.773114" lon="-121.606843">
         <ele>1140</ele>
      </rtept>
      <rtept lat="48.773098" lon="-121.606871">
         <ele>1140</ele>
      </rtept>
      <rtept lat="48.773085" lon="-121.606898">
         <ele>1140</ele>
      </rtept>
      <rtept lat="48.773112" lon="-121.606894">
         <ele>1140</ele>
      </rtept>
      <rtept lat="48.773125" lon="-121.606928">
         <ele>1140</ele>
      </rtept>
      <rtept lat="48.773136" lon="-121.606962">
         <ele>1140</ele>
      </rtept>
      <rtept lat="48.773157" lon="-121.606987">
         <ele>1140</ele>
      </rtept>
      <rtept lat="48.77315" lon="-121.607013">
         <ele>1140</ele>
      </rtept>
      <rtept lat="48.77314" lon="-121.607096">
         <ele>1150</ele>
      </rtept>
      <rtept lat="48.773155" lon="-121.607073">
         <ele>1150</ele>
      </rtept>
      <rtept lat="48.77318" lon="-121.607099">
         <ele>1150</ele>
      </rtept>
      <rtept lat="48.773268" lon="-121.60717">
         <ele>1150</ele>
      </rtept>
      <rtept lat="48.773303" lon="-121.607173">
         <ele>1150</ele>
      </rtept>
      <rtept lat="48.773327" lon="-121.607186">
         <ele>1150</ele>
      </rtept>
      <rtept lat="48.773347" lon="-121.60719">
         <ele>1150</ele>
      </rtept>
      <rtept lat="48.773373" lon="-121.607219">
         <ele>1150</ele>
      </rtept>
      <rtept lat="48.773394" lon="-121.607235">
         <ele>1150</ele>
      </rtept>
      <rtept lat="48.773414" lon="-121.607226">
         <ele>1150</ele>
      </rtept>
      <rtept lat="48.773442" lon="-121.607226">
         <ele>1160</ele>
      </rtept>
      <rtept lat="48.773475" lon="-121.607237">
         <ele>1160</ele>
      </rtept>
      <rtept lat="48.773497" lon="-121.607243">
         <ele>1160</ele>
      </rtept>
      <rtept lat="48.773522" lon="-121.607254">
         <ele>1160</ele>
      </rtept>
      <rtept lat="48.773544" lon="-121.60727">
         <ele>1160</ele>
      </rtept>
      <rtept lat="48.773567" lon="-121.607275">
         <ele>1160</ele>
      </rtept>
      <rtept lat="48.773594" lon="-121.607285">
         <ele>1160</ele>
      </rtept>
      <rtept lat="48.773617" lon="-121.607326">
         <ele>1160</ele>
      </rtept>
      <rtept lat="48.773636" lon="-121.607337">
         <ele>1160</ele>
      </rtept>
      <rtept lat="48.773662" lon="-121.607363">
         <ele>1160</ele>
      </rtept>
      <rtept lat="48.77368" lon="-121.607394">
         <ele>1160</ele>
      </rtept>
      <rtept lat="48.773706" lon="-121.607379">
         <ele>1160</ele>
      </rtept>
      <rtept lat="48.773717" lon="-121.607353">
         <ele>1160</ele>
      </rtept>
      <rtept lat="48.773729" lon="-121.60733">
         <ele>1170</ele>
      </rtept>
      <rtept lat="48.773755" lon="-121.607314">
         <ele>1170</ele>
      </rtept>
      <rtept lat="48.773784" lon="-121.607323">
         <ele>1170</ele>
      </rtept>
      <rtept lat="48.773814" lon="-121.607311">
         <ele>1170</ele>
      </rtept>
      <rtept lat="48.77384" lon="-121.60732">
         <ele>1170</ele>
      </rtept>
      <rtept lat="48.773858" lon="-121.607338">
         <ele>1170</ele>
      </rtept>
      <rtept lat="48.77388" lon="-121.607311">
         <ele>1170</ele>
      </rtept>
      <rtept lat="48.773898" lon="-121.607283">
         <ele>1170</ele>
      </rtept>
      <rtept lat="48.773912" lon="-121.607241">
         <ele>1170</ele>
      </rtept>
      <rtept lat="48.773922" lon="-121.607197">
         <ele>1170</ele>
      </rtept>
      <rtept lat="48.773944" lon="-121.607214">
         <ele>1170</ele>
      </rtept>
      <rtept lat="48.773969" lon="-121.607233">
         <ele>1170</ele>
      </rtept>
      <rtept lat="48.773989" lon="-121.607243">
         <ele>1170</ele>
      </rtept>
      <rtept lat="48.774008" lon="-121.607251">
         <ele>1170</ele>
      </rtept>
      <rtept lat="48.774025" lon="-121.60727">
         <ele>1170</ele>
      </rtept>
      <rtept lat="48.774043" lon="-121.607283">
         <ele>1170</ele>
      </rtept>
      <rtept lat="48.774061" lon="-121.607292">
         <ele>1180</ele>
      </rtept>
      <rtept lat="48.774093" lon="-121.607295">
         <ele>1180</ele>
      </rtept>
      <rtept lat="48.774112" lon="-121.607296">
         <ele>1180</ele>
      </rtept>
      <rtept lat="48.774135" lon="-121.607315">
         <ele>1180</ele>
      </rtept>
      <rtept lat="48.774158" lon="-121.607306">
         <ele>1180</ele>
      </rtept>
      <rtept lat="48.774184" lon="-121.60727">
         <ele>1180</ele>
      </rtept>
      <rtept lat="48.774202" lon="-121.607227">
         <ele>1180</ele>
      </rtept>
      <rtept lat="48.774297" lon="-121.607272">
         <ele>1180</ele>
      </rtept>
      <rtept lat="48.774336" lon="-121.607318">
         <ele>1180</ele>
      </rtept>
      <rtept lat="48.774361" lon="-121.60735">
         <ele>1180</ele>
      </rtept>
      <rtept lat="48.77438" lon="-121.607355">
         <ele>1180</ele>
      </rtept>
      <rtept lat="48.774408" lon="-121.607371">
         <ele>1180</ele>
      </rtept>
      <rtept lat="48.774427" lon="-121.60737">
         <ele>1180</ele>
      </rtept>
      <rtept lat="48.774456" lon="-121.607356">
         <ele>1190</ele>
      </rtept>
      <rtept lat="48.774477" lon="-121.607373">
         <ele>1190</ele>
      </rtept>
      <rtept lat="48.774497" lon="-121.607368">
         <ele>1190</ele>
      </rtept>
      <rtept lat="48.774514" lon="-121.607352">
         <ele>1190</ele>
      </rtept>
      <rtept lat="48.774545" lon="-121.60736">
         <ele>1190</ele>
      </rtept>
      <rtept lat="48.774572" lon="-121.607358">
         <ele>1190</ele>
      </rtept>
      <rtept lat="48.774602" lon="-121.607376">
         <ele>1190</ele>
      </rtept>
      <rtept lat="48.774621" lon="-121.607407">
         <ele>1190</ele>
      </rtept>
      <rtept lat="48.774648" lon="-121.607431">
         <ele>1190</ele>
      </rtept>
      <rtept lat="48.774676" lon="-121.607446">
         <ele>1190</ele>
      </rtept>
      <rtept lat="48.774693" lon="-121.607464">
         <ele>1190</ele>
      </rtept>
      <rtept lat="48.77471" lon="-121.607479">
         <ele>1190</ele>
      </rtept>
      <rtept lat="48.774732" lon="-121.607489">
         <ele>1190</ele>
      </rtept>
      <rtept lat="48.774754" lon="-121.607501">
         <ele>1190</ele>
      </rtept>
      <rtept lat="48.774785" lon="-121.607499">
         <ele>1190</ele>
      </rtept>
      <rtept lat="48.774807" lon="-121.607503">
         <ele>1190</ele>
      </rtept>
      <rtept lat="48.774826" lon="-121.607518">
         <ele>1190</ele>
      </rtept>
      <rtept lat="48.774844" lon="-121.607532">
         <ele>1190</ele>
      </rtept>
      <rtept lat="48.774862" lon="-121.607547">
         <ele>1190</ele>
      </rtept>
      <rtept lat="48.774883" lon="-121.607563">
         <ele>1190</ele>
      </rtept>
      <rtept lat="48.774917" lon="-121.607567">
         <ele>1190</ele>
      </rtept>
      <rtept lat="48.775014" lon="-121.607586">
         <ele>1190</ele>
      </rtept>
      <rtept lat="48.775042" lon="-121.607553">
         <ele>1190</ele>
      </rtept>
      <rtept lat="48.775061" lon="-121.607545">
         <ele>1190</ele>
      </rtept>
      <rtept lat="48.775089" lon="-121.60753">
         <ele>1190</ele>
      </rtept>
      <rtept lat="48.775118" lon="-121.607515">
         <ele>1190</ele>
      </rtept>
      <rtept lat="48.77515" lon="-121.607518">
         <ele>1190</ele>
      </rtept>
      <rtept lat="48.775169" lon="-121.607516">
         <ele>1190</ele>
      </rtept>
      <rtept lat="48.775196" lon="-121.6075">
         <ele>1190</ele>
      </rtept>
      <rtept lat="48.77521" lon="-121.607519">
         <ele>1190</ele>
      </rtept>
      <rtept lat="48.77523" lon="-121.607566">
         <ele>1200</ele>
      </rtept>
      <rtept lat="48.775252" lon="-121.607592">
         <ele>1200</ele>
      </rtept>
      <rtept lat="48.775282" lon="-121.607616">
         <ele>1200</ele>
      </rtept>
      <rtept lat="48.775299" lon="-121.607629">
         <ele>1200</ele>
      </rtept>
      <rtept lat="48.775318" lon="-121.607639">
         <ele>1200</ele>
      </rtept>
      <rtept lat="48.775353" lon="-121.607656">
         <ele>1200</ele>
      </rtept>
      <rtept lat="48.775382" lon="-121.607673">
         <ele>1200</ele>
      </rtept>
      <rtept lat="48.775407" lon="-121.607669">
         <ele>1200</ele>
      </rtept>
      <rtept lat="48.775438" lon="-121.607671">
         <ele>1200</ele>
      </rtept>
      <rtept lat="48.775478" lon="-121.607667">
         <ele>1200</ele>
      </rtept>
      <rtept lat="48.775491" lon="-121.607691">
         <ele>1200</ele>
      </rtept>
      <rtept lat="48.775501" lon="-121.607714">
         <ele>1200</ele>
      </rtept>
      <rtept lat="48.775516" lon="-121.607738">
         <ele>1200</ele>
      </rtept>
      <rtept lat="48.775537" lon="-121.607751">
         <ele>1200</ele>
      </rtept>
      <rtept lat="48.775556" lon="-121.607778">
         <ele>1200</ele>
      </rtept>
      <rtept lat="48.77557" lon="-121.607797">
         <ele>1200</ele>
      </rtept>
      <rtept lat="48.77559" lon="-121.607822">
         <ele>1200</ele>
      </rtept>
      <rtept lat="48.775619" lon="-121.607813">
         <ele>1200</ele>
      </rtept>
      <rtept lat="48.775686" lon="-121.60777">
         <ele>1210</ele>
      </rtept>
      <rtept lat="48.775708" lon="-121.6078">
         <ele>1210</ele>
      </rtept>
      <rtept lat="48.775719" lon="-121.607828">
         <ele>1210</ele>
      </rtept>
      <rtept lat="48.775733" lon="-121.60785">
         <ele>1210</ele>
      </rtept>
      <rtept lat="48.775756" lon="-121.60786">
         <ele>1210</ele>
      </rtept>
      <rtept lat="48.775785" lon="-121.607859">
         <ele>1210</ele>
      </rtept>
      <rtept lat="48.775801" lon="-121.607873">
         <ele>1210</ele>
      </rtept>
      <rtept lat="48.775826" lon="-121.607892">
         <ele>1210</ele>
      </rtept>
      <rtept lat="48.775844" lon="-121.607943">
         <ele>1210</ele>
      </rtept>
      <rtept lat="48.77587" lon="-121.607976">
         <ele>1210</ele>
      </rtept>
      <rtept lat="48.775905" lon="-121.607987">
         <ele>1210</ele>
      </rtept>
      <rtept lat="48.775933" lon="-121.607988">
         <ele>1210</ele>
      </rtept>
      <rtept lat="48.775952" lon="-121.607988">
         <ele>1210</ele>
      </rtept>
      <rtept lat="48.775985" lon="-121.607994">
         <ele>1220</ele>
      </rtept>
      <rtept lat="48.776043" lon="-121.60799">
         <ele>1220</ele>
      </rtept>
      <rtept lat="48.776068" lon="-121.607981">
         <ele>1220</ele>
      </rtept>
      <rtept lat="48.776095" lon="-121.607994">
         <ele>1220</ele>
      </rtept>
      <rtept lat="48.776102" lon="-121.608036">
         <ele>1220</ele>
      </rtept>
      <rtept lat="48.776113" lon="-121.608065">
         <ele>1220</ele>
      </rtept>
      <rtept lat="48.776136" lon="-121.6081">
         <ele>1220</ele>
      </rtept>
      <rtept lat="48.776147" lon="-121.608138">
         <ele>1220</ele>
      </rtept>
      <rtept lat="48.776156" lon="-121.608162">
         <ele>1220</ele>
      </rtept>
      <rtept lat="48.77618" lon="-121.608177">
         <ele>1220</ele>
      </rtept>
      <rtept lat="48.7762" lon="-121.608191">
         <ele>1220</ele>
      </rtept>
      <rtept lat="48.776218" lon="-121.608214">
         <ele>1220</ele>
      </rtept>
      <rtept lat="48.77623" lon="-121.608236">
         <ele>1220</ele>
      </rtept>
      <rtept lat="48.776241" lon="-121.608285">
         <ele>1220</ele>
      </rtept>
      <rtept lat="48.776245" lon="-121.608326">
         <ele>1220</ele>
      </rtept>
      <rtept lat="48.776247" lon="-121.608371">
         <ele>1220</ele>
      </rtept>
      <rtept lat="48.776244" lon="-121.6084">
         <ele>1220</ele>
      </rtept>
      <rtept lat="48.77629" lon="-121.608474">
         <ele>1230</ele>
      </rtept>
      <rtept lat="48.776301" lon="-121.608495">
         <ele>1230</ele>
      </rtept>
      <rtept lat="48.776322" lon="-121.608538">
         <ele>1230</ele>
      </rtept>
      <rtept lat="48.776328" lon="-121.608584">
         <ele>1230</ele>
      </rtept>
      <rtept lat="48.776338" lon="-121.608629">
         <ele>1230</ele>
      </rtept>
      <rtept lat="48.776357" lon="-121.608663">
         <ele>1230</ele>
      </rtept>
      <rtept lat="48.776373" lon="-121.608689">
         <ele>1230</ele>
      </rtept>
      <rtept lat="48.7764" lon="-121.608708">
         <ele>1230</ele>
      </rtept>
      <rtept lat="48.776431" lon="-121.608717">
         <ele>1230</ele>
      </rtept>
      <rtept lat="48.776451" lon="-121.608721">
         <ele>1230</ele>
      </rtept>
      <rtept lat="48.776465" lon="-121.608743">
         <ele>1230</ele>
      </rtept>
      <rtept lat="48.776482" lon="-121.608776">
         <ele>1230</ele>
      </rtept>
      <rtept lat="48.77654" lon="-121.608768">
         <ele>1230</ele>
      </rtept>
      <rtept lat="48.776567" lon="-121.608787">
         <ele>1230</ele>
      </rtept>
      <rtept lat="48.776593" lon="-121.608781">
         <ele>1230</ele>
      </rtept>
      <rtept lat="48.776611" lon="-121.608776">
         <ele>1230</ele>
      </rtept>
      <rtept lat="48.776636" lon="-121.608763">
         <ele>1230</ele>
      </rtept>
      <rtept lat="48.776668" lon="-121.608749">
         <ele>1240</ele>
      </rtept>
      <rtept lat="48.776761" lon="-121.608784">
         <ele>1240</ele>
      </rtept>
      <rtept lat="48.776762" lon="-121.608815">
         <ele>1240</ele>
      </rtept>
      <rtept lat="48.776772" lon="-121.608847">
         <ele>1240</ele>
      </rtept>
      <rtept lat="48.77679" lon="-121.608849">
         <ele>1240</ele>
      </rtept>
      <rtept lat="48.776862" lon="-121.608877">
         <ele>1240</ele>
      </rtept>
      <rtept lat="48.776866" lon="-121.608916">
         <ele>1240</ele>
      </rtept>
      <rtept lat="48.776867" lon="-121.608966">
         <ele>1240</ele>
      </rtept>
      <rtept lat="48.776887" lon="-121.608996">
         <ele>1240</ele>
      </rtept>
      <rtept lat="48.776908" lon="-121.609024">
         <ele>1240</ele>
      </rtept>
      <rtept lat="48.77693" lon="-121.609053">
         <ele>1240</ele>
      </rtept>
      <rtept lat="48.77696" lon="-121.609085">
         <ele>1240</ele>
      </rtept>
      <rtept lat="48.776981" lon="-121.6091">
         <ele>1240</ele>
      </rtept>
      <rtept lat="48.77701" lon="-121.609105">
         <ele>1250</ele>
      </rtept>
      <rtept lat="48.777028" lon="-121.609144">
         <ele>1250</ele>
      </rtept>
      <rtept lat="48.777042" lon="-121.609172">
         <ele>1250</ele>
      </rtept>
      <rtept lat="48.777068" lon="-121.60921">
         <ele>1250</ele>
      </rtept>
      <rtept lat="48.777083" lon="-121.609229">
         <ele>1250</ele>
      </rtept>
      <rtept lat="48.777136" lon="-121.609283">
         <ele>1250</ele>
      </rtept>
      <rtept lat="48.777162" lon="-121.609279">
         <ele>1250</ele>
      </rtept>
      <rtept lat="48.777181" lon="-121.609269">
         <ele>1250</ele>
      </rtept>
      <rtept lat="48.777199" lon="-121.609256">
         <ele>1250</ele>
      </rtept>
      <rtept lat="48.777222" lon="-121.609255">
         <ele>1250</ele>
      </rtept>
      <rtept lat="48.777229" lon="-121.609284">
         <ele>1250</ele>
      </rtept>
      <rtept lat="48.777258" lon="-121.609286">
         <ele>1250</ele>
      </rtept>
      <rtept lat="48.777278" lon="-121.609317">
         <ele>1250</ele>
      </rtept>
      <rtept lat="48.777299" lon="-121.609344">
         <ele>1250</ele>
      </rtept>
      <rtept lat="48.777385" lon="-121.609411">
         <ele>1260</ele>
      </rtept>
      <rtept lat="48.777473" lon="-121.609443">
         <ele>1260</ele>
      </rtept>
      <rtept lat="48.77749" lon="-121.609436">
         <ele>1260</ele>
      </rtept>
      <rtept lat="48.777554" lon="-121.609445">
         <ele>1260</ele>
      </rtept>
      <rtept lat="48.777577" lon="-121.609447">
         <ele>1260</ele>
      </rtept>
      <rtept lat="48.777599" lon="-121.609418">
         <ele>1260</ele>
      </rtept>
      <rtept lat="48.777664" lon="-121.609313">
         <ele>1260</ele>
      </rtept>
      <rtept lat="48.77777" lon="-121.60928">
         <ele>1260</ele>
      </rtept>
      <rtept lat="48.777865" lon="-121.609344">
         <ele>1270</ele>
      </rtept>
      <rtept lat="48.777954" lon="-121.609383">
         <ele>1270</ele>
      </rtept>
      <rtept lat="48.77798" lon="-121.609425">
         <ele>1270</ele>
      </rtept>
      <rtept lat="48.777988" lon="-121.609458">
         <ele>1270</ele>
      </rtept>
      <rtept lat="48.778008" lon="-121.609494">
         <ele>1270</ele>
      </rtept>
      <rtept lat="48.778026" lon="-121.609525">
         <ele>1270</ele>
      </rtept>
      <rtept lat="48.778106" lon="-121.609596">
         <ele>1280</ele>
      </rtept>
      <rtept lat="48.778194" lon="-121.609651">
         <ele>1280</ele>
      </rtept>
      <rtept lat="48.778252" lon="-121.609761">
         <ele>1280</ele>
      </rtept>
      <rtept lat="48.778269" lon="-121.609776">
         <ele>1290</ele>
      </rtept>
      <rtept lat="48.778277" lon="-121.609811">
         <ele>1290</ele>
      </rtept>
      <rtept lat="48.778279" lon="-121.609847">
         <ele>1290</ele>
      </rtept>
      <rtept lat="48.778286" lon="-121.609883">
         <ele>1290</ele>
      </rtept>
      <rtept lat="48.778268" lon="-121.609945">
         <ele>1290</ele>
      </rtept>
      <rtept lat="48.778266" lon="-121.609981">
         <ele>1290</ele>
      </rtept>
      <rtept lat="48.778267" lon="-121.610019">
         <ele>1290</ele>
      </rtept>
      <rtept lat="48.778222" lon="-121.610151">
         <ele>1290</ele>
      </rtept>
      <rtept lat="48.778221" lon="-121.610223">
         <ele>1290</ele>
      </rtept>
      <rtept lat="48.778233" lon="-121.610251">
         <ele>1290</ele>
      </rtept>
      <rtept lat="48.778251" lon="-121.610295">
         <ele>1290</ele>
      </rtept>
      <rtept lat="48.778263" lon="-121.610331">
         <ele>1290</ele>
      </rtept>
      <rtept lat="48.778279" lon="-121.610358">
         <ele>1290</ele>
      </rtept>
      <rtept lat="48.778292" lon="-121.610382">
         <ele>1300</ele>
      </rtept>
      <rtept lat="48.778318" lon="-121.610438">
         <ele>1300</ele>
      </rtept>
      <rtept lat="48.778316" lon="-121.610467">
         <ele>1300</ele>
      </rtept>
      <rtept lat="48.778403" lon="-121.610534">
         <ele>1300</ele>
      </rtept>
      <rtept lat="48.778461" lon="-121.610645">
         <ele>1300</ele>
      </rtept>
      <rtept lat="48.778478" lon="-121.610675">
         <ele>1300</ele>
      </rtept>
      <rtept lat="48.778486" lon="-121.610703">
         <ele>1300</ele>
      </rtept>
      <rtept lat="48.778522" lon="-121.610731">
         <ele>1310</ele>
      </rtept>
      <rtept lat="48.778555" lon="-121.610758">
         <ele>1310</ele>
      </rtept>
      <rtept lat="48.778573" lon="-121.610767">
         <ele>1310</ele>
      </rtept>
      <rtept lat="48.778589" lon="-121.610779">
         <ele>1310</ele>
      </rtept>
      <rtept lat="48.778604" lon="-121.610796">
         <ele>1310</ele>
      </rtept>
      <rtept lat="48.778633" lon="-121.610819">
         <ele>1310</ele>
      </rtept>
      <rtept lat="48.778707" lon="-121.610896">
         <ele>1310</ele>
      </rtept>
      <rtept lat="48.778789" lon="-121.610993">
         <ele>1310</ele>
      </rtept>
      <rtept lat="48.778855" lon="-121.611087">
         <ele>1320</ele>
      </rtept>
      <rtept lat="48.77887" lon="-121.611108">
         <ele>1320</ele>
      </rtept>
      <rtept lat="48.778938" lon="-121.611205">
         <ele>1320</ele>
      </rtept>
      <rtept lat="48.778978" lon="-121.611328">
         <ele>1320</ele>
      </rtept>
      <rtept lat="48.779036" lon="-121.611454">
         <ele>1330</ele>
      </rtept>
      <rtept lat="48.779121" lon="-121.611532">
         <ele>1330</ele>
      </rtept>
      <rtept lat="48.779142" lon="-121.611552">
         <ele>1330</ele>
      </rtept>
      <rtept lat="48.77924" lon="-121.611588">
         <ele>1340</ele>
      </rtept>
      <rtept lat="48.77927" lon="-121.611592">
         <ele>1340</ele>
      </rtept>
      <rtept lat="48.779293" lon="-121.6116">
         <ele>1340</ele>
      </rtept>
      <rtept lat="48.779382" lon="-121.611663">
         <ele>1340</ele>
      </rtept>
      <rtept lat="48.779423" lon="-121.611787">
         <ele>1350</ele>
      </rtept>
      <rtept lat="48.779408" lon="-121.611925">
         <ele>1350</ele>
      </rtept>
      <rtept lat="48.779415" lon="-121.611982">
         <ele>1350</ele>
      </rtept>
      <rtept lat="48.779407" lon="-121.612011">
         <ele>1350</ele>
      </rtept>
      <rtept lat="48.779407" lon="-121.61204">
         <ele>1350</ele>
      </rtept>
      <rtept lat="48.779407" lon="-121.61207">
         <ele>1350</ele>
      </rtept>
      <rtept lat="48.779402" lon="-121.612109">
         <ele>1350</ele>
      </rtept>
      <rtept lat="48.779407" lon="-121.612165">
         <ele>1350</ele>
      </rtept>
      <rtept lat="48.779411" lon="-121.612213">
         <ele>1350</ele>
      </rtept>
      <rtept lat="48.779413" lon="-121.612273">
         <ele>1350</ele>
      </rtept>
      <rtept lat="48.779416" lon="-121.612317">
         <ele>1350</ele>
      </rtept>
      <rtept lat="48.779428" lon="-121.612467">
         <ele>1350</ele>
      </rtept>
      <rtept lat="48.779484" lon="-121.612581">
         <ele>1360</ele>
      </rtept>
      <rtept lat="48.779493" lon="-121.612734">
         <ele>1360</ele>
      </rtept>
      <rtept lat="48.779524" lon="-121.61281">
         <ele>1360</ele>
      </rtept>
      <rtept lat="48.779526" lon="-121.612839">
         <ele>1360</ele>
      </rtept>
      <rtept lat="48.779522" lon="-121.61287">
         <ele>1360</ele>
      </rtept>
      <rtept lat="48.779537" lon="-121.612896">
         <ele>1360</ele>
      </rtept>
      <rtept lat="48.779545" lon="-121.612926">
         <ele>1360</ele>
      </rtept>
      <rtept lat="48.779569" lon="-121.612934">
         <ele>1360</ele>
      </rtept>
      <rtept lat="48.779587" lon="-121.612945">
         <ele>1360</ele>
      </rtept>
      <rtept lat="48.779616" lon="-121.612934">
         <ele>1360</ele>
      </rtept>
      <rtept lat="48.779676" lon="-121.612834">
         <ele>1360</ele>
      </rtept>
      <rtept lat="48.779693" lon="-121.612826">
         <ele>1370</ele>
      </rtept>
      <rtept lat="48.779794" lon="-121.612797">
         <ele>1370</ele>
      </rtept>
      <rtept lat="48.779848" lon="-121.612742">
         <ele>1370</ele>
      </rtept>
      <rtept lat="48.77988" lon="-121.612721">
         <ele>1370</ele>
      </rtept>
      <rtept lat="48.779893" lon="-121.612695">
         <ele>1370</ele>
      </rtept>
      <rtept lat="48.779911" lon="-121.61266">
         <ele>1370</ele>
      </rtept>
      <rtept lat="48.779933" lon="-121.612669">
         <ele>1370</ele>
      </rtept>
      <rtept lat="48.779953" lon="-121.612676">
         <ele>1370</ele>
      </rtept>
      <rtept lat="48.779982" lon="-121.612649">
         <ele>1370</ele>
      </rtept>
      <rtept lat="48.780006" lon="-121.612644">
         <ele>1370</ele>
      </rtept>
      <rtept lat="48.780026" lon="-121.612639">
         <ele>1370</ele>
      </rtept>
      <rtept lat="48.780056" lon="-121.612619">
         <ele>1370</ele>
      </rtept>
      <rtept lat="48.780078" lon="-121.612608">
         <ele>1370</ele>
      </rtept>
      <rtept lat="48.780106" lon="-121.612601">
         <ele>1370</ele>
      </rtept>
      <rtept lat="48.780126" lon="-121.612604">
         <ele>1380</ele>
      </rtept>
      <rtept lat="48.780147" lon="-121.612615">
         <ele>1380</ele>
      </rtept>
      <rtept lat="48.780177" lon="-121.612612">
         <ele>1380</ele>
      </rtept>
      <rtept lat="48.780195" lon="-121.612596">
         <ele>1380</ele>
      </rtept>
      <rtept lat="48.780216" lon="-121.612578">
         <ele>1380</ele>
      </rtept>
      <rtept lat="48.780234" lon="-121.612566">
         <ele>1380</ele>
      </rtept>
      <rtept lat="48.78026" lon="-121.612555">
         <ele>1380</ele>
      </rtept>
      <rtept lat="48.780281" lon="-121.612556">
         <ele>1380</ele>
      </rtept>
      <rtept lat="48.780297" lon="-121.61257">
         <ele>1380</ele>
      </rtept>
      <rtept lat="48.78032" lon="-121.612584">
         <ele>1380</ele>
      </rtept>
      <rtept lat="48.780342" lon="-121.612599">
         <ele>1380</ele>
      </rtept>
      <rtept lat="48.780371" lon="-121.612596">
         <ele>1380</ele>
      </rtept>
      <rtept lat="48.780389" lon="-121.612599">
         <ele>1380</ele>
      </rtept>
      <rtept lat="48.780411" lon="-121.612601">
         <ele>1380</ele>
      </rtept>
      <rtept lat="48.780431" lon="-121.612601">
         <ele>1380</ele>
      </rtept>
      <rtept lat="48.780449" lon="-121.612609">
         <ele>1380</ele>
      </rtept>
      <rtept lat="48.780464" lon="-121.612653">
         <ele>1390</ele>
      </rtept>
      <rtept lat="48.780473" lon="-121.612681">
         <ele>1390</ele>
      </rtept>
      <rtept lat="48.780485" lon="-121.612704">
         <ele>1390</ele>
      </rtept>
      <rtept lat="48.780488" lon="-121.612732">
         <ele>1390</ele>
      </rtept>
      <rtept lat="48.780504" lon="-121.612761">
         <ele>1390</ele>
      </rtept>
      <rtept lat="48.78052" lon="-121.612784">
         <ele>1390</ele>
      </rtept>
      <rtept lat="48.78054" lon="-121.612804">
         <ele>1390</ele>
      </rtept>
      <rtept lat="48.780551" lon="-121.612837">
         <ele>1390</ele>
      </rtept>
      <rtept lat="48.780568" lon="-121.61286">
         <ele>1390</ele>
      </rtept>
      <rtept lat="48.780583" lon="-121.612885">
         <ele>1390</ele>
      </rtept>
      <rtept lat="48.780596" lon="-121.612905">
         <ele>1390</ele>
      </rtept>
      <rtept lat="48.780613" lon="-121.612919">
         <ele>1390</ele>
      </rtept>
      <rtept lat="48.780634" lon="-121.61294">
         <ele>1400</ele>
      </rtept>
      <rtept lat="48.780656" lon="-121.612963">
         <ele>1400</ele>
      </rtept>
      <rtept lat="48.780668" lon="-121.612997">
         <ele>1400</ele>
      </rtept>
      <rtept lat="48.780681" lon="-121.613036">
         <ele>1400</ele>
      </rtept>
      <rtept lat="48.780693" lon="-121.613078">
         <ele>1400</ele>
      </rtept>
      <rtept lat="48.780697" lon="-121.613105">
         <ele>1400</ele>
      </rtept>
      <rtept lat="48.780706" lon="-121.613133">
         <ele>1400</ele>
      </rtept>
      <rtept lat="48.780721" lon="-121.613157">
         <ele>1400</ele>
      </rtept>
      <rtept lat="48.780741" lon="-121.613184">
         <ele>1400</ele>
      </rtept>
      <rtept lat="48.780767" lon="-121.613187">
         <ele>1400</ele>
      </rtept>
      <rtept lat="48.780784" lon="-121.613193">
         <ele>1400</ele>
      </rtept>
      <rtept lat="48.780802" lon="-121.613203">
         <ele>1400</ele>
      </rtept>
      <rtept lat="48.780825" lon="-121.613205">
         <ele>1400</ele>
      </rtept>
      <rtept lat="48.780845" lon="-121.613199">
         <ele>1400</ele>
      </rtept>
      <rtept lat="48.780881" lon="-121.613194">
         <ele>1400</ele>
      </rtept>
      <rtept lat="48.780899" lon="-121.613185">
         <ele>1400</ele>
      </rtept>
      <rtept lat="48.78093" lon="-121.613171">
         <ele>1400</ele>
      </rtept>
      <rtept lat="48.780953" lon="-121.613154">
         <ele>1400</ele>
      </rtept>
      <rtept lat="48.780985" lon="-121.61313">
         <ele>1400</ele>
      </rtept>
      <rtept lat="48.781005" lon="-121.6131">
         <ele>1400</ele>
      </rtept>
      <rtept lat="48.781015" lon="-121.613075">
         <ele>1400</ele>
      </rtept>
      <rtept lat="48.781025" lon="-121.613051">
         <ele>1400</ele>
      </rtept>
      <rtept lat="48.781041" lon="-121.613037">
         <ele>1400</ele>
      </rtept>
      <rtept lat="48.781064" lon="-121.613019">
         <ele>1400</ele>
      </rtept>
      <rtept lat="48.781092" lon="-121.612999">
         <ele>1400</ele>
      </rtept>
      <rtept lat="48.781109" lon="-121.612988">
         <ele>1400</ele>
      </rtept>
      <rtept lat="48.781128" lon="-121.612973">
         <ele>1400</ele>
      </rtept>
      <rtept lat="48.781145" lon="-121.612958">
         <ele>1410</ele>
      </rtept>
      <rtept lat="48.781164" lon="-121.612944">
         <ele>1410</ele>
      </rtept>
      <rtept lat="48.781181" lon="-121.612932">
         <ele>1410</ele>
      </rtept>
      <rtept lat="48.781199" lon="-121.612925">
         <ele>1410</ele>
      </rtept>
      <rtept lat="48.78122" lon="-121.612923">
         <ele>1400</ele>
      </rtept>
      <rtept lat="48.781239" lon="-121.612927">
         <ele>1400</ele>
      </rtept>
      <rtept lat="48.781257" lon="-121.612925">
         <ele>1400</ele>
      </rtept>
      <rtept lat="48.781279" lon="-121.612917">
         <ele>1400</ele>
      </rtept>
      <rtept lat="48.781302" lon="-121.612909">
         <ele>1400</ele>
      </rtept>
      <rtept lat="48.781331" lon="-121.612896">
         <ele>1400</ele>
      </rtept>
      <rtept lat="48.781359" lon="-121.612881">
         <ele>1400</ele>
      </rtept>
      <rtept lat="48.78139" lon="-121.612867">
         <ele>1400</ele>
      </rtept>
      <rtept lat="48.781415" lon="-121.612857">
         <ele>1400</ele>
      </rtept>
      <rtept lat="48.781436" lon="-121.612846">
         <ele>1400</ele>
      </rtept>
      <rtept lat="48.781455" lon="-121.61283">
         <ele>1400</ele>
      </rtept>
      <rtept lat="48.781478" lon="-121.612817">
         <ele>1400</ele>
      </rtept>
      <rtept lat="48.781511" lon="-121.612813">
         <ele>1400</ele>
      </rtept>
      <rtept lat="48.78153" lon="-121.612798">
         <ele>1400</ele>
      </rtept>
      <rtept lat="48.781548" lon="-121.612776">
         <ele>1400</ele>
      </rtept>
      <rtept lat="48.781567" lon="-121.612756">
         <ele>1400</ele>
      </rtept>
      <rtept lat="48.781586" lon="-121.612736">
         <ele>1400</ele>
      </rtept>
      <rtept lat="48.781604" lon="-121.612716">
         <ele>1400</ele>
      </rtept>
      <rtept lat="48.781622" lon="-121.612695">
         <ele>1400</ele>
      </rtept>
      <rtept lat="48.78164" lon="-121.612677">
         <ele>1400</ele>
      </rtept>
      <rtept lat="48.781658" lon="-121.612669">
         <ele>1400</ele>
      </rtept>
      <rtept lat="48.781681" lon="-121.612666">
         <ele>1400</ele>
      </rtept>
      <rtept lat="48.781709" lon="-121.612663">
         <ele>1390</ele>
      </rtept>
      <rtept lat="48.781739" lon="-121.612665">
         <ele>1390</ele>
      </rtept>
      <rtept lat="48.781763" lon="-121.612668">
         <ele>1390</ele>
      </rtept>
      <rtept lat="48.7818" lon="-121.612667">
         <ele>1390</ele>
      </rtept>
      <rtept lat="48.781825" lon="-121.612669">
         <ele>1390</ele>
      </rtept>
      <rtept lat="48.781848" lon="-121.612672">
         <ele>1390</ele>
      </rtept>
      <rtept lat="48.781873" lon="-121.612675">
         <ele>1390</ele>
      </rtept>
      <rtept lat="48.781896" lon="-121.612684">
         <ele>1390</ele>
      </rtept>
      <rtept lat="48.78192" lon="-121.612693">
         <ele>1390</ele>
      </rtept>
      <rtept lat="48.781943" lon="-121.612692">
         <ele>1390</ele>
      </rtept>
      <rtept lat="48.781964" lon="-121.612684">
         <ele>1390</ele>
      </rtept>
      <rtept lat="48.781984" lon="-121.612673">
         <ele>1390</ele>
      </rtept>
      <rtept lat="48.782002" lon="-121.612663">
         <ele>1390</ele>
      </rtept>
      <rtept lat="48.782023" lon="-121.612668">
         <ele>1390</ele>
      </rtept>
      <rtept lat="48.782046" lon="-121.612676">
         <ele>1390</ele>
      </rtept>
      <rtept lat="48.782072" lon="-121.612677">
         <ele>1390</ele>
      </rtept>
      <rtept lat="48.782093" lon="-121.612666">
         <ele>1390</ele>
      </rtept>
      <rtept lat="48.78211" lon="-121.612649">
         <ele>1390</ele>
      </rtept>
      <rtept lat="48.782129" lon="-121.612638">
         <ele>1390</ele>
      </rtept>
      <rtept lat="48.782148" lon="-121.612625">
         <ele>1390</ele>
      </rtept>
      <rtept lat="48.78217" lon="-121.612608">
         <ele>1390</ele>
      </rtept>
      <rtept lat="48.78219" lon="-121.612595">
         <ele>1390</ele>
      </rtept>
      <rtept lat="48.782211" lon="-121.612586">
         <ele>1390</ele>
      </rtept>
      <rtept lat="48.782234" lon="-121.612573">
         <ele>1390</ele>
      </rtept>
      <rtept lat="48.782255" lon="-121.61256">
         <ele>1390</ele>
      </rtept>
      <rtept lat="48.78228" lon="-121.612544">
         <ele>1390</ele>
      </rtept>
      <rtept lat="48.782298" lon="-121.612523">
         <ele>1390</ele>
      </rtept>
      <rtept lat="48.782312" lon="-121.612501">
         <ele>1390</ele>
      </rtept>
      <rtept lat="48.78233" lon="-121.612466">
         <ele>1390</ele>
      </rtept>
      <rtept lat="48.782363" lon="-121.612437">
         <ele>1390</ele>
      </rtept>
      <rtept lat="48.782389" lon="-121.612455">
         <ele>1390</ele>
      </rtept>
      <rtept lat="48.782412" lon="-121.612485">
         <ele>1390</ele>
      </rtept>
      <rtept lat="48.782431" lon="-121.612501">
         <ele>1390</ele>
      </rtept>
      <rtept lat="48.782451" lon="-121.612504">
         <ele>1390</ele>
      </rtept>
      <rtept lat="48.782469" lon="-121.612519">
         <ele>1390</ele>
      </rtept>
      <rtept lat="48.782487" lon="-121.612528">
         <ele>1390</ele>
      </rtept>
      <rtept lat="48.78252" lon="-121.61255">
         <ele>1390</ele>
      </rtept>
      <rtept lat="48.78255" lon="-121.612568">
         <ele>1390</ele>
      </rtept>
      <rtept lat="48.782571" lon="-121.612571">
         <ele>1390</ele>
      </rtept>
      <rtept lat="48.782588" lon="-121.612558">
         <ele>1390</ele>
      </rtept>
      <rtept lat="48.782614" lon="-121.612548">
         <ele>1390</ele>
      </rtept>
      <rtept lat="48.782643" lon="-121.612546">
         <ele>1390</ele>
      </rtept>
      <rtept lat="48.782658" lon="-121.612519">
         <ele>1390</ele>
      </rtept>
      <rtept lat="48.782659" lon="-121.612485">
         <ele>1400</ele>
      </rtept>
      <rtept lat="48.782672" lon="-121.612463">
         <ele>1400</ele>
      </rtept>
      <rtept lat="48.782689" lon="-121.612449">
         <ele>1400</ele>
      </rtept>
      <rtept lat="48.782719" lon="-121.612448">
         <ele>1400</ele>
      </rtept>
      <rtept lat="48.782754" lon="-121.612474">
         <ele>1400</ele>
      </rtept>
      <rtept lat="48.782781" lon="-121.612488">
         <ele>1400</ele>
      </rtept>
      <rtept lat="48.782808" lon="-121.612495">
         <ele>1400</ele>
      </rtept>
      <rtept lat="48.782827" lon="-121.612474">
         <ele>1400</ele>
      </rtept>
      <rtept lat="48.782836" lon="-121.612442">
         <ele>1400</ele>
      </rtept>
      <rtept lat="48.782856" lon="-121.612421">
         <ele>1400</ele>
      </rtept>
      <rtept lat="48.782879" lon="-121.612409">
         <ele>1400</ele>
      </rtept>
      <rtept lat="48.782907" lon="-121.612403">
         <ele>1400</ele>
      </rtept>
      <rtept lat="48.782938" lon="-121.612397">
         <ele>1400</ele>
      </rtept>
      <rtept lat="48.782955" lon="-121.612392">
         <ele>1400</ele>
      </rtept>
      <rtept lat="48.78298" lon="-121.612373">
         <ele>1400</ele>
      </rtept>
      <rtept lat="48.783003" lon="-121.612353">
         <ele>1400</ele>
      </rtept>
      <rtept lat="48.783021" lon="-121.612325">
         <ele>1410</ele>
      </rtept>
      <rtept lat="48.783039" lon="-121.61232">
         <ele>1410</ele>
      </rtept>
      <rtept lat="48.783079" lon="-121.612312">
         <ele>1410</ele>
      </rtept>
      <rtept lat="48.783098" lon="-121.612316">
         <ele>1410</ele>
      </rtept>
      <rtept lat="48.783122" lon="-121.612315">
         <ele>1410</ele>
      </rtept>
      <rtept lat="48.78314" lon="-121.612343">
         <ele>1410</ele>
      </rtept>
      <rtept lat="48.783155" lon="-121.612368">
         <ele>1410</ele>
      </rtept>
      <rtept lat="48.783181" lon="-121.612371">
         <ele>1410</ele>
      </rtept>
      <rtept lat="48.783211" lon="-121.612382">
         <ele>1410</ele>
      </rtept>
      <rtept lat="48.78324" lon="-121.612386">
         <ele>1410</ele>
      </rtept>
      <rtept lat="48.783276" lon="-121.612396">
         <ele>1410</ele>
      </rtept>
      <rtept lat="48.783306" lon="-121.612374">
         <ele>1410</ele>
      </rtept>
      <rtept lat="48.783324" lon="-121.612367">
         <ele>1410</ele>
      </rtept>
      <rtept lat="48.783342" lon="-121.612361">
         <ele>1410</ele>
      </rtept>
      <rtept lat="48.783365" lon="-121.612364">
         <ele>1410</ele>
      </rtept>
      <rtept lat="48.783388" lon="-121.612373">
         <ele>1410</ele>
      </rtept>
      <rtept lat="48.783413" lon="-121.612379">
         <ele>1410</ele>
      </rtept>
      <rtept lat="48.783431" lon="-121.612377">
         <ele>1410</ele>
      </rtept>
      <rtept lat="48.783453" lon="-121.612372">
         <ele>1410</ele>
      </rtept>
      <rtept lat="48.783486" lon="-121.612387">
         <ele>1410</ele>
      </rtept>
      <rtept lat="48.78351" lon="-121.612389">
         <ele>1420</ele>
      </rtept>
      <rtept lat="48.783531" lon="-121.612407">
         <ele>1420</ele>
      </rtept>
      <rtept lat="48.783548" lon="-121.612427">
         <ele>1420</ele>
      </rtept>
      <rtept lat="48.783572" lon="-121.612425">
         <ele>1420</ele>
      </rtept>
      <rtept lat="48.783603" lon="-121.612422">
         <ele>1420</ele>
      </rtept>
      <rtept lat="48.783633" lon="-121.612428">
         <ele>1420</ele>
      </rtept>
      <rtept lat="48.783658" lon="-121.612447">
         <ele>1420</ele>
      </rtept>
      <rtept lat="48.783687" lon="-121.612446">
         <ele>1420</ele>
      </rtept>
      <rtept lat="48.783714" lon="-121.612435">
         <ele>1420</ele>
      </rtept>
      <rtept lat="48.783735" lon="-121.612434">
         <ele>1420</ele>
      </rtept>
      <rtept lat="48.783761" lon="-121.612431">
         <ele>1420</ele>
      </rtept>
      <rtept lat="48.783777" lon="-121.612414">
         <ele>1420</ele>
      </rtept>
      <rtept lat="48.783794" lon="-121.612392">
         <ele>1420</ele>
      </rtept>
      <rtept lat="48.783812" lon="-121.61239">
         <ele>1420</ele>
      </rtept>
      <rtept lat="48.783831" lon="-121.612375">
         <ele>1420</ele>
      </rtept>
      <rtept lat="48.783841" lon="-121.612348">
         <ele>1420</ele>
      </rtept>
      <rtept lat="48.783855" lon="-121.612319">
         <ele>1430</ele>
      </rtept>
      <rtept lat="48.783877" lon="-121.612304">
         <ele>1430</ele>
      </rtept>
      <rtept lat="48.783908" lon="-121.612313">
         <ele>1430</ele>
      </rtept>
      <rtept lat="48.78393" lon="-121.612307">
         <ele>1430</ele>
      </rtept>
      <rtept lat="48.783952" lon="-121.612277">
         <ele>1430</ele>
      </rtept>
      <rtept lat="48.783971" lon="-121.612247">
         <ele>1430</ele>
      </rtept>
      <rtept lat="48.784001" lon="-121.612239">
         <ele>1430</ele>
      </rtept>
      <rtept lat="48.784024" lon="-121.612239">
         <ele>1430</ele>
      </rtept>
      <rtept lat="48.784046" lon="-121.612254">
         <ele>1430</ele>
      </rtept>
      <rtept lat="48.784066" lon="-121.612271">
         <ele>1430</ele>
      </rtept>
      <rtept lat="48.7841" lon="-121.612273">
         <ele>1430</ele>
      </rtept>
      <rtept lat="48.78412" lon="-121.612271">
         <ele>1430</ele>
      </rtept>
      <rtept lat="48.784159" lon="-121.612288">
         <ele>1430</ele>
      </rtept>
      <rtept lat="48.784178" lon="-121.612306">
         <ele>1430</ele>
      </rtept>
      <rtept lat="48.784201" lon="-121.612337">
         <ele>1430</ele>
      </rtept>
      <rtept lat="48.784227" lon="-121.612352">
         <ele>1430</ele>
      </rtept>
      <rtept lat="48.784252" lon="-121.612339">
         <ele>1440</ele>
      </rtept>
      <rtept lat="48.784269" lon="-121.612329">
         <ele>1440</ele>
      </rtept>
      <rtept lat="48.784301" lon="-121.612314">
         <ele>1440</ele>
      </rtept>
      <rtept lat="48.784333" lon="-121.612306">
         <ele>1440</ele>
      </rtept>
      <rtept lat="48.78436" lon="-121.612323">
         <ele>1440</ele>
      </rtept>
      <rtept lat="48.784372" lon="-121.61236">
         <ele>1440</ele>
      </rtept>
      <rtept lat="48.784387" lon="-121.612407">
         <ele>1440</ele>
      </rtept>
      <rtept lat="48.784394" lon="-121.612432">
         <ele>1440</ele>
      </rtept>
      <rtept lat="48.784418" lon="-121.612463">
         <ele>1440</ele>
      </rtept>
      <rtept lat="48.784448" lon="-121.612475">
         <ele>1440</ele>
      </rtept>
      <rtept lat="48.784468" lon="-121.612482">
         <ele>1440</ele>
      </rtept>
      <rtept lat="48.784489" lon="-121.612502">
         <ele>1440</ele>
      </rtept>
      <rtept lat="48.784518" lon="-121.612516">
         <ele>1440</ele>
      </rtept>
      <rtept lat="48.784553" lon="-121.61251">
         <ele>1440</ele>
      </rtept>
      <rtept lat="48.78459" lon="-121.612515">
         <ele>1440</ele>
      </rtept>
      <rtept lat="48.784627" lon="-121.612514">
         <ele>1440</ele>
      </rtept>
      <rtept lat="48.784646" lon="-121.612516">
         <ele>1440</ele>
      </rtept>
      <rtept lat="48.784665" lon="-121.612518">
         <ele>1440</ele>
      </rtept>
      <rtept lat="48.784686" lon="-121.61252">
         <ele>1440</ele>
      </rtept>
      <rtept lat="48.784707" lon="-121.612527">
         <ele>1440</ele>
      </rtept>
      <rtept lat="48.784725" lon="-121.612539">
         <ele>1440</ele>
      </rtept>
      <rtept lat="48.784758" lon="-121.612536">
         <ele>1440</ele>
      </rtept>
      <rtept lat="48.78478" lon="-121.612527">
         <ele>1440</ele>
      </rtept>
      <rtept lat="48.784804" lon="-121.612521">
         <ele>1440</ele>
      </rtept>
      <rtept lat="48.784827" lon="-121.612525">
         <ele>1440</ele>
      </rtept>
      <rtept lat="48.784849" lon="-121.612534">
         <ele>1440</ele>
      </rtept>
      <rtept lat="48.784873" lon="-121.612543">
         <ele>1440</ele>
      </rtept>
      <rtept lat="48.7849" lon="-121.612558">
         <ele>1440</ele>
      </rtept>
      <rtept lat="48.784924" lon="-121.612571">
         <ele>1440</ele>
      </rtept>
      <rtept lat="48.784947" lon="-121.61257">
         <ele>1440</ele>
      </rtept>
      <rtept lat="48.784968" lon="-121.612561">
         <ele>1440</ele>
      </rtept>
      <rtept lat="48.784987" lon="-121.612557">
         <ele>1440</ele>
      </rtept>
      <rtept lat="48.785005" lon="-121.612556">
         <ele>1440</ele>
      </rtept>
      <rtept lat="48.785024" lon="-121.612551">
         <ele>1440</ele>
      </rtept>
      <rtept lat="48.78506" lon="-121.612544">
         <ele>1440</ele>
      </rtept>
      <rtept lat="48.785079" lon="-121.612551">
         <ele>1440</ele>
      </rtept>
      <rtept lat="48.785102" lon="-121.612554">
         <ele>1440</ele>
      </rtept>
      <rtept lat="48.785132" lon="-121.612533">
         <ele>1440</ele>
      </rtept>
      <rtept lat="48.785149" lon="-121.61252">
         <ele>1440</ele>
      </rtept>
      <rtept lat="48.785165" lon="-121.612504">
         <ele>1440</ele>
      </rtept>
      <rtept lat="48.785179" lon="-121.612485">
         <ele>1440</ele>
      </rtept>
      <rtept lat="48.785196" lon="-121.612466">
         <ele>1440</ele>
      </rtept>
      <rtept lat="48.785216" lon="-121.612447">
         <ele>1440</ele>
      </rtept>
      <rtept lat="48.785237" lon="-121.612428">
         <ele>1440</ele>
      </rtept>
      <rtept lat="48.785256" lon="-121.612404">
         <ele>1440</ele>
      </rtept>
      <rtept lat="48.785273" lon="-121.612379">
         <ele>1440</ele>
      </rtept>
      <rtept lat="48.785293" lon="-121.612356">
         <ele>1440</ele>
      </rtept>
      <rtept lat="48.785313" lon="-121.612343">
         <ele>1440</ele>
      </rtept>
      <rtept lat="48.785342" lon="-121.612318">
         <ele>1440</ele>
      </rtept>
      <rtept lat="48.785371" lon="-121.612282">
         <ele>1440</ele>
      </rtept>
      <rtept lat="48.785393" lon="-121.612272">
         <ele>1440</ele>
      </rtept>
      <rtept lat="48.785414" lon="-121.612261">
         <ele>1440</ele>
      </rtept>
      <rtept lat="48.785435" lon="-121.612247">
         <ele>1440</ele>
      </rtept>
      <rtept lat="48.785454" lon="-121.612229">
         <ele>1440</ele>
      </rtept>
      <rtept lat="48.785474" lon="-121.612215">
         <ele>1440</ele>
      </rtept>
      <rtept lat="48.785498" lon="-121.612208">
         <ele>1440</ele>
      </rtept>
      <rtept lat="48.785519" lon="-121.612199">
         <ele>1440</ele>
      </rtept>
      <rtept lat="48.78554" lon="-121.612186">
         <ele>1440</ele>
      </rtept>
      <rtept lat="48.785562" lon="-121.612174">
         <ele>1440</ele>
      </rtept>
      <rtept lat="48.785583" lon="-121.612161">
         <ele>1440</ele>
      </rtept>
      <rtept lat="48.785603" lon="-121.612146">
         <ele>1440</ele>
      </rtept>
      <rtept lat="48.785622" lon="-121.612127">
         <ele>1440</ele>
      </rtept>
      <rtept lat="48.785641" lon="-121.612109">
         <ele>1440</ele>
      </rtept>
      <rtept lat="48.785657" lon="-121.612086">
         <ele>1440</ele>
      </rtept>
      <rtept lat="48.785675" lon="-121.612067">
         <ele>1440</ele>
      </rtept>
      <rtept lat="48.785696" lon="-121.612053">
         <ele>1440</ele>
      </rtept>
      <rtept lat="48.785716" lon="-121.612038">
         <ele>1440</ele>
      </rtept>
      <rtept lat="48.785735" lon="-121.612021">
         <ele>1440</ele>
      </rtept>
      <rtept lat="48.785751" lon="-121.612006">
         <ele>1440</ele>
      </rtept>
      <rtept lat="48.785767" lon="-121.611991">
         <ele>1440</ele>
      </rtept>
      <rtept lat="48.785785" lon="-121.61198">
         <ele>1440</ele>
      </rtept>
      <rtept lat="48.785803" lon="-121.611975">
         <ele>1440</ele>
      </rtept>
      <rtept lat="48.785823" lon="-121.611975">
         <ele>1440</ele>
      </rtept>
      <rtept lat="48.785845" lon="-121.611973">
         <ele>1440</ele>
      </rtept>
      <rtept lat="48.78587" lon="-121.611954">
         <ele>1440</ele>
      </rtept>
      <rtept lat="48.785889" lon="-121.611941">
         <ele>1440</ele>
      </rtept>
      <rtept lat="48.785912" lon="-121.611929">
         <ele>1440</ele>
      </rtept>
      <rtept lat="48.785934" lon="-121.61192">
         <ele>1440</ele>
      </rtept>
      <rtept lat="48.785955" lon="-121.611914">
         <ele>1440</ele>
      </rtept>
      <rtept lat="48.785976" lon="-121.611909">
         <ele>1440</ele>
      </rtept>
      <rtept lat="48.786007" lon="-121.611892">
         <ele>1440</ele>
      </rtept>
      <rtept lat="48.786035" lon="-121.61187">
         <ele>1440</ele>
      </rtept>
      <rtept lat="48.786064" lon="-121.611859">
         <ele>1450</ele>
      </rtept>
      <rtept lat="48.786092" lon="-121.611868">
         <ele>1450</ele>
      </rtept>
      <rtept lat="48.78612" lon="-121.611894">
         <ele>1450</ele>
      </rtept>
      <rtept lat="48.786146" lon="-121.611887">
         <ele>1450</ele>
      </rtept>
      <rtept lat="48.786172" lon="-121.611887">
         <ele>1450</ele>
      </rtept>
      <rtept lat="48.786196" lon="-121.611877">
         <ele>1450</ele>
      </rtept>
      <rtept lat="48.786216" lon="-121.611856">
         <ele>1450</ele>
      </rtept>
      <rtept lat="48.78624" lon="-121.611843">
         <ele>1450</ele>
      </rtept>
      <rtept lat="48.786264" lon="-121.611838">
         <ele>1450</ele>
      </rtept>
      <rtept lat="48.786293" lon="-121.611827">
         <ele>1450</ele>
      </rtept>
      <rtept lat="48.786322" lon="-121.611821">
         <ele>1450</ele>
      </rtept>
      <rtept lat="48.786344" lon="-121.611811">
         <ele>1450</ele>
      </rtept>
      <rtept lat="48.786372" lon="-121.611805">
         <ele>1450</ele>
      </rtept>
      <rtept lat="48.786405" lon="-121.611805">
         <ele>1450</ele>
      </rtept>
      <rtept lat="48.786424" lon="-121.611802">
         <ele>1450</ele>
      </rtept>
      <rtept lat="48.786454" lon="-121.611786">
         <ele>1450</ele>
      </rtept>
      <rtept lat="48.786476" lon="-121.611756">
         <ele>1450</ele>
      </rtept>
      <rtept lat="48.786495" lon="-121.611723">
         <ele>1450</ele>
      </rtept>
      <rtept lat="48.78651" lon="-121.611708">
         <ele>1450</ele>
      </rtept>
      <rtept lat="48.786538" lon="-121.611693">
         <ele>1450</ele>
      </rtept>
      <rtept lat="48.786569" lon="-121.611678">
         <ele>1450</ele>
      </rtept>
      <rtept lat="48.78659" lon="-121.611688">
         <ele>1450</ele>
      </rtept>
      <rtept lat="48.78662" lon="-121.611679">
         <ele>1450</ele>
      </rtept>
      <rtept lat="48.78665" lon="-121.611647">
         <ele>1450</ele>
      </rtept>
      <rtept lat="48.786673" lon="-121.611633">
         <ele>1450</ele>
      </rtept>
      <rtept lat="48.786694" lon="-121.611627">
         <ele>1450</ele>
      </rtept>
      <rtept lat="48.786717" lon="-121.611626">
         <ele>1450</ele>
      </rtept>
      <rtept lat="48.786737" lon="-121.61162">
         <ele>1450</ele>
      </rtept>
      <rtept lat="48.786753" lon="-121.611608">
         <ele>1450</ele>
      </rtept>
      <rtept lat="48.786769" lon="-121.611593">
         <ele>1450</ele>
      </rtept>
      <rtept lat="48.786786" lon="-121.611575">
         <ele>1450</ele>
      </rtept>
      <rtept lat="48.786801" lon="-121.611558">
         <ele>1450</ele>
      </rtept>
      <rtept lat="48.786833" lon="-121.611519">
         <ele>1450</ele>
      </rtept>
      <rtept lat="48.786858" lon="-121.611494">
         <ele>1450</ele>
      </rtept>
      <rtept lat="48.786881" lon="-121.611477">
         <ele>1450</ele>
      </rtept>
      <rtept lat="48.786904" lon="-121.61147">
         <ele>1450</ele>
      </rtept>
      <rtept lat="48.786929" lon="-121.611461">
         <ele>1450</ele>
      </rtept>
      <rtept lat="48.786958" lon="-121.611451">
         <ele>1450</ele>
      </rtept>
      <rtept lat="48.786985" lon="-121.611446">
         <ele>1450</ele>
      </rtept>
      <rtept lat="48.787009" lon="-121.611443">
         <ele>1450</ele>
      </rtept>
      <rtept lat="48.787035" lon="-121.611432">
         <ele>1450</ele>
      </rtept>
      <rtept lat="48.787064" lon="-121.611413">
         <ele>1450</ele>
      </rtept>
      <rtept lat="48.787094" lon="-121.611383">
         <ele>1450</ele>
      </rtept>
      <rtept lat="48.787123" lon="-121.61135">
         <ele>1450</ele>
      </rtept>
      <rtept lat="48.787148" lon="-121.611321">
         <ele>1450</ele>
      </rtept>
      <rtept lat="48.787169" lon="-121.611291">
         <ele>1450</ele>
      </rtept>
      <rtept lat="48.787191" lon="-121.611264">
         <ele>1450</ele>
      </rtept>
      <rtept lat="48.787209" lon="-121.611242">
         <ele>1450</ele>
      </rtept>
      <rtept lat="48.787229" lon="-121.611231">
         <ele>1450</ele>
      </rtept>
      <rtept lat="48.787254" lon="-121.611228">
         <ele>1450</ele>
      </rtept>
      <rtept lat="48.787278" lon="-121.611218">
         <ele>1450</ele>
      </rtept>
      <rtept lat="48.787297" lon="-121.611193">
         <ele>1450</ele>
      </rtept>
      <rtept lat="48.787318" lon="-121.611167">
         <ele>1460</ele>
      </rtept>
      <rtept lat="48.787342" lon="-121.611151">
         <ele>1460</ele>
      </rtept>
      <rtept lat="48.787359" lon="-121.611139">
         <ele>1460</ele>
      </rtept>
      <rtept lat="48.787378" lon="-121.611131">
         <ele>1460</ele>
      </rtept>
      <rtept lat="48.787397" lon="-121.61112">
         <ele>1460</ele>
      </rtept>
      <rtept lat="48.787419" lon="-121.611111">
         <ele>1460</ele>
      </rtept>
      <rtept lat="48.787448" lon="-121.611099">
         <ele>1460</ele>
      </rtept>
      <rtept lat="48.787465" lon="-121.611073">
         <ele>1460</ele>
      </rtept>
      <rtept lat="48.787487" lon="-121.611069">
         <ele>1460</ele>
      </rtept>
      <rtept lat="48.787517" lon="-121.611054">
         <ele>1460</ele>
      </rtept>
      <rtept lat="48.78755" lon="-121.611036">
         <ele>1460</ele>
      </rtept>
      <rtept lat="48.787568" lon="-121.611026">
         <ele>1460</ele>
      </rtept>
      <rtept lat="48.787592" lon="-121.611019">
         <ele>1460</ele>
      </rtept>
      <rtept lat="48.78761" lon="-121.611009">
         <ele>1460</ele>
      </rtept>
      <rtept lat="48.787629" lon="-121.610982">
         <ele>1460</ele>
      </rtept>
      <rtept lat="48.787643" lon="-121.610945">
         <ele>1460</ele>
      </rtept>
      <rtept lat="48.787667" lon="-121.610916">
         <ele>1460</ele>
      </rtept>
      <rtept lat="48.787696" lon="-121.610922">
         <ele>1460</ele>
      </rtept>
      <rtept lat="48.787715" lon="-121.610905">
         <ele>1460</ele>
      </rtept>
      <rtept lat="48.787735" lon="-121.610891">
         <ele>1460</ele>
      </rtept>
      <rtept lat="48.787758" lon="-121.610882">
         <ele>1460</ele>
      </rtept>
      <rtept lat="48.787777" lon="-121.610887">
         <ele>1460</ele>
      </rtept>
      <rtept lat="48.787798" lon="-121.610872">
         <ele>1460</ele>
      </rtept>
      <rtept lat="48.787821" lon="-121.610882">
         <ele>1460</ele>
      </rtept>
      <rtept lat="48.78783" lon="-121.61091">
         <ele>1460</ele>
      </rtept>
      <rtept lat="48.787847" lon="-121.610939">
         <ele>1460</ele>
      </rtept>
      <rtept lat="48.787864" lon="-121.610957">
         <ele>1460</ele>
      </rtept>
      <rtept lat="48.787886" lon="-121.610977">
         <ele>1460</ele>
      </rtept>
      <rtept lat="48.78791" lon="-121.610986">
         <ele>1460</ele>
      </rtept>
      <rtept lat="48.787934" lon="-121.610983">
         <ele>1460</ele>
      </rtept>
      <rtept lat="48.787967" lon="-121.61099">
         <ele>1460</ele>
      </rtept>
      <rtept lat="48.787993" lon="-121.610984">
         <ele>1460</ele>
      </rtept>
      <rtept lat="48.78801" lon="-121.610956">
         <ele>1460</ele>
      </rtept>
      <rtept lat="48.78803" lon="-121.610946">
         <ele>1460</ele>
      </rtept>
      <rtept lat="48.788051" lon="-121.610925">
         <ele>1470</ele>
      </rtept>
      <rtept lat="48.788072" lon="-121.610895">
         <ele>1470</ele>
      </rtept>
      <rtept lat="48.788089" lon="-121.61086">
         <ele>1470</ele>
      </rtept>
      <rtept lat="48.788102" lon="-121.610828">
         <ele>1470</ele>
      </rtept>
      <rtept lat="48.788124" lon="-121.610807">
         <ele>1470</ele>
      </rtept>
      <rtept lat="48.788137" lon="-121.610787">
         <ele>1470</ele>
      </rtept>
      <rtept lat="48.788148" lon="-121.610762">
         <ele>1470</ele>
      </rtept>
      <rtept lat="48.788176" lon="-121.610717">
         <ele>1470</ele>
      </rtept>
      <rtept lat="48.788197" lon="-121.610691">
         <ele>1470</ele>
      </rtept>
      <rtept lat="48.788212" lon="-121.610664">
         <ele>1470</ele>
      </rtept>
      <rtept lat="48.78823" lon="-121.610621">
         <ele>1470</ele>
      </rtept>
      <rtept lat="48.788245" lon="-121.610597">
         <ele>1470</ele>
      </rtept>
      <rtept lat="48.788262" lon="-121.610566">
         <ele>1470</ele>
      </rtept>
      <rtept lat="48.788283" lon="-121.610546">
         <ele>1470</ele>
      </rtept>
      <rtept lat="48.788301" lon="-121.610537">
         <ele>1470</ele>
      </rtept>
      <rtept lat="48.788317" lon="-121.610521">
         <ele>1470</ele>
      </rtept>
      <rtept lat="48.788332" lon="-121.610505">
         <ele>1470</ele>
      </rtept>
      <rtept lat="48.788359" lon="-121.610482">
         <ele>1470</ele>
      </rtept>
      <rtept lat="48.78838" lon="-121.610463">
         <ele>1470</ele>
      </rtept>
      <rtept lat="48.788396" lon="-121.610447">
         <ele>1470</ele>
      </rtept>
      <rtept lat="48.788412" lon="-121.610413">
         <ele>1470</ele>
      </rtept>
      <rtept lat="48.788424" lon="-121.610391">
         <ele>1470</ele>
      </rtept>
      <rtept lat="48.788439" lon="-121.61037">
         <ele>1470</ele>
      </rtept>
      <rtept lat="48.788454" lon="-121.610352">
         <ele>1480</ele>
      </rtept>
      <rtept lat="48.788472" lon="-121.61034">
         <ele>1480</ele>
      </rtept>
      <rtept lat="48.788497" lon="-121.610318">
         <ele>1480</ele>
      </rtept>
      <rtept lat="48.788524" lon="-121.6103">
         <ele>1480</ele>
      </rtept>
      <rtept lat="48.788547" lon="-121.610309">
         <ele>1480</ele>
      </rtept>
      <rtept lat="48.788563" lon="-121.610331">
         <ele>1480</ele>
      </rtept>
      <rtept lat="48.788585" lon="-121.610338">
         <ele>1480</ele>
      </rtept>
      <rtept lat="48.788609" lon="-121.610339">
         <ele>1480</ele>
      </rtept>
      <rtept lat="48.788638" lon="-121.610344">
         <ele>1480</ele>
      </rtept>
      <rtept lat="48.788664" lon="-121.61036">
         <ele>1480</ele>
      </rtept>
      <rtept lat="48.788686" lon="-121.610357">
         <ele>1480</ele>
      </rtept>
      <rtept lat="48.788715" lon="-121.610348">
         <ele>1480</ele>
      </rtept>
      <rtept lat="48.788742" lon="-121.610338">
         <ele>1480</ele>
      </rtept>
      <rtept lat="48.788768" lon="-121.610334">
         <ele>1480</ele>
      </rtept>
      <rtept lat="48.78879" lon="-121.61033">
         <ele>1480</ele>
      </rtept>
      <rtept lat="48.78882" lon="-121.61032">
         <ele>1480</ele>
      </rtept>
      <rtept lat="48.788848" lon="-121.61031">
         <ele>1480</ele>
      </rtept>
      <rtept lat="48.788869" lon="-121.610301">
         <ele>1490</ele>
      </rtept>
      <rtept lat="48.788892" lon="-121.61029">
         <ele>1490</ele>
      </rtept>
      <rtept lat="48.788912" lon="-121.610285">
         <ele>1490</ele>
      </rtept>
      <rtept lat="48.788932" lon="-121.61028">
         <ele>1490</ele>
      </rtept>
      <rtept lat="48.788954" lon="-121.610276">
         <ele>1490</ele>
      </rtept>
      <rtept lat="48.78898" lon="-121.610268">
         <ele>1490</ele>
      </rtept>
      <rtept lat="48.789002" lon="-121.610259">
         <ele>1490</ele>
      </rtept>
      <rtept lat="48.78902" lon="-121.610247">
         <ele>1490</ele>
      </rtept>
      <rtept lat="48.78904" lon="-121.610224">
         <ele>1490</ele>
      </rtept>
      <rtept lat="48.789054" lon="-121.610194">
         <ele>1490</ele>
      </rtept>
      <rtept lat="48.789066" lon="-121.61016">
         <ele>1490</ele>
      </rtept>
      <rtept lat="48.789078" lon="-121.610128">
         <ele>1490</ele>
      </rtept>
      <rtept lat="48.78909" lon="-121.610103">
         <ele>1490</ele>
      </rtept>
      <rtept lat="48.789108" lon="-121.610084">
         <ele>1490</ele>
      </rtept>
      <rtept lat="48.789124" lon="-121.610069">
         <ele>1490</ele>
      </rtept>
      <rtept lat="48.789153" lon="-121.610036">
         <ele>1490</ele>
      </rtept>
      <rtept lat="48.78917" lon="-121.610019">
         <ele>1490</ele>
      </rtept>
      <rtept lat="48.789196" lon="-121.609982">
         <ele>1500</ele>
      </rtept>
      <rtept lat="48.789213" lon="-121.609965">
         <ele>1500</ele>
      </rtept>
      <rtept lat="48.789244" lon="-121.609942">
         <ele>1500</ele>
      </rtept>
      <rtept lat="48.789262" lon="-121.609929">
         <ele>1500</ele>
      </rtept>
      <rtept lat="48.789292" lon="-121.609905">
         <ele>1500</ele>
      </rtept>
      <rtept lat="48.78932" lon="-121.609885">
         <ele>1500</ele>
      </rtept>
      <rtept lat="48.789336" lon="-121.609872">
         <ele>1500</ele>
      </rtept>
      <rtept lat="48.789354" lon="-121.609858">
         <ele>1500</ele>
      </rtept>
      <rtept lat="48.78937" lon="-121.609844">
         <ele>1500</ele>
      </rtept>
      <rtept lat="48.789385" lon="-121.609827">
         <ele>1500</ele>
      </rtept>
      <rtept lat="48.789399" lon="-121.60981">
         <ele>1500</ele>
      </rtept>
      <rtept lat="48.789413" lon="-121.60979">
         <ele>1500</ele>
      </rtept>
      <rtept lat="48.789436" lon="-121.609749">
         <ele>1500</ele>
      </rtept>
      <rtept lat="48.789448" lon="-121.609724">
         <ele>1500</ele>
      </rtept>
      <rtept lat="48.789458" lon="-121.609695">
         <ele>1500</ele>
      </rtept>
      <rtept lat="48.789466" lon="-121.609669">
         <ele>1500</ele>
      </rtept>
      <rtept lat="48.789489" lon="-121.609633">
         <ele>1500</ele>
      </rtept>
      <rtept lat="48.789499" lon="-121.609584">
         <ele>1500</ele>
      </rtept>
      <rtept lat="48.789502" lon="-121.609553">
         <ele>1500</ele>
      </rtept>
      <rtept lat="48.789512" lon="-121.609521">
         <ele>1500</ele>
      </rtept>
      <rtept lat="48.789523" lon="-121.609496">
         <ele>1500</ele>
      </rtept>
      <rtept lat="48.789537" lon="-121.609475">
         <ele>1500</ele>
      </rtept>
      <rtept lat="48.789556" lon="-121.609458">
         <ele>1500</ele>
      </rtept>
      <rtept lat="48.789575" lon="-121.609446">
         <ele>1500</ele>
      </rtept>
      <rtept lat="48.789592" lon="-121.609435">
         <ele>1500</ele>
      </rtept>
      <rtept lat="48.789622" lon="-121.609411">
         <ele>1500</ele>
      </rtept>
      <rtept lat="48.789638" lon="-121.609395">
         <ele>1500</ele>
      </rtept>
      <rtept lat="48.789652" lon="-121.609379">
         <ele>1500</ele>
      </rtept>
      <rtept lat="48.789668" lon="-121.609364">
         <ele>1500</ele>
      </rtept>
      <rtept lat="48.789684" lon="-121.609345">
         <ele>1500</ele>
      </rtept>
      <rtept lat="48.789699" lon="-121.60933">
         <ele>1500</ele>
      </rtept>
      <rtept lat="48.789724" lon="-121.609308">
         <ele>1500</ele>
      </rtept>
      <rtept lat="48.789741" lon="-121.609284">
         <ele>1500</ele>
      </rtept>
      <rtept lat="48.789761" lon="-121.609278">
         <ele>1500</ele>
      </rtept>
      <rtept lat="48.789778" lon="-121.609272">
         <ele>1500</ele>
      </rtept>
      <rtept lat="48.78979" lon="-121.609242">
         <ele>1510</ele>
      </rtept>
      <rtept lat="48.789798" lon="-121.609207">
         <ele>1510</ele>
      </rtept>
      <rtept lat="48.789815" lon="-121.609186">
         <ele>1510</ele>
      </rtept>
      <rtept lat="48.789833" lon="-121.609176">
         <ele>1510</ele>
      </rtept>
      <rtept lat="48.789851" lon="-121.60917">
         <ele>1510</ele>
      </rtept>
      <rtept lat="48.789869" lon="-121.609158">
         <ele>1510</ele>
      </rtept>
      <rtept lat="48.789887" lon="-121.609146">
         <ele>1510</ele>
      </rtept>
      <rtept lat="48.789911" lon="-121.609139">
         <ele>1510</ele>
      </rtept>
      <rtept lat="48.789925" lon="-121.60912">
         <ele>1510</ele>
      </rtept>
      <rtept lat="48.789939" lon="-121.609092">
         <ele>1510</ele>
      </rtept>
      <rtept lat="48.78995" lon="-121.609059">
         <ele>1510</ele>
      </rtept>
      <rtept lat="48.789936" lon="-121.609031">
         <ele>1510</ele>
      </rtept>
      <rtept lat="48.789948" lon="-121.608996">
         <ele>1510</ele>
      </rtept>
      <rtept lat="48.789955" lon="-121.60897">
         <ele>1520</ele>
      </rtept>
      <rtept lat="48.789976" lon="-121.608957">
         <ele>1520</ele>
      </rtept>
      <rtept lat="48.789994" lon="-121.608937">
         <ele>1520</ele>
      </rtept>
      <rtept lat="48.790015" lon="-121.608914">
         <ele>1520</ele>
      </rtept>
      <rtept lat="48.790042" lon="-121.608899">
         <ele>1520</ele>
      </rtept>
      <rtept lat="48.790062" lon="-121.608895">
         <ele>1520</ele>
      </rtept>
      <rtept lat="48.790081" lon="-121.608869">
         <ele>1520</ele>
      </rtept>
      <rtept lat="48.7901" lon="-121.608863">
         <ele>1520</ele>
      </rtept>
      <rtept lat="48.79012" lon="-121.608883">
         <ele>1520</ele>
      </rtept>
      <rtept lat="48.790144" lon="-121.608882">
         <ele>1520</ele>
      </rtept>
      <rtept lat="48.790163" lon="-121.60886">
         <ele>1520</ele>
      </rtept>
      <rtept lat="48.790187" lon="-121.608831">
         <ele>1520</ele>
      </rtept>
      <rtept lat="48.790206" lon="-121.608813">
         <ele>1530</ele>
      </rtept>
      <rtept lat="48.790218" lon="-121.608792">
         <ele>1530</ele>
      </rtept>
      <rtept lat="48.790237" lon="-121.608775">
         <ele>1530</ele>
      </rtept>
      <rtept lat="48.790252" lon="-121.608754">
         <ele>1530</ele>
      </rtept>
      <rtept lat="48.790269" lon="-121.608723">
         <ele>1530</ele>
      </rtept>
      <rtept lat="48.790293" lon="-121.608708">
         <ele>1530</ele>
      </rtept>
      <rtept lat="48.790311" lon="-121.608682">
         <ele>1530</ele>
      </rtept>
      <rtept lat="48.790327" lon="-121.608653">
         <ele>1530</ele>
      </rtept>
      <rtept lat="48.790324" lon="-121.608621">
         <ele>1530</ele>
      </rtept>
      <rtept lat="48.790334" lon="-121.608593">
         <ele>1530</ele>
      </rtept>
      <rtept lat="48.790349" lon="-121.608574">
         <ele>1530</ele>
      </rtept>
      <rtept lat="48.790368" lon="-121.608567">
         <ele>1540</ele>
      </rtept>
      <rtept lat="48.790377" lon="-121.608542">
         <ele>1540</ele>
      </rtept>
      <rtept lat="48.790396" lon="-121.60855">
         <ele>1540</ele>
      </rtept>
      <rtept lat="48.790423" lon="-121.608541">
         <ele>1540</ele>
      </rtept>
      <rtept lat="48.79045" lon="-121.608545">
         <ele>1540</ele>
      </rtept>
      <rtept lat="48.790472" lon="-121.608554">
         <ele>1540</ele>
      </rtept>
      <rtept lat="48.79049" lon="-121.608549">
         <ele>1540</ele>
      </rtept>
      <rtept lat="48.790511" lon="-121.608548">
         <ele>1540</ele>
      </rtept>
      <rtept lat="48.79053" lon="-121.608562">
         <ele>1540</ele>
      </rtept>
      <rtept lat="48.790551" lon="-121.608574">
         <ele>1540</ele>
      </rtept>
      <rtept lat="48.79057" lon="-121.60857">
         <ele>1540</ele>
      </rtept>
      <rtept lat="48.790591" lon="-121.608545">
         <ele>1540</ele>
      </rtept>
      <rtept lat="48.790603" lon="-121.6085">
         <ele>1540</ele>
      </rtept>
      <rtept lat="48.790605" lon="-121.608465">
         <ele>1540</ele>
      </rtept>
      <rtept lat="48.790607" lon="-121.608432">
         <ele>1540</ele>
      </rtept>
      <rtept lat="48.790614" lon="-121.608395">
         <ele>1540</ele>
      </rtept>
      <rtept lat="48.790628" lon="-121.608363">
         <ele>1540</ele>
      </rtept>
      <rtept lat="48.790646" lon="-121.608347">
         <ele>1540</ele>
      </rtept>
      <rtept lat="48.79068" lon="-121.608315">
         <ele>1550</ele>
      </rtept>
      <rtept lat="48.790695" lon="-121.608283">
         <ele>1550</ele>
      </rtept>
      <rtept lat="48.790707" lon="-121.608251">
         <ele>1550</ele>
      </rtept>
      <rtept lat="48.790712" lon="-121.60822">
         <ele>1550</ele>
      </rtept>
      <rtept lat="48.790717" lon="-121.608189">
         <ele>1550</ele>
      </rtept>
      <rtept lat="48.790734" lon="-121.60815">
         <ele>1550</ele>
      </rtept>
      <rtept lat="48.790753" lon="-121.60813">
         <ele>1550</ele>
      </rtept>
      <rtept lat="48.790762" lon="-121.608105">
         <ele>1550</ele>
      </rtept>
      <rtept lat="48.790769" lon="-121.608064">
         <ele>1550</ele>
      </rtept>
      <rtept lat="48.790791" lon="-121.608069">
         <ele>1550</ele>
      </rtept>
      <rtept lat="48.790813" lon="-121.608078">
         <ele>1550</ele>
      </rtept>
      <rtept lat="48.790832" lon="-121.608063">
         <ele>1550</ele>
      </rtept>
      <rtept lat="48.79085" lon="-121.608056">
         <ele>1550</ele>
      </rtept>
      <rtept lat="48.790874" lon="-121.608049">
         <ele>1550</ele>
      </rtept>
      <rtept lat="48.790893" lon="-121.608037">
         <ele>1550</ele>
      </rtept>
      <rtept lat="48.790911" lon="-121.608028">
         <ele>1560</ele>
      </rtept>
      <rtept lat="48.790931" lon="-121.608011">
         <ele>1560</ele>
      </rtept>
      <rtept lat="48.790947" lon="-121.607997">
         <ele>1560</ele>
      </rtept>
      <rtept lat="48.790958" lon="-121.607973">
         <ele>1560</ele>
      </rtept>
      <rtept lat="48.79097" lon="-121.607939">
         <ele>1560</ele>
      </rtept>
      <rtept lat="48.790985" lon="-121.607915">
         <ele>1560</ele>
      </rtept>
      <rtept lat="48.791002" lon="-121.607887">
         <ele>1560</ele>
      </rtept>
      <rtept lat="48.791008" lon="-121.607856">
         <ele>1560</ele>
      </rtept>
      <rtept lat="48.791006" lon="-121.60782">
         <ele>1570</ele>
      </rtept>
      <rtept lat="48.791007" lon="-121.607789">
         <ele>1570</ele>
      </rtept>
      <rtept lat="48.79102" lon="-121.607763">
         <ele>1570</ele>
      </rtept>
      <rtept lat="48.791036" lon="-121.607736">
         <ele>1570</ele>
      </rtept>
      <rtept lat="48.79105" lon="-121.607718">
         <ele>1570</ele>
      </rtept>
      <rtept lat="48.791069" lon="-121.607693">
         <ele>1570</ele>
      </rtept>
      <rtept lat="48.791088" lon="-121.607679">
         <ele>1570</ele>
      </rtept>
      <rtept lat="48.791108" lon="-121.607661">
         <ele>1580</ele>
      </rtept>
      <rtept lat="48.791127" lon="-121.607654">
         <ele>1580</ele>
      </rtept>
      <rtept lat="48.791147" lon="-121.607635">
         <ele>1580</ele>
      </rtept>
      <rtept lat="48.791165" lon="-121.60763">
         <ele>1580</ele>
      </rtept>
      <rtept lat="48.791187" lon="-121.607633">
         <ele>1580</ele>
      </rtept>
      <rtept lat="48.791207" lon="-121.607625">
         <ele>1580</ele>
      </rtept>
      <rtept lat="48.791199" lon="-121.607587">
         <ele>1580</ele>
      </rtept>
      <rtept lat="48.791216" lon="-121.607567">
         <ele>1580</ele>
      </rtept>
      <rtept lat="48.791236" lon="-121.607552">
         <ele>1580</ele>
      </rtept>
      <rtept lat="48.791254" lon="-121.607541">
         <ele>1580</ele>
      </rtept>
      <rtept lat="48.791272" lon="-121.607544">
         <ele>1580</ele>
      </rtept>
      <rtept lat="48.791291" lon="-121.607546">
         <ele>1580</ele>
      </rtept>
      <rtept lat="48.79131" lon="-121.607557">
         <ele>1580</ele>
      </rtept>
      <rtept lat="48.791337" lon="-121.607573">
         <ele>1580</ele>
      </rtept>
      <rtept lat="48.791359" lon="-121.607582">
         <ele>1580</ele>
      </rtept>
      <rtept lat="48.791378" lon="-121.607585">
         <ele>1580</ele>
      </rtept>
      <rtept lat="48.791396" lon="-121.607579">
         <ele>1580</ele>
      </rtept>
      <rtept lat="48.791418" lon="-121.607567">
         <ele>1580</ele>
      </rtept>
      <rtept lat="48.791435" lon="-121.607549">
         <ele>1590</ele>
      </rtept>
      <rtept lat="48.791453" lon="-121.607542">
         <ele>1590</ele>
      </rtept>
      <rtept lat="48.791471" lon="-121.607529">
         <ele>1590</ele>
      </rtept>
      <rtept lat="48.791498" lon="-121.607521">
         <ele>1590</ele>
      </rtept>
      <rtept lat="48.791512" lon="-121.607501">
         <ele>1590</ele>
      </rtept>
      <rtept lat="48.791533" lon="-121.60748">
         <ele>1590</ele>
      </rtept>
      <rtept lat="48.791547" lon="-121.607459">
         <ele>1590</ele>
      </rtept>
      <rtept lat="48.791579" lon="-121.607438">
         <ele>1590</ele>
      </rtept>
      <rtept lat="48.791597" lon="-121.607437">
         <ele>1590</ele>
      </rtept>
      <rtept lat="48.791631" lon="-121.607436">
         <ele>1590</ele>
      </rtept>
      <rtept lat="48.791651" lon="-121.607424">
         <ele>1590</ele>
      </rtept>
      <rtept lat="48.791673" lon="-121.607404">
         <ele>1600</ele>
      </rtept>
      <rtept lat="48.791696" lon="-121.607395">
         <ele>1600</ele>
      </rtept>
      <rtept lat="48.791714" lon="-121.607381">
         <ele>1600</ele>
      </rtept>
      <rtept lat="48.791739" lon="-121.607365">
         <ele>1600</ele>
      </rtept>
      <rtept lat="48.791757" lon="-121.607352">
         <ele>1600</ele>
      </rtept>
      <rtept lat="48.791777" lon="-121.607337">
         <ele>1600</ele>
      </rtept>
      <rtept lat="48.791796" lon="-121.607322">
         <ele>1600</ele>
      </rtept>
      <rtept lat="48.791815" lon="-121.607318">
         <ele>1600</ele>
      </rtept>
      <rtept lat="48.791833" lon="-121.607304">
         <ele>1600</ele>
      </rtept>
      <rtept lat="48.791844" lon="-121.607265">
         <ele>1600</ele>
      </rtept>
      <rtept lat="48.791857" lon="-121.607244">
         <ele>1600</ele>
      </rtept>
      <rtept lat="48.79187" lon="-121.607226">
         <ele>1600</ele>
      </rtept>
      <rtept lat="48.791872" lon="-121.607192">
         <ele>1610</ele>
      </rtept>
      <rtept lat="48.791888" lon="-121.607168">
         <ele>1610</ele>
      </rtept>
      <rtept lat="48.791911" lon="-121.607166">
         <ele>1610</ele>
      </rtept>
      <rtept lat="48.791935" lon="-121.607153">
         <ele>1610</ele>
      </rtept>
      <rtept lat="48.791955" lon="-121.60713">
         <ele>1610</ele>
      </rtept>
      <rtept lat="48.791959" lon="-121.607101">
         <ele>1610</ele>
      </rtept>
      <rtept lat="48.791956" lon="-121.607068">
         <ele>1610</ele>
      </rtept>
      <rtept lat="48.791958" lon="-121.607036">
         <ele>1620</ele>
      </rtept>
      <rtept lat="48.79197" lon="-121.607015">
         <ele>1620</ele>
      </rtept>
      <rtept lat="48.79196" lon="-121.606988">
         <ele>1620</ele>
      </rtept>
      <rtept lat="48.791962" lon="-121.60696">
         <ele>1620</ele>
      </rtept>
      <rtept lat="48.791981" lon="-121.606951">
         <ele>1620</ele>
      </rtept>
      <rtept lat="48.792004" lon="-121.606935">
         <ele>1620</ele>
      </rtept>
      <rtept lat="48.792022" lon="-121.606929">
         <ele>1620</ele>
      </rtept>
      <rtept lat="48.792033" lon="-121.606895">
         <ele>1620</ele>
      </rtept>
      <rtept lat="48.792053" lon="-121.606871">
         <ele>1630</ele>
      </rtept>
      <rtept lat="48.792067" lon="-121.606851">
         <ele>1630</ele>
      </rtept>
      <rtept lat="48.79208" lon="-121.606824">
         <ele>1630</ele>
      </rtept>
      <rtept lat="48.792107" lon="-121.606832">
         <ele>1630</ele>
      </rtept>
      <rtept lat="48.792129" lon="-121.606843">
         <ele>1630</ele>
      </rtept>
      <rtept lat="48.792146" lon="-121.606833">
         <ele>1630</ele>
      </rtept>
      <rtept lat="48.79215" lon="-121.606803">
         <ele>1630</ele>
      </rtept>
      <rtept lat="48.792167" lon="-121.606786">
         <ele>1630</ele>
      </rtept>
      <rtept lat="48.792185" lon="-121.606775">
         <ele>1630</ele>
      </rtept>
      <rtept lat="48.792204" lon="-121.606785">
         <ele>1640</ele>
      </rtept>
      <rtept lat="48.792222" lon="-121.606767">
         <ele>1640</ele>
      </rtept>
      <rtept lat="48.792233" lon="-121.606739">
         <ele>1640</ele>
      </rtept>
      <rtept lat="48.792251" lon="-121.606732">
         <ele>1640</ele>
      </rtept>
      <rtept lat="48.79227" lon="-121.606728">
         <ele>1640</ele>
      </rtept>
      <rtept lat="48.792288" lon="-121.606708">
         <ele>1640</ele>
      </rtept>
      <rtept lat="48.792316" lon="-121.606721">
         <ele>1640</ele>
      </rtept>
      <rtept lat="48.792337" lon="-121.606729">
         <ele>1640</ele>
      </rtept>
      <rtept lat="48.792356" lon="-121.606707">
         <ele>1640</ele>
      </rtept>
      <rtept lat="48.792366" lon="-121.606678">
         <ele>1640</ele>
      </rtept>
      <rtept lat="48.792375" lon="-121.606652">
         <ele>1640</ele>
      </rtept>
      <rtept lat="48.792387" lon="-121.606618">
         <ele>1640</ele>
      </rtept>
      <rtept lat="48.792412" lon="-121.606597">
         <ele>1640</ele>
      </rtept>
      <rtept lat="48.79244" lon="-121.606583">
         <ele>1640</ele>
      </rtept>
      <rtept lat="48.792461" lon="-121.606568">
         <ele>1640</ele>
      </rtept>
      <rtept lat="48.79248" lon="-121.606558">
         <ele>1640</ele>
      </rtept>
      <rtept lat="48.792497" lon="-121.606551">
         <ele>1630</ele>
      </rtept>
      <rtept lat="48.792517" lon="-121.606558">
         <ele>1630</ele>
      </rtept>
      <rtept lat="48.792533" lon="-121.606574">
         <ele>1630</ele>
      </rtept>
      <rtept lat="48.792555" lon="-121.606593">
         <ele>1630</ele>
      </rtept>
      <rtept lat="48.792574" lon="-121.606608">
         <ele>1630</ele>
      </rtept>
      <rtept lat="48.792598" lon="-121.606626">
         <ele>1630</ele>
      </rtept>
      <rtept lat="48.792616" lon="-121.606634">
         <ele>1630</ele>
      </rtept>
      <rtept lat="48.792635" lon="-121.606646">
         <ele>1630</ele>
      </rtept>
      <rtept lat="48.792657" lon="-121.606671">
         <ele>1630</ele>
      </rtept>
      <rtept lat="48.792685" lon="-121.606688">
         <ele>1630</ele>
      </rtept>
      <rtept lat="48.792711" lon="-121.60671">
         <ele>1630</ele>
      </rtept>
      <rtept lat="48.792732" lon="-121.606733">
         <ele>1630</ele>
      </rtept>
      <rtept lat="48.79275" lon="-121.606756">
         <ele>1630</ele>
      </rtept>
      <rtept lat="48.792759" lon="-121.606792">
         <ele>1640</ele>
      </rtept>
      <rtept lat="48.792771" lon="-121.606819">
         <ele>1640</ele>
      </rtept>
      <rtept lat="48.792783" lon="-121.606847">
         <ele>1640</ele>
      </rtept>
      <rtept lat="48.792793" lon="-121.606887">
         <ele>1640</ele>
      </rtept>
      <rtept lat="48.792799" lon="-121.606915">
         <ele>1640</ele>
      </rtept>
      <rtept lat="48.792813" lon="-121.606954">
         <ele>1640</ele>
      </rtept>
      <rtept lat="48.792822" lon="-121.60699">
         <ele>1640</ele>
      </rtept>
      <rtept lat="48.792829" lon="-121.607022">
         <ele>1640</ele>
      </rtept>
      <rtept lat="48.792842" lon="-121.607057">
         <ele>1640</ele>
      </rtept>
      <rtept lat="48.792852" lon="-121.607082">
         <ele>1640</ele>
      </rtept>
      <rtept lat="48.792863" lon="-121.607109">
         <ele>1640</ele>
      </rtept>
      <rtept lat="48.792874" lon="-121.60714">
         <ele>1640</ele>
      </rtept>
      <rtept lat="48.792886" lon="-121.607173">
         <ele>1640</ele>
      </rtept>
      <rtept lat="48.792894" lon="-121.607201">
         <ele>1650</ele>
      </rtept>
      <rtept lat="48.792909" lon="-121.607235">
         <ele>1650</ele>
      </rtept>
      <rtept lat="48.792922" lon="-121.607269">
         <ele>1650</ele>
      </rtept>
      <rtept lat="48.792946" lon="-121.607299">
         <ele>1650</ele>
      </rtept>
      <rtept lat="48.792966" lon="-121.60731">
         <ele>1650</ele>
      </rtept>
      <rtept lat="48.793001" lon="-121.607328">
         <ele>1650</ele>
      </rtept>
      <rtept lat="48.79302" lon="-121.607333">
         <ele>1650</ele>
      </rtept>
      <rtept lat="48.793039" lon="-121.607334">
         <ele>1650</ele>
      </rtept>
      <rtept lat="48.793059" lon="-121.607325">
         <ele>1650</ele>
      </rtept>
      <rtept lat="48.793077" lon="-121.607316">
         <ele>1650</ele>
      </rtept>
      <rtept lat="48.793094" lon="-121.607301">
         <ele>1650</ele>
      </rtept>
      <rtept lat="48.79311" lon="-121.607283">
         <ele>1650</ele>
      </rtept>
      <rtept lat="48.793129" lon="-121.607273">
         <ele>1650</ele>
      </rtept>
      <rtept lat="48.79316" lon="-121.607248">
         <ele>1650</ele>
      </rtept>
      <rtept lat="48.793178" lon="-121.60723">
         <ele>1650</ele>
      </rtept>
      <rtept lat="48.793205" lon="-121.607222">
         <ele>1650</ele>
      </rtept>
      <rtept lat="48.79324" lon="-121.607218">
         <ele>1650</ele>
      </rtept>
      <rtept lat="48.793259" lon="-121.607214">
         <ele>1650</ele>
      </rtept>
      <rtept lat="48.793291" lon="-121.607199">
         <ele>1650</ele>
      </rtept>
      <rtept lat="48.79332" lon="-121.60719">
         <ele>1650</ele>
      </rtept>
      <rtept lat="48.793346" lon="-121.607172">
         <ele>1650</ele>
      </rtept>
      <rtept lat="48.793378" lon="-121.607152">
         <ele>1650</ele>
      </rtept>
      <rtept lat="48.793397" lon="-121.607141">
         <ele>1650</ele>
      </rtept>
      <rtept lat="48.793415" lon="-121.607132">
         <ele>1650</ele>
      </rtept>
      <rtept lat="48.793443" lon="-121.607115">
         <ele>1650</ele>
      </rtept>
      <rtept lat="48.793461" lon="-121.607109">
         <ele>1650</ele>
      </rtept>
      <rtept lat="48.793487" lon="-121.607093">
         <ele>1650</ele>
      </rtept>
      <rtept lat="48.793512" lon="-121.607071">
         <ele>1650</ele>
      </rtept>
      <rtept lat="48.793536" lon="-121.607041">
         <ele>1650</ele>
      </rtept>
      <rtept lat="48.793553" lon="-121.607004">
         <ele>1650</ele>
      </rtept>
      <rtept lat="48.793572" lon="-121.606959">
         <ele>1650</ele>
      </rtept>
      <rtept lat="48.793588" lon="-121.606931">
         <ele>1660</ele>
      </rtept>
      <rtept lat="48.793605" lon="-121.606913">
         <ele>1660</ele>
      </rtept>
      <rtept lat="48.793611" lon="-121.606887">
         <ele>1660</ele>
      </rtept>
      <rtept lat="48.793623" lon="-121.606865">
         <ele>1660</ele>
      </rtept>
      <rtept lat="48.793635" lon="-121.60683">
         <ele>1660</ele>
      </rtept>
      <rtept lat="48.793652" lon="-121.606802">
         <ele>1660</ele>
      </rtept>
      <rtept lat="48.793663" lon="-121.606773">
         <ele>1660</ele>
      </rtept>
      <rtept lat="48.793671" lon="-121.606747">
         <ele>1660</ele>
      </rtept>
      <rtept lat="48.793676" lon="-121.606717">
         <ele>1660</ele>
      </rtept>
      <rtept lat="48.793689" lon="-121.606689">
         <ele>1660</ele>
      </rtept>
      <rtept lat="48.793711" lon="-121.606661">
         <ele>1660</ele>
      </rtept>
      <rtept lat="48.793727" lon="-121.606629">
         <ele>1660</ele>
      </rtept>
      <rtept lat="48.793729" lon="-121.606588">
         <ele>1660</ele>
      </rtept>
      <rtept lat="48.793739" lon="-121.606552">
         <ele>1660</ele>
      </rtept>
      <rtept lat="48.793755" lon="-121.606533">
         <ele>1660</ele>
      </rtept>
      <rtept lat="48.793775" lon="-121.606518">
         <ele>1660</ele>
      </rtept>
      <rtept lat="48.793786" lon="-121.606496">
         <ele>1660</ele>
      </rtept>
      <rtept lat="48.793798" lon="-121.606466">
         <ele>1670</ele>
      </rtept>
      <rtept lat="48.793816" lon="-121.606435">
         <ele>1670</ele>
      </rtept>
      <rtept lat="48.793838" lon="-121.606409">
         <ele>1670</ele>
      </rtept>
      <rtept lat="48.793855" lon="-121.606379">
         <ele>1670</ele>
      </rtept>
      <rtept lat="48.793874" lon="-121.60637">
         <ele>1670</ele>
      </rtept>
      <rtept lat="48.793891" lon="-121.606359">
         <ele>1670</ele>
      </rtept>
      <rtept lat="48.793908" lon="-121.606343">
         <ele>1670</ele>
      </rtept>
      <rtept lat="48.793925" lon="-121.606319">
         <ele>1670</ele>
      </rtept>
      <rtept lat="48.793944" lon="-121.606295">
         <ele>1670</ele>
      </rtept>
      <rtept lat="48.793964" lon="-121.606277">
         <ele>1670</ele>
      </rtept>
      <rtept lat="48.793975" lon="-121.606253">
         <ele>1670</ele>
      </rtept>
      <rtept lat="48.793987" lon="-121.606214">
         <ele>1670</ele>
      </rtept>
      <rtept lat="48.79401" lon="-121.606202">
         <ele>1670</ele>
      </rtept>
      <rtept lat="48.794028" lon="-121.606191">
         <ele>1670</ele>
      </rtept>
      <rtept lat="48.794066" lon="-121.606141">
         <ele>1680</ele>
      </rtept>
      <rtept lat="48.79408" lon="-121.60611">
         <ele>1680</ele>
      </rtept>
      <rtept lat="48.794094" lon="-121.60608">
         <ele>1680</ele>
      </rtept>
      <rtept lat="48.794093" lon="-121.606053">
         <ele>1680</ele>
      </rtept>
      <rtept lat="48.794088" lon="-121.606014">
         <ele>1680</ele>
      </rtept>
      <rtept lat="48.794085" lon="-121.605983">
         <ele>1680</ele>
      </rtept>
      <rtept lat="48.794089" lon="-121.60595">
         <ele>1670</ele>
      </rtept>
      <rtept lat="48.7941" lon="-121.605918">
         <ele>1670</ele>
      </rtept>
      <rtept lat="48.794111" lon="-121.605889">
         <ele>1670</ele>
      </rtept>
      <rtept lat="48.794121" lon="-121.605865">
         <ele>1670</ele>
      </rtept>
      <rtept lat="48.794132" lon="-121.605829">
         <ele>1680</ele>
      </rtept>
      <rtept lat="48.794147" lon="-121.605796">
         <ele>1680</ele>
      </rtept>
      <rtept lat="48.794172" lon="-121.605798">
         <ele>1680</ele>
      </rtept>
      <rtept lat="48.794197" lon="-121.605783">
         <ele>1680</ele>
      </rtept>
      <rtept lat="48.794204" lon="-121.60575">
         <ele>1680</ele>
      </rtept>
      <rtept lat="48.794221" lon="-121.605716">
         <ele>1680</ele>
      </rtept>
      <rtept lat="48.794246" lon="-121.605699">
         <ele>1680</ele>
      </rtept>
      <rtept lat="48.794278" lon="-121.60569">
         <ele>1690</ele>
      </rtept>
      <rtept lat="48.794293" lon="-121.605672">
         <ele>1690</ele>
      </rtept>
      <rtept lat="48.794317" lon="-121.605661">
         <ele>1690</ele>
      </rtept>
      <rtept lat="48.794342" lon="-121.605651">
         <ele>1690</ele>
      </rtept>
      <rtept lat="48.794366" lon="-121.605579">
         <ele>1690</ele>
      </rtept>
      <rtept lat="48.794395" lon="-121.605568">
         <ele>1690</ele>
      </rtept>
      <rtept lat="48.794417" lon="-121.605549">
         <ele>1690</ele>
      </rtept>
      <rtept lat="48.794428" lon="-121.605517">
         <ele>1690</ele>
      </rtept>
      <rtept lat="48.794438" lon="-121.60549">
         <ele>1690</ele>
      </rtept>
      <rtept lat="48.794455" lon="-121.60548">
         <ele>1690</ele>
      </rtept>
      <rtept lat="48.794475" lon="-121.605478">
         <ele>1690</ele>
      </rtept>
      <rtept lat="48.794492" lon="-121.605459">
         <ele>1690</ele>
      </rtept>
      <rtept lat="48.794511" lon="-121.605459">
         <ele>1690</ele>
      </rtept>
      <rtept lat="48.794531" lon="-121.605461">
         <ele>1700</ele>
      </rtept>
      <rtept lat="48.794552" lon="-121.605456">
         <ele>1700</ele>
      </rtept>
      <rtept lat="48.794568" lon="-121.605445">
         <ele>1700</ele>
      </rtept>
      <rtept lat="48.794588" lon="-121.605426">
         <ele>1700</ele>
      </rtept>
      <rtept lat="48.794607" lon="-121.605434">
         <ele>1700</ele>
      </rtept>
      <rtept lat="48.794618" lon="-121.605408">
         <ele>1700</ele>
      </rtept>
      <rtept lat="48.79463" lon="-121.605381">
         <ele>1700</ele>
      </rtept>
      <rtept lat="48.794649" lon="-121.60537">
         <ele>1700</ele>
      </rtept>
      <rtept lat="48.794665" lon="-121.605353">
         <ele>1700</ele>
      </rtept>
      <rtept lat="48.794686" lon="-121.605345">
         <ele>1700</ele>
      </rtept>
      <rtept lat="48.794706" lon="-121.605356">
         <ele>1700</ele>
      </rtept>
      <rtept lat="48.794726" lon="-121.605364">
         <ele>1700</ele>
      </rtept>
      <rtept lat="48.794746" lon="-121.605355">
         <ele>1700</ele>
      </rtept>
      <rtept lat="48.794772" lon="-121.605373">
         <ele>1700</ele>
      </rtept>
      <rtept lat="48.794786" lon="-121.605394">
         <ele>1700</ele>
      </rtept>
      <rtept lat="48.794816" lon="-121.605402">
         <ele>1700</ele>
      </rtept>
      <rtept lat="48.794848" lon="-121.605422">
         <ele>1700</ele>
      </rtept>
      <rtept lat="48.79488" lon="-121.605441">
         <ele>1700</ele>
      </rtept>
      <rtept lat="48.794911" lon="-121.60546">
         <ele>1690</ele>
      </rtept>
      <rtept lat="48.794928" lon="-121.605474">
         <ele>1690</ele>
      </rtept>
      <rtept lat="48.794942" lon="-121.605492">
         <ele>1690</ele>
      </rtept>
      <rtept lat="48.794968" lon="-121.605524">
         <ele>1690</ele>
      </rtept>
      <rtept lat="48.794994" lon="-121.605546">
         <ele>1690</ele>
      </rtept>
      <rtept lat="48.795016" lon="-121.605565">
         <ele>1690</ele>
      </rtept>
      <rtept lat="48.795038" lon="-121.605571">
         <ele>1700</ele>
      </rtept>
      <rtept lat="48.795058" lon="-121.605559">
         <ele>1700</ele>
      </rtept>
      <rtept lat="48.795083" lon="-121.605539">
         <ele>1700</ele>
      </rtept>
      <rtept lat="48.795105" lon="-121.605531">
         <ele>1700</ele>
      </rtept>
      <rtept lat="48.795122" lon="-121.605516">
         <ele>1700</ele>
      </rtept>
      <rtept lat="48.795154" lon="-121.605498">
         <ele>1700</ele>
      </rtept>
      <rtept lat="48.795172" lon="-121.605505">
         <ele>1700</ele>
      </rtept>
      <rtept lat="48.795192" lon="-121.605532">
         <ele>1700</ele>
      </rtept>
      <rtept lat="48.79521" lon="-121.605556">
         <ele>1700</ele>
      </rtept>
      <rtept lat="48.795226" lon="-121.605575">
         <ele>1700</ele>
      </rtept>
      <rtept lat="48.795244" lon="-121.605579">
         <ele>1700</ele>
      </rtept>
      <rtept lat="48.795266" lon="-121.605553">
         <ele>1700</ele>
      </rtept>
      <rtept lat="48.795284" lon="-121.605525">
         <ele>1700</ele>
      </rtept>
      <rtept lat="48.795302" lon="-121.605515">
         <ele>1700</ele>
      </rtept>
      <rtept lat="48.795326" lon="-121.605526">
         <ele>1700</ele>
      </rtept>
      <rtept lat="48.795344" lon="-121.605545">
         <ele>1700</ele>
      </rtept>
      <rtept lat="48.795367" lon="-121.605539">
         <ele>1710</ele>
      </rtept>
      <rtept lat="48.795394" lon="-121.605531">
         <ele>1710</ele>
      </rtept>
      <rtept lat="48.79542" lon="-121.605524">
         <ele>1710</ele>
      </rtept>
      <rtept lat="48.795448" lon="-121.605535">
         <ele>1710</ele>
      </rtept>
      <rtept lat="48.795474" lon="-121.605544">
         <ele>1710</ele>
      </rtept>
      <rtept lat="48.795504" lon="-121.605541">
         <ele>1710</ele>
      </rtept>
      <rtept lat="48.795523" lon="-121.605543">
         <ele>1710</ele>
      </rtept>
      <rtept lat="48.795542" lon="-121.605548">
         <ele>1710</ele>
      </rtept>
      <rtept lat="48.795561" lon="-121.605551">
         <ele>1710</ele>
      </rtept>
      <rtept lat="48.795592" lon="-121.605546">
         <ele>1710</ele>
      </rtept>
      <rtept lat="48.79562" lon="-121.605537">
         <ele>1710</ele>
      </rtept>
      <rtept lat="48.79565" lon="-121.605533">
         <ele>1710</ele>
      </rtept>
      <rtept lat="48.795682" lon="-121.605541">
         <ele>1710</ele>
      </rtept>
      <rtept lat="48.79571" lon="-121.605562">
         <ele>1710</ele>
      </rtept>
      <rtept lat="48.795735" lon="-121.605586">
         <ele>1710</ele>
      </rtept>
      <rtept lat="48.795769" lon="-121.605603">
         <ele>1710</ele>
      </rtept>
      <rtept lat="48.795797" lon="-121.605612">
         <ele>1710</ele>
      </rtept>
      <rtept lat="48.795828" lon="-121.605605">
         <ele>1710</ele>
      </rtept>
      <rtept lat="48.795854" lon="-121.605622">
         <ele>1710</ele>
      </rtept>
      <rtept lat="48.795888" lon="-121.605646">
         <ele>1710</ele>
      </rtept>
      <rtept lat="48.795919" lon="-121.605641">
         <ele>1720</ele>
      </rtept>
      <rtept lat="48.795949" lon="-121.605627">
         <ele>1720</ele>
      </rtept>
      <rtept lat="48.795977" lon="-121.605606">
         <ele>1720</ele>
      </rtept>
      <rtept lat="48.795993" lon="-121.605592">
         <ele>1720</ele>
      </rtept>
      <rtept lat="48.796023" lon="-121.605591">
         <ele>1720</ele>
      </rtept>
      <rtept lat="48.796041" lon="-121.605585">
         <ele>1720</ele>
      </rtept>
      <rtept lat="48.796058" lon="-121.605574">
         <ele>1720</ele>
      </rtept>
      <rtept lat="48.796078" lon="-121.605559">
         <ele>1720</ele>
      </rtept>
      <rtept lat="48.796106" lon="-121.60553">
         <ele>1720</ele>
      </rtept>
      <rtept lat="48.796128" lon="-121.605498">
         <ele>1720</ele>
      </rtept>
      <rtept lat="48.796145" lon="-121.605465">
         <ele>1720</ele>
      </rtept>
      <rtept lat="48.796164" lon="-121.605438">
         <ele>1720</ele>
      </rtept>
      <rtept lat="48.796172" lon="-121.605407">
         <ele>1720</ele>
      </rtept>
      <rtept lat="48.796184" lon="-121.605373">
         <ele>1720</ele>
      </rtept>
      <rtept lat="48.7962" lon="-121.605335">
         <ele>1720</ele>
      </rtept>
      <rtept lat="48.796224" lon="-121.605307">
         <ele>1720</ele>
      </rtept>
      <rtept lat="48.79625" lon="-121.605278">
         <ele>1720</ele>
      </rtept>
      <rtept lat="48.79629" lon="-121.605274">
         <ele>1720</ele>
      </rtept>
      <rtept lat="48.796315" lon="-121.605285">
         <ele>1720</ele>
      </rtept>
      <rtept lat="48.796336" lon="-121.605289">
         <ele>1720</ele>
      </rtept>
      <rtept lat="48.796363" lon="-121.605271">
         <ele>1720</ele>
      </rtept>
      <rtept lat="48.796375" lon="-121.605249">
         <ele>1720</ele>
      </rtept>
      <rtept lat="48.796392" lon="-121.605235">
         <ele>1720</ele>
      </rtept>
      <rtept lat="48.796418" lon="-121.605245">
         <ele>1730</ele>
      </rtept>
      <rtept lat="48.796442" lon="-121.605252">
         <ele>1730</ele>
      </rtept>
      <rtept lat="48.796468" lon="-121.605268">
         <ele>1730</ele>
      </rtept>
      <rtept lat="48.796488" lon="-121.605284">
         <ele>1730</ele>
      </rtept>
      <rtept lat="48.79652" lon="-121.605278">
         <ele>1730</ele>
      </rtept>
      <rtept lat="48.796547" lon="-121.605265">
         <ele>1730</ele>
      </rtept>
      <rtept lat="48.796582" lon="-121.605254">
         <ele>1730</ele>
      </rtept>
      <rtept lat="48.79661" lon="-121.605237">
         <ele>1730</ele>
      </rtept>
      <rtept lat="48.796642" lon="-121.605243">
         <ele>1730</ele>
      </rtept>
      <rtept lat="48.796742" lon="-121.605212">
         <ele>1730</ele>
      </rtept>
      <rtept lat="48.796809" lon="-121.605226">
         <ele>1730</ele>
      </rtept>
      <rtept lat="48.796871" lon="-121.605205">
         <ele>1730</ele>
      </rtept>
      <rtept lat="48.796918" lon="-121.605204">
         <ele>1740</ele>
      </rtept>
      <rtept lat="48.796964" lon="-121.605193">
         <ele>1740</ele>
      </rtept>
      <rtept lat="48.796986" lon="-121.605189">
         <ele>1740</ele>
      </rtept>
      <rtept lat="48.797018" lon="-121.60519">
         <ele>1740</ele>
      </rtept>
      <rtept lat="48.797042" lon="-121.605177">
         <ele>1740</ele>
      </rtept>
      <rtept lat="48.797082" lon="-121.605154">
         <ele>1740</ele>
      </rtept>
      <rtept lat="48.797099" lon="-121.605138">
         <ele>1740</ele>
      </rtept>
      <rtept lat="48.797122" lon="-121.605088">
         <ele>1740</ele>
      </rtept>
      <rtept lat="48.797157" lon="-121.605068">
         <ele>1740</ele>
      </rtept>
      <rtept lat="48.797189" lon="-121.605059">
         <ele>1740</ele>
      </rtept>
      <rtept lat="48.797257" lon="-121.604995">
         <ele>1750</ele>
      </rtept>
      <rtept lat="48.797296" lon="-121.604994">
         <ele>1750</ele>
      </rtept>
      <rtept lat="48.797317" lon="-121.605008">
         <ele>1750</ele>
      </rtept>
      <rtept lat="48.797343" lon="-121.604994">
         <ele>1750</ele>
      </rtept>
      <rtept lat="48.797365" lon="-121.604979">
         <ele>1750</ele>
      </rtept>
      <rtept lat="48.797387" lon="-121.604981">
         <ele>1750</ele>
      </rtept>
      <rtept lat="48.797406" lon="-121.604972">
         <ele>1750</ele>
      </rtept>
      <rtept lat="48.797428" lon="-121.604981">
         <ele>1750</ele>
      </rtept>
      <rtept lat="48.797449" lon="-121.604966">
         <ele>1750</ele>
      </rtept>
      <rtept lat="48.79748" lon="-121.604957">
         <ele>1760</ele>
      </rtept>
      <rtept lat="48.797501" lon="-121.60495">
         <ele>1760</ele>
      </rtept>
      <rtept lat="48.797521" lon="-121.604942">
         <ele>1760</ele>
      </rtept>
      <rtept lat="48.797542" lon="-121.604934">
         <ele>1760</ele>
      </rtept>
      <rtept lat="48.797549" lon="-121.604896">
         <ele>1760</ele>
      </rtept>
      <rtept lat="48.797571" lon="-121.604888">
         <ele>1760</ele>
      </rtept>
      <rtept lat="48.797586" lon="-121.604872">
         <ele>1760</ele>
      </rtept>
      <rtept lat="48.797605" lon="-121.60485">
         <ele>1760</ele>
      </rtept>
      <rtept lat="48.79763" lon="-121.604852">
         <ele>1760</ele>
      </rtept>
      <rtept lat="48.797651" lon="-121.604866">
         <ele>1760</ele>
      </rtept>
      <rtept lat="48.797677" lon="-121.604872">
         <ele>1760</ele>
      </rtept>
      <rtept lat="48.797696" lon="-121.604858">
         <ele>1760</ele>
      </rtept>
      <rtept lat="48.797718" lon="-121.604864">
         <ele>1760</ele>
      </rtept>
      <rtept lat="48.797743" lon="-121.60486">
         <ele>1760</ele>
      </rtept>
      <rtept lat="48.797767" lon="-121.604838">
         <ele>1760</ele>
      </rtept>
      <rtept lat="48.797792" lon="-121.604822">
         <ele>1760</ele>
      </rtept>
      <rtept lat="48.797814" lon="-121.604832">
         <ele>1770</ele>
      </rtept>
      <rtept lat="48.797829" lon="-121.604852">
         <ele>1770</ele>
      </rtept>
      <rtept lat="48.797864" lon="-121.604848">
         <ele>1770</ele>
      </rtept>
      <rtept lat="48.797883" lon="-121.60483">
         <ele>1770</ele>
      </rtept>
      <rtept lat="48.797903" lon="-121.60481">
         <ele>1770</ele>
      </rtept>
      <rtept lat="48.797922" lon="-121.60479">
         <ele>1770</ele>
      </rtept>
      <rtept lat="48.797939" lon="-121.604776">
         <ele>1770</ele>
      </rtept>
      <rtept lat="48.79796" lon="-121.604758">
         <ele>1770</ele>
      </rtept>
      <rtept lat="48.797986" lon="-121.604738">
         <ele>1770</ele>
      </rtept>
      <rtept lat="48.798017" lon="-121.60472">
         <ele>1770</ele>
      </rtept>
      <rtept lat="48.79805" lon="-121.6047">
         <ele>1770</ele>
      </rtept>
      <rtept lat="48.798081" lon="-121.604682">
         <ele>1770</ele>
      </rtept>
      <rtept lat="48.7981" lon="-121.604668">
         <ele>1770</ele>
      </rtept>
      <rtept lat="48.798116" lon="-121.604654">
         <ele>1770</ele>
      </rtept>
      <rtept lat="48.798132" lon="-121.604638">
         <ele>1770</ele>
      </rtept>
      <rtept lat="48.798149" lon="-121.60461">
         <ele>1770</ele>
      </rtept>
      <rtept lat="48.798173" lon="-121.604586">
         <ele>1770</ele>
      </rtept>
      <rtept lat="48.798197" lon="-121.604567">
         <ele>1770</ele>
      </rtept>
      <rtept lat="48.79822" lon="-121.604577">
         <ele>1770</ele>
      </rtept>
      <rtept lat="48.79824" lon="-121.604592">
         <ele>1770</ele>
      </rtept>
      <rtept lat="48.798267" lon="-121.604588">
         <ele>1780</ele>
      </rtept>
      <rtept lat="48.798288" lon="-121.604572">
         <ele>1780</ele>
      </rtept>
      <rtept lat="48.798319" lon="-121.60455">
         <ele>1780</ele>
      </rtept>
      <rtept lat="48.79834" lon="-121.604538">
         <ele>1780</ele>
      </rtept>
      <rtept lat="48.79836" lon="-121.604535">
         <ele>1780</ele>
      </rtept>
      <rtept lat="48.798395" lon="-121.604526">
         <ele>1780</ele>
      </rtept>
      <rtept lat="48.798419" lon="-121.604508">
         <ele>1780</ele>
      </rtept>
      <rtept lat="48.798434" lon="-121.604475">
         <ele>1780</ele>
      </rtept>
      <rtept lat="48.798452" lon="-121.604452">
         <ele>1780</ele>
      </rtept>
      <rtept lat="48.798465" lon="-121.604431">
         <ele>1780</ele>
      </rtept>
      <rtept lat="48.798478" lon="-121.604409">
         <ele>1780</ele>
      </rtept>
      <rtept lat="48.798486" lon="-121.60438">
         <ele>1780</ele>
      </rtept>
      <rtept lat="48.7985" lon="-121.604357">
         <ele>1780</ele>
      </rtept>
      <rtept lat="48.798513" lon="-121.604331">
         <ele>1780</ele>
      </rtept>
      <rtept lat="48.798532" lon="-121.604324">
         <ele>1780</ele>
      </rtept>
      <rtept lat="48.798559" lon="-121.604294">
         <ele>1780</ele>
      </rtept>
      <rtept lat="48.798582" lon="-121.604286">
         <ele>1780</ele>
      </rtept>
      <rtept lat="48.798601" lon="-121.604296">
         <ele>1780</ele>
      </rtept>
      <rtept lat="48.798621" lon="-121.604308">
         <ele>1780</ele>
      </rtept>
      <rtept lat="48.798634" lon="-121.60433">
         <ele>1790</ele>
      </rtept>
      <rtept lat="48.798649" lon="-121.604356">
         <ele>1790</ele>
      </rtept>
      <rtept lat="48.798671" lon="-121.604364">
         <ele>1790</ele>
      </rtept>
      <rtept lat="48.798691" lon="-121.604378">
         <ele>1790</ele>
      </rtept>
      <rtept lat="48.7987" lon="-121.604404">
         <ele>1790</ele>
      </rtept>
      <rtept lat="48.798724" lon="-121.604406">
         <ele>1790</ele>
      </rtept>
      <rtept lat="48.798734" lon="-121.604434">
         <ele>1790</ele>
      </rtept>
      <rtept lat="48.79875" lon="-121.604454">
         <ele>1790</ele>
      </rtept>
      <rtept lat="48.798766" lon="-121.604478">
         <ele>1790</ele>
      </rtept>
      <rtept lat="48.79878" lon="-121.604516">
         <ele>1800</ele>
      </rtept>
      <rtept lat="48.798791" lon="-121.604538">
         <ele>1800</ele>
      </rtept>
      <rtept lat="48.798804" lon="-121.604559">
         <ele>1800</ele>
      </rtept>
      <rtept lat="48.798824" lon="-121.604576">
         <ele>1800</ele>
      </rtept>
      <rtept lat="48.798842" lon="-121.604562">
         <ele>1800</ele>
      </rtept>
      <rtept lat="48.798867" lon="-121.604559">
         <ele>1800</ele>
      </rtept>
      <rtept lat="48.798886" lon="-121.604574">
         <ele>1800</ele>
      </rtept>
      <rtept lat="48.798888" lon="-121.604603">
         <ele>1800</ele>
      </rtept>
      <rtept lat="48.798906" lon="-121.604625">
         <ele>1800</ele>
      </rtept>
      <rtept lat="48.798928" lon="-121.604643">
         <ele>1800</ele>
      </rtept>
      <rtept lat="48.798949" lon="-121.604646">
         <ele>1800</ele>
      </rtept>
      <rtept lat="48.798969" lon="-121.604643">
         <ele>1810</ele>
      </rtept>
      <rtept lat="48.798988" lon="-121.604661">
         <ele>1810</ele>
      </rtept>
      <rtept lat="48.799006" lon="-121.604679">
         <ele>1810</ele>
      </rtept>
      <rtept lat="48.799029" lon="-121.604681">
         <ele>1810</ele>
      </rtept>
      <rtept lat="48.79905" lon="-121.604697">
         <ele>1810</ele>
      </rtept>
      <rtept lat="48.799065" lon="-121.604729">
         <ele>1810</ele>
      </rtept>
      <rtept lat="48.799076" lon="-121.604755">
         <ele>1810</ele>
      </rtept>
      <rtept lat="48.799087" lon="-121.604778">
         <ele>1810</ele>
      </rtept>
      <rtept lat="48.799108" lon="-121.604796">
         <ele>1820</ele>
      </rtept>
      <rtept lat="48.79913" lon="-121.604808">
         <ele>1820</ele>
      </rtept>
      <rtept lat="48.799145" lon="-121.604823">
         <ele>1820</ele>
      </rtept>
      <rtept lat="48.799167" lon="-121.604836">
         <ele>1820</ele>
      </rtept>
      <rtept lat="48.799183" lon="-121.60485">
         <ele>1820</ele>
      </rtept>
      <rtept lat="48.799203" lon="-121.60487">
         <ele>1820</ele>
      </rtept>
      <rtept lat="48.799222" lon="-121.604894">
         <ele>1820</ele>
      </rtept>
      <rtept lat="48.799234" lon="-121.604918">
         <ele>1820</ele>
      </rtept>
      <rtept lat="48.799248" lon="-121.604942">
         <ele>1820</ele>
      </rtept>
      <rtept lat="48.799268" lon="-121.604962">
         <ele>1830</ele>
      </rtept>
      <rtept lat="48.799282" lon="-121.604982">
         <ele>1830</ele>
      </rtept>
      <rtept lat="48.79931" lon="-121.604984">
         <ele>1830</ele>
      </rtept>
      <rtept lat="48.799336" lon="-121.604988">
         <ele>1830</ele>
      </rtept>
      <rtept lat="48.799353" lon="-121.604998">
         <ele>1830</ele>
      </rtept>
      <rtept lat="48.79937" lon="-121.605018">
         <ele>1830</ele>
      </rtept>
      <rtept lat="48.799378" lon="-121.605046">
         <ele>1830</ele>
      </rtept>
      <rtept lat="48.799385" lon="-121.60508">
         <ele>1830</ele>
      </rtept>
      <rtept lat="48.7994" lon="-121.605106">
         <ele>1830</ele>
      </rtept>
      <rtept lat="48.799413" lon="-121.605126">
         <ele>1830</ele>
      </rtept>
      <rtept lat="48.799427" lon="-121.605148">
         <ele>1830</ele>
      </rtept>
      <rtept lat="48.799444" lon="-121.60516">
         <ele>1840</ele>
      </rtept>
      <rtept lat="48.799468" lon="-121.605166">
         <ele>1840</ele>
      </rtept>
      <rtept lat="48.799492" lon="-121.60517">
         <ele>1840</ele>
      </rtept>
      <rtept lat="48.799511" lon="-121.605189">
         <ele>1840</ele>
      </rtept>
      <rtept lat="48.799536" lon="-121.605206">
         <ele>1840</ele>
      </rtept>
      <rtept lat="48.799564" lon="-121.605216">
         <ele>1840</ele>
      </rtept>
      <rtept lat="48.799595" lon="-121.605294">
         <ele>1840</ele>
      </rtept>
      <rtept lat="48.799617" lon="-121.605318">
         <ele>1840</ele>
      </rtept>
      <rtept lat="48.799627" lon="-121.605344">
         <ele>1840</ele>
      </rtept>
      <rtept lat="48.799607" lon="-121.605352">
         <ele>1840</ele>
      </rtept>
      <rtept lat="48.799596" lon="-121.60533">
         <ele>1840</ele>
      </rtept>
      <rtept lat="48.799609" lon="-121.605286">
         <ele>1840</ele>
      </rtept>
      <rtept lat="48.799595" lon="-121.605306">
         <ele>1840</ele>
      </rtept>
      <rtept lat="48.799614" lon="-121.605319">
         <ele>1840</ele>
      </rtept>
      <rtept lat="48.79963" lon="-121.605349">
         <ele>1840</ele>
      </rtept>
      <rtept lat="48.799637" lon="-121.605378">
         <ele>1840</ele>
      </rtept>
      <rtept lat="48.799641" lon="-121.605413">
         <ele>1840</ele>
      </rtept>
      <rtept lat="48.799653" lon="-121.605442">
         <ele>1840</ele>
      </rtept>
      <rtept lat="48.799671" lon="-121.605476">
         <ele>1840</ele>
      </rtept>
      <rtept lat="48.799688" lon="-121.605517">
         <ele>1840</ele>
      </rtept>
      <rtept lat="48.799713" lon="-121.605547">
         <ele>1840</ele>
      </rtept>
      <rtept lat="48.799722" lon="-121.605584">
         <ele>1850</ele>
      </rtept>
      <rtept lat="48.799733" lon="-121.605621">
         <ele>1850</ele>
      </rtept>
      <rtept lat="48.799741" lon="-121.605649">
         <ele>1850</ele>
      </rtept>
      <rtept lat="48.799754" lon="-121.605682">
         <ele>1850</ele>
      </rtept>
      <rtept lat="48.799768" lon="-121.605706">
         <ele>1850</ele>
      </rtept>
      <rtept lat="48.799776" lon="-121.605739">
         <ele>1850</ele>
      </rtept>
      <rtept lat="48.799792" lon="-121.605771">
         <ele>1850</ele>
      </rtept>
      <rtept lat="48.799803" lon="-121.605801">
         <ele>1850</ele>
      </rtept>
      <rtept lat="48.799815" lon="-121.605836">
         <ele>1850</ele>
      </rtept>
      <rtept lat="48.799818" lon="-121.605867">
         <ele>1850</ele>
      </rtept>
      <rtept lat="48.799818" lon="-121.605901">
         <ele>1850</ele>
      </rtept>
      <rtept lat="48.79982" lon="-121.605935">
         <ele>1850</ele>
      </rtept>
      <rtept lat="48.799822" lon="-121.605969">
         <ele>1860</ele>
      </rtept>
      <rtept lat="48.799822" lon="-121.606011">
         <ele>1860</ele>
      </rtept>
      <rtept lat="48.799819" lon="-121.606048">
         <ele>1860</ele>
      </rtept>
      <rtept lat="48.799825" lon="-121.606087">
         <ele>1860</ele>
      </rtept>
      <rtept lat="48.799824" lon="-121.606123">
         <ele>1860</ele>
      </rtept>
      <rtept lat="48.79983" lon="-121.606154">
         <ele>1860</ele>
      </rtept>
      <rtept lat="48.799839" lon="-121.606179">
         <ele>1860</ele>
      </rtept>
      <rtept lat="48.799856" lon="-121.606212">
         <ele>1860</ele>
      </rtept>
      <rtept lat="48.799873" lon="-121.606247">
         <ele>1860</ele>
      </rtept>
      <rtept lat="48.799876" lon="-121.606276">
         <ele>1860</ele>
      </rtept>
      <rtept lat="48.799891" lon="-121.606299">
         <ele>1860</ele>
      </rtept>
      <rtept lat="48.799905" lon="-121.606328">
         <ele>1860</ele>
      </rtept>
      <rtept lat="48.799916" lon="-121.606354">
         <ele>1870</ele>
      </rtept>
      <rtept lat="48.799926" lon="-121.606376">
         <ele>1870</ele>
      </rtept>
      <rtept lat="48.799942" lon="-121.6064">
         <ele>1870</ele>
      </rtept>
      <rtept lat="48.79996" lon="-121.606418">
         <ele>1870</ele>
      </rtept>
      <rtept lat="48.799978" lon="-121.606436">
         <ele>1870</ele>
      </rtept>
      <rtept lat="48.799991" lon="-121.606459">
         <ele>1870</ele>
      </rtept>
      <rtept lat="48.800007" lon="-121.606491">
         <ele>1870</ele>
      </rtept>
      <rtept lat="48.800023" lon="-121.606513">
         <ele>1870</ele>
      </rtept>
      <rtept lat="48.800032" lon="-121.606539">
         <ele>1870</ele>
      </rtept>
      <rtept lat="48.800042" lon="-121.606564">
         <ele>1870</ele>
      </rtept>
      <rtept lat="48.800048" lon="-121.606598">
         <ele>1870</ele>
      </rtept>
      <rtept lat="48.800068" lon="-121.606623">
         <ele>1880</ele>
      </rtept>
      <rtept lat="48.800092" lon="-121.606641">
         <ele>1880</ele>
      </rtept>
      <rtept lat="48.800116" lon="-121.606655">
         <ele>1880</ele>
      </rtept>
      <rtept lat="48.800135" lon="-121.606675">
         <ele>1880</ele>
      </rtept>
      <rtept lat="48.800154" lon="-121.606684">
         <ele>1880</ele>
      </rtept>
      <rtept lat="48.800168" lon="-121.606702">
         <ele>1880</ele>
      </rtept>
      <rtept lat="48.800185" lon="-121.606719">
         <ele>1880</ele>
      </rtept>
      <rtept lat="48.800208" lon="-121.606714">
         <ele>1880</ele>
      </rtept>
      <rtept lat="48.800231" lon="-121.606707">
         <ele>1880</ele>
      </rtept>
      <rtept lat="48.800257" lon="-121.606696">
         <ele>1880</ele>
      </rtept>
      <rtept lat="48.80028" lon="-121.606691">
         <ele>1880</ele>
      </rtept>
      <rtept lat="48.800301" lon="-121.606698">
         <ele>1880</ele>
      </rtept>
      <rtept lat="48.800332" lon="-121.606717">
         <ele>1890</ele>
      </rtept>
      <rtept lat="48.80035" lon="-121.606722">
         <ele>1890</ele>
      </rtept>
      <rtept lat="48.800368" lon="-121.606724">
         <ele>1890</ele>
      </rtept>
      <rtept lat="48.80039" lon="-121.606726">
         <ele>1890</ele>
      </rtept>
      <rtept lat="48.800411" lon="-121.60673">
         <ele>1890</ele>
      </rtept>
      <rtept lat="48.800432" lon="-121.606736">
         <ele>1890</ele>
      </rtept>
      <rtept lat="48.800451" lon="-121.606736">
         <ele>1890</ele>
      </rtept>
      <rtept lat="48.80048" lon="-121.606742">
         <ele>1890</ele>
      </rtept>
      <rtept lat="48.800499" lon="-121.606742">
         <ele>1890</ele>
      </rtept>
      <rtept lat="48.800528" lon="-121.606731">
         <ele>1890</ele>
      </rtept>
      <rtept lat="48.800559" lon="-121.606732">
         <ele>1890</ele>
      </rtept>
      <rtept lat="48.800579" lon="-121.606729">
         <ele>1900</ele>
      </rtept>
      <rtept lat="48.800602" lon="-121.606723">
         <ele>1900</ele>
      </rtept>
      <rtept lat="48.800626" lon="-121.606718">
         <ele>1900</ele>
      </rtept>
      <rtept lat="48.800645" lon="-121.606706">
         <ele>1900</ele>
      </rtept>
      <rtept lat="48.800663" lon="-121.606707">
         <ele>1900</ele>
      </rtept>
      <rtept lat="48.800683" lon="-121.606706">
         <ele>1900</ele>
      </rtept>
      <rtept lat="48.800703" lon="-121.606706">
         <ele>1900</ele>
      </rtept>
      <rtept lat="48.800722" lon="-121.606719">
         <ele>1900</ele>
      </rtept>
      <rtept lat="48.800742" lon="-121.606729">
         <ele>1900</ele>
      </rtept>
      <rtept lat="48.800759" lon="-121.606741">
         <ele>1900</ele>
      </rtept>
      <rtept lat="48.80078" lon="-121.60676">
         <ele>1900</ele>
      </rtept>
      <rtept lat="48.800797" lon="-121.606775">
         <ele>1900</ele>
      </rtept>
      <rtept lat="48.80081" lon="-121.606794">
         <ele>1910</ele>
      </rtept>
      <rtept lat="48.800828" lon="-121.606818">
         <ele>1910</ele>
      </rtept>
      <rtept lat="48.800851" lon="-121.60683">
         <ele>1910</ele>
      </rtept>
      <rtept lat="48.800874" lon="-121.606844">
         <ele>1910</ele>
      </rtept>
      <rtept lat="48.800896" lon="-121.606858">
         <ele>1910</ele>
      </rtept>
      <rtept lat="48.800915" lon="-121.606873">
         <ele>1910</ele>
      </rtept>
      <rtept lat="48.80094" lon="-121.606881">
         <ele>1910</ele>
      </rtept>
      <rtept lat="48.800957" lon="-121.606892">
         <ele>1910</ele>
      </rtept>
      <rtept lat="48.800974" lon="-121.60691">
         <ele>1920</ele>
      </rtept>
      <rtept lat="48.800993" lon="-121.606923">
         <ele>1920</ele>
      </rtept>
      <rtept lat="48.801014" lon="-121.60692">
         <ele>1920</ele>
      </rtept>
      <rtept lat="48.801036" lon="-121.60691">
         <ele>1920</ele>
      </rtept>
      <rtept lat="48.801062" lon="-121.606908">
         <ele>1920</ele>
      </rtept>
      <rtept lat="48.80108" lon="-121.606902">
         <ele>1920</ele>
      </rtept>
      <rtept lat="48.801101" lon="-121.6069">
         <ele>1920</ele>
      </rtept>
      <rtept lat="48.801124" lon="-121.606896">
         <ele>1920</ele>
      </rtept>
      <rtept lat="48.801148" lon="-121.606899">
         <ele>1920</ele>
      </rtept>
      <rtept lat="48.80117" lon="-121.606908">
         <ele>1920</ele>
      </rtept>
      <rtept lat="48.801196" lon="-121.606893">
         <ele>1920</ele>
      </rtept>
      <rtept lat="48.801218" lon="-121.606894">
         <ele>1930</ele>
      </rtept>
      <rtept lat="48.801236" lon="-121.606886">
         <ele>1930</ele>
      </rtept>
      <rtept lat="48.80126" lon="-121.606889">
         <ele>1930</ele>
      </rtept>
      <rtept lat="48.801281" lon="-121.606882">
         <ele>1930</ele>
      </rtept>
      <rtept lat="48.8013" lon="-121.606872">
         <ele>1930</ele>
      </rtept>
      <rtept lat="48.801328" lon="-121.606869">
         <ele>1930</ele>
      </rtept>
      <rtept lat="48.801346" lon="-121.606863">
         <ele>1930</ele>
      </rtept>
      <rtept lat="48.801367" lon="-121.606856">
         <ele>1930</ele>
      </rtept>
      <rtept lat="48.801386" lon="-121.606854">
         <ele>1930</ele>
      </rtept>
      <rtept lat="48.801405" lon="-121.606858">
         <ele>1930</ele>
      </rtept>
      <rtept lat="48.801427" lon="-121.606853">
         <ele>1930</ele>
      </rtept>
      <rtept lat="48.80145" lon="-121.606857">
         <ele>1930</ele>
      </rtept>
      <rtept lat="48.801473" lon="-121.606864">
         <ele>1930</ele>
      </rtept>
      <rtept lat="48.801496" lon="-121.606871">
         <ele>1940</ele>
      </rtept>
      <rtept lat="48.801513" lon="-121.60689">
         <ele>1940</ele>
      </rtept>
      <rtept lat="48.801523" lon="-121.606921">
         <ele>1940</ele>
      </rtept>
      <rtept lat="48.801542" lon="-121.606942">
         <ele>1940</ele>
      </rtept>
      <rtept lat="48.801546" lon="-121.606969">
         <ele>1940</ele>
      </rtept>
      <rtept lat="48.801553" lon="-121.606998">
         <ele>1940</ele>
      </rtept>
      <rtept lat="48.80156" lon="-121.607031">
         <ele>1940</ele>
      </rtept>
      <rtept lat="48.801565" lon="-121.607069">
         <ele>1950</ele>
      </rtept>
      <rtept lat="48.801557" lon="-121.607101">
         <ele>1950</ele>
      </rtept>
      <rtept lat="48.801564" lon="-121.607128">
         <ele>1950</ele>
      </rtept>
      <rtept lat="48.801573" lon="-121.607156">
         <ele>1950</ele>
      </rtept>
      <rtept lat="48.801577" lon="-121.607188">
         <ele>1950</ele>
      </rtept>
      <rtept lat="48.801574" lon="-121.607216">
         <ele>1950</ele>
      </rtept>
      <rtept lat="48.801581" lon="-121.607246">
         <ele>1950</ele>
      </rtept>
      <rtept lat="48.801586" lon="-121.607274">
         <ele>1950</ele>
      </rtept>
      <rtept lat="48.801574" lon="-121.607304">
         <ele>1950</ele>
      </rtept>
      <rtept lat="48.801581" lon="-121.60733">
         <ele>1950</ele>
      </rtept>
      <rtept lat="48.801598" lon="-121.607345">
         <ele>1950</ele>
      </rtept>
      <rtept lat="48.801612" lon="-121.607372">
         <ele>1960</ele>
      </rtept>
      <rtept lat="48.801628" lon="-121.607402">
         <ele>1960</ele>
      </rtept>
      <rtept lat="48.801639" lon="-121.607437">
         <ele>1960</ele>
      </rtept>
      <rtept lat="48.801644" lon="-121.607469">
         <ele>1960</ele>
      </rtept>
      <rtept lat="48.80165" lon="-121.607503">
         <ele>1960</ele>
      </rtept>
      <rtept lat="48.80165" lon="-121.607532">
         <ele>1960</ele>
      </rtept>
      <rtept lat="48.801648" lon="-121.607563">
         <ele>1960</ele>
      </rtept>
      <rtept lat="48.801652" lon="-121.607601">
         <ele>1960</ele>
      </rtept>
      <rtept lat="48.801654" lon="-121.607628">
         <ele>1960</ele>
      </rtept>
      <rtept lat="48.801654" lon="-121.607661">
         <ele>1960</ele>
      </rtept>
      <rtept lat="48.801664" lon="-121.607686">
         <ele>1960</ele>
      </rtept>
      <rtept lat="48.801677" lon="-121.607706">
         <ele>1960</ele>
      </rtept>
      <rtept lat="48.801692" lon="-121.607726">
         <ele>1960</ele>
      </rtept>
      <rtept lat="48.801704" lon="-121.607748">
         <ele>1960</ele>
      </rtept>
      <rtept lat="48.801724" lon="-121.607772">
         <ele>1970</ele>
      </rtept>
      <rtept lat="48.801743" lon="-121.607788">
         <ele>1970</ele>
      </rtept>
      <rtept lat="48.801762" lon="-121.607813">
         <ele>1970</ele>
      </rtept>
      <rtept lat="48.801778" lon="-121.607834">
         <ele>1970</ele>
      </rtept>
      <rtept lat="48.801792" lon="-121.607853">
         <ele>1970</ele>
      </rtept>
      <rtept lat="48.801807" lon="-121.60788">
         <ele>1970</ele>
      </rtept>
      <rtept lat="48.801827" lon="-121.607896">
         <ele>1970</ele>
      </rtept>
      <rtept lat="48.801844" lon="-121.607908">
         <ele>1970</ele>
      </rtept>
      <rtept lat="48.801861" lon="-121.607924">
         <ele>1970</ele>
      </rtept>
      <rtept lat="48.80188" lon="-121.607948">
         <ele>1970</ele>
      </rtept>
      <rtept lat="48.801897" lon="-121.607964">
         <ele>1970</ele>
      </rtept>
      <rtept lat="48.801912" lon="-121.607988">
         <ele>1970</ele>
      </rtept>
      <rtept lat="48.801936" lon="-121.608011">
         <ele>1970</ele>
      </rtept>
      <rtept lat="48.80196" lon="-121.608028">
         <ele>1970</ele>
      </rtept>
      <rtept lat="48.801987" lon="-121.608047">
         <ele>1970</ele>
      </rtept>
      <rtept lat="48.802005" lon="-121.608067">
         <ele>1970</ele>
      </rtept>
      <rtept lat="48.802023" lon="-121.608091">
         <ele>1970</ele>
      </rtept>
      <rtept lat="48.802033" lon="-121.608117">
         <ele>1970</ele>
      </rtept>
      <rtept lat="48.802051" lon="-121.608136">
         <ele>1970</ele>
      </rtept>
      <rtept lat="48.802069" lon="-121.608163">
         <ele>1970</ele>
      </rtept>
      <rtept lat="48.80208" lon="-121.608186">
         <ele>1970</ele>
      </rtept>
      <rtept lat="48.802095" lon="-121.60821">
         <ele>1970</ele>
      </rtept>
      <rtept lat="48.802114" lon="-121.608228">
         <ele>1970</ele>
      </rtept>
      <rtept lat="48.802145" lon="-121.608246">
         <ele>1970</ele>
      </rtept>
      <rtept lat="48.802176" lon="-121.608272">
         <ele>1970</ele>
      </rtept>
      <rtept lat="48.802195" lon="-121.60829">
         <ele>1970</ele>
      </rtept>
      <rtept lat="48.802213" lon="-121.608302">
         <ele>1970</ele>
      </rtept>
      <rtept lat="48.802233" lon="-121.608314">
         <ele>1970</ele>
      </rtept>
      <rtept lat="48.802251" lon="-121.60833">
         <ele>1970</ele>
      </rtept>
      <rtept lat="48.802272" lon="-121.608348">
         <ele>1970</ele>
      </rtept>
      <rtept lat="48.802295" lon="-121.608364">
         <ele>1970</ele>
      </rtept>
      <rtept lat="48.802316" lon="-121.60838">
         <ele>1970</ele>
      </rtept>
      <rtept lat="48.802338" lon="-121.608392">
         <ele>1970</ele>
      </rtept>
      <rtept lat="48.802364" lon="-121.60841">
         <ele>1970</ele>
      </rtept>
      <rtept lat="48.802391" lon="-121.608426">
         <ele>1960</ele>
      </rtept>
      <rtept lat="48.802416" lon="-121.608446">
         <ele>1960</ele>
      </rtept>
      <rtept lat="48.802443" lon="-121.608468">
         <ele>1960</ele>
      </rtept>
      <rtept lat="48.80247" lon="-121.608488">
         <ele>1960</ele>
      </rtept>
      <rtept lat="48.802495" lon="-121.608512">
         <ele>1960</ele>
      </rtept>
      <rtept lat="48.80252" lon="-121.608534">
         <ele>1960</ele>
      </rtept>
      <rtept lat="48.802542" lon="-121.608556">
         <ele>1960</ele>
      </rtept>
      <rtept lat="48.802566" lon="-121.60858">
         <ele>1960</ele>
      </rtept>
      <rtept lat="48.80259" lon="-121.6086">
         <ele>1960</ele>
      </rtept>
      <rtept lat="48.802615" lon="-121.608618">
         <ele>1960</ele>
      </rtept>
      <rtept lat="48.80264" lon="-121.608638">
         <ele>1960</ele>
      </rtept>
      <rtept lat="48.802667" lon="-121.608658">
         <ele>1960</ele>
      </rtept>
      <rtept lat="48.802692" lon="-121.608676">
         <ele>1960</ele>
      </rtept>
      <rtept lat="48.802717" lon="-121.608694">
         <ele>1960</ele>
      </rtept>
      <rtept lat="48.802743" lon="-121.608712">
         <ele>1960</ele>
      </rtept>
      <rtept lat="48.802768" lon="-121.60873">
         <ele>1960</ele>
      </rtept>
      <rtept lat="48.802792" lon="-121.608746">
         <ele>1960</ele>
      </rtept>
      <rtept lat="48.802818" lon="-121.60876">
         <ele>1960</ele>
      </rtept>
      <rtept lat="48.802843" lon="-121.608778">
         <ele>1960</ele>
      </rtept>
      <rtept lat="48.802865" lon="-121.608798">
         <ele>1960</ele>
      </rtept>
      <rtept lat="48.802889" lon="-121.608814">
         <ele>1960</ele>
      </rtept>
      <rtept lat="48.802918" lon="-121.608832">
         <ele>1960</ele>
      </rtept>
      <rtept lat="48.802943" lon="-121.608842">
         <ele>1960</ele>
      </rtept>
      <rtept lat="48.802966" lon="-121.608852">
         <ele>1960</ele>
      </rtept>
      <rtept lat="48.802988" lon="-121.608862">
         <ele>1960</ele>
      </rtept>
      <rtept lat="48.803011" lon="-121.608874">
         <ele>1960</ele>
      </rtept>
      <rtept lat="48.803035" lon="-121.608884">
         <ele>1960</ele>
      </rtept>
      <rtept lat="48.803058" lon="-121.608894">
         <ele>1960</ele>
      </rtept>
      <rtept lat="48.803081" lon="-121.608906">
         <ele>1960</ele>
      </rtept>
      <rtept lat="48.803114" lon="-121.608922">
         <ele>1960</ele>
      </rtept>
      <rtept lat="48.803145" lon="-121.60894">
         <ele>1960</ele>
      </rtept>
      <rtept lat="48.803165" lon="-121.608946">
         <ele>1960</ele>
      </rtept>
      <rtept lat="48.8032" lon="-121.608962">
         <ele>1960</ele>
      </rtept>
      <rtept lat="48.803224" lon="-121.608976">
         <ele>1960</ele>
      </rtept>
      <rtept lat="48.803244" lon="-121.608988">
         <ele>1960</ele>
      </rtept>
      <rtept lat="48.803264" lon="-121.609001">
         <ele>1960</ele>
      </rtept>
      <rtept lat="48.803282" lon="-121.609014">
         <ele>1960</ele>
      </rtept>
      <rtept lat="48.803302" lon="-121.609025">
         <ele>1960</ele>
      </rtept>
      <rtept lat="48.803327" lon="-121.609038">
         <ele>1960</ele>
      </rtept>
      <rtept lat="48.80335" lon="-121.609049">
         <ele>1960</ele>
      </rtept>
      <rtept lat="48.803376" lon="-121.609062">
         <ele>1960</ele>
      </rtept>
      <rtept lat="48.803404" lon="-121.609078">
         <ele>1960</ele>
      </rtept>
      <rtept lat="48.803436" lon="-121.609096">
         <ele>1960</ele>
      </rtept>
      <rtept lat="48.803462" lon="-121.609115">
         <ele>1960</ele>
      </rtept>
      <rtept lat="48.803494" lon="-121.609137">
         <ele>1960</ele>
      </rtept>
      <rtept lat="48.803522" lon="-121.60916">
         <ele>1950</ele>
      </rtept>
      <rtept lat="48.803546" lon="-121.609182">
         <ele>1950</ele>
      </rtept>
      <rtept lat="48.803566" lon="-121.609201">
         <ele>1950</ele>
      </rtept>
      <rtept lat="48.803588" lon="-121.609221">
         <ele>1950</ele>
      </rtept>
      <rtept lat="48.803606" lon="-121.609242">
         <ele>1950</ele>
      </rtept>
      <rtept lat="48.803626" lon="-121.60926">
         <ele>1950</ele>
      </rtept>
      <rtept lat="48.803648" lon="-121.609282">
         <ele>1950</ele>
      </rtept>
      <rtept lat="48.803666" lon="-121.609303">
         <ele>1960</ele>
      </rtept>
      <rtept lat="48.803691" lon="-121.609323">
         <ele>1960</ele>
      </rtept>
      <rtept lat="48.803712" lon="-121.609344">
         <ele>1960</ele>
      </rtept>
      <rtept lat="48.803731" lon="-121.609364">
         <ele>1960</ele>
      </rtept>
      <rtept lat="48.803751" lon="-121.60938">
         <ele>1960</ele>
      </rtept>
      <rtept lat="48.80377" lon="-121.609394">
         <ele>1960</ele>
      </rtept>
      <rtept lat="48.803786" lon="-121.609413">
         <ele>1960</ele>
      </rtept>
      <rtept lat="48.803814" lon="-121.60945">
         <ele>1960</ele>
      </rtept>
      <rtept lat="48.803834" lon="-121.609468">
         <ele>1960</ele>
      </rtept>
      <rtept lat="48.803858" lon="-121.609487">
         <ele>1960</ele>
      </rtept>
      <rtept lat="48.803876" lon="-121.609502">
         <ele>1960</ele>
      </rtept>
      <rtept lat="48.803901" lon="-121.609517">
         <ele>1960</ele>
      </rtept>
      <rtept lat="48.803924" lon="-121.609535">
         <ele>1960</ele>
      </rtept>
      <rtept lat="48.803941" lon="-121.609552">
         <ele>1960</ele>
      </rtept>
      <rtept lat="48.803966" lon="-121.609571">
         <ele>1960</ele>
      </rtept>
      <rtept lat="48.80399" lon="-121.609589">
         <ele>1960</ele>
      </rtept>
      <rtept lat="48.80401" lon="-121.609607">
         <ele>1960</ele>
      </rtept>
      <rtept lat="48.804034" lon="-121.609625">
         <ele>1960</ele>
      </rtept>
      <rtept lat="48.804062" lon="-121.609644">
         <ele>1960</ele>
      </rtept>
      <rtept lat="48.804084" lon="-121.609663">
         <ele>1960</ele>
      </rtept>
      <rtept lat="48.804104" lon="-121.60968">
         <ele>1960</ele>
      </rtept>
      <rtept lat="48.804124" lon="-121.609697">
         <ele>1960</ele>
      </rtept>
      <rtept lat="48.804142" lon="-121.609716">
         <ele>1960</ele>
      </rtept>
      <rtept lat="48.804162" lon="-121.609734">
         <ele>1960</ele>
      </rtept>
      <rtept lat="48.804178" lon="-121.609752">
         <ele>1960</ele>
      </rtept>
      <rtept lat="48.8042" lon="-121.609772">
         <ele>1960</ele>
      </rtept>
      <rtept lat="48.804218" lon="-121.609789">
         <ele>1960</ele>
      </rtept>
      <rtept lat="48.80425" lon="-121.609828">
         <ele>1960</ele>
      </rtept>
      <rtept lat="48.80427" lon="-121.609847">
         <ele>1960</ele>
      </rtept>
      <rtept lat="48.804284" lon="-121.609864">
         <ele>1960</ele>
      </rtept>
      <rtept lat="48.804302" lon="-121.609883">
         <ele>1960</ele>
      </rtept>
      <rtept lat="48.80432" lon="-121.609899">
         <ele>1960</ele>
      </rtept>
      <rtept lat="48.804338" lon="-121.609912">
         <ele>1960</ele>
      </rtept>
      <rtept lat="48.804356" lon="-121.609929">
         <ele>1960</ele>
      </rtept>
      <rtept lat="48.804372" lon="-121.60995">
         <ele>1960</ele>
      </rtept>
      <rtept lat="48.804406" lon="-121.609982">
         <ele>1960</ele>
      </rtept>
      <rtept lat="48.804426" lon="-121.61">
         <ele>1960</ele>
      </rtept>
      <rtept lat="48.804446" lon="-121.610016">
         <ele>1960</ele>
      </rtept>
      <rtept lat="48.804473" lon="-121.610046">
         <ele>1960</ele>
      </rtept>
      <rtept lat="48.804495" lon="-121.610073">
         <ele>1960</ele>
      </rtept>
      <rtept lat="48.804518" lon="-121.61009">
         <ele>1960</ele>
      </rtept>
      <rtept lat="48.804535" lon="-121.610112">
         <ele>1960</ele>
      </rtept>
      <rtept lat="48.804561" lon="-121.61014">
         <ele>1960</ele>
      </rtept>
      <rtept lat="48.804581" lon="-121.610154">
         <ele>1960</ele>
      </rtept>
      <rtept lat="48.804602" lon="-121.610178">
         <ele>1960</ele>
      </rtept>
      <rtept lat="48.804625" lon="-121.610202">
         <ele>1960</ele>
      </rtept>
      <rtept lat="48.804653" lon="-121.610223">
         <ele>1960</ele>
      </rtept>
      <rtept lat="48.804678" lon="-121.610245">
         <ele>1970</ele>
      </rtept>
      <rtept lat="48.804691" lon="-121.61027">
         <ele>1970</ele>
      </rtept>
      <rtept lat="48.804717" lon="-121.610289">
         <ele>1970</ele>
      </rtept>
      <rtept lat="48.804743" lon="-121.610306">
         <ele>1970</ele>
      </rtept>
      <rtept lat="48.80477" lon="-121.610324">
         <ele>1970</ele>
      </rtept>
      <rtept lat="48.804788" lon="-121.610337">
         <ele>1970</ele>
      </rtept>
      <rtept lat="48.804814" lon="-121.610369">
         <ele>1970</ele>
      </rtept>
      <rtept lat="48.804833" lon="-121.610397">
         <ele>1970</ele>
      </rtept>
      <rtept lat="48.804851" lon="-121.610419">
         <ele>1970</ele>
      </rtept>
      <rtept lat="48.804865" lon="-121.610438">
         <ele>1970</ele>
      </rtept>
      <rtept lat="48.804884" lon="-121.610458">
         <ele>1970</ele>
      </rtept>
      <rtept lat="48.804899" lon="-121.610474">
         <ele>1970</ele>
      </rtept>
      <rtept lat="48.804917" lon="-121.6105">
         <ele>1970</ele>
      </rtept>
      <rtept lat="48.804931" lon="-121.610525">
         <ele>1970</ele>
      </rtept>
      <rtept lat="48.804946" lon="-121.610546">
         <ele>1980</ele>
      </rtept>
      <rtept lat="48.804965" lon="-121.610564">
         <ele>1980</ele>
      </rtept>
      <rtept lat="48.804982" lon="-121.610578">
         <ele>1980</ele>
      </rtept>
      <rtept lat="48.805" lon="-121.610593">
         <ele>1980</ele>
      </rtept>
      <rtept lat="48.805014" lon="-121.61061">
         <ele>1980</ele>
      </rtept>
      <rtept lat="48.805034" lon="-121.61063">
         <ele>1980</ele>
      </rtept>
      <rtept lat="48.805052" lon="-121.610653">
         <ele>1980</ele>
      </rtept>
      <rtept lat="48.805069" lon="-121.610667">
         <ele>1980</ele>
      </rtept>
      <rtept lat="48.805079" lon="-121.610694">
         <ele>1980</ele>
      </rtept>
      <rtept lat="48.805095" lon="-121.610728">
         <ele>1990</ele>
      </rtept>
      <rtept lat="48.80511" lon="-121.610764">
         <ele>1990</ele>
      </rtept>
      <rtept lat="48.805127" lon="-121.610775">
         <ele>1990</ele>
      </rtept>
      <rtept lat="48.805149" lon="-121.610785">
         <ele>1990</ele>
      </rtept>
      <rtept lat="48.805166" lon="-121.610795">
         <ele>1990</ele>
      </rtept>
      <rtept lat="48.805186" lon="-121.610803">
         <ele>1990</ele>
      </rtept>
      <rtept lat="48.805205" lon="-121.610812">
         <ele>1990</ele>
      </rtept>
      <rtept lat="48.805213" lon="-121.61084">
         <ele>1990</ele>
      </rtept>
      <rtept lat="48.805232" lon="-121.610856">
         <ele>1990</ele>
      </rtept>
      <rtept lat="48.805252" lon="-121.610866">
         <ele>2000</ele>
      </rtept>
      <rtept lat="48.805274" lon="-121.610879">
         <ele>2000</ele>
      </rtept>
      <rtept lat="48.805287" lon="-121.610901">
         <ele>2000</ele>
      </rtept>
      <rtept lat="48.805309" lon="-121.61091">
         <ele>2000</ele>
      </rtept>
      <rtept lat="48.805335" lon="-121.61091">
         <ele>2000</ele>
      </rtept>
      <rtept lat="48.805352" lon="-121.610922">
         <ele>2000</ele>
      </rtept>
      <rtept lat="48.805372" lon="-121.610926">
         <ele>2000</ele>
      </rtept>
      <rtept lat="48.805388" lon="-121.610942">
         <ele>2000</ele>
      </rtept>
      <rtept lat="48.805409" lon="-121.610952">
         <ele>2000</ele>
      </rtept>
      <rtept lat="48.805428" lon="-121.61096">
         <ele>2000</ele>
      </rtept>
      <rtept lat="48.805447" lon="-121.610972">
         <ele>2010</ele>
      </rtept>
      <rtept lat="48.805466" lon="-121.610992">
         <ele>2010</ele>
      </rtept>
      <rtept lat="48.805485" lon="-121.611004">
         <ele>2010</ele>
      </rtept>
      <rtept lat="48.805507" lon="-121.611018">
         <ele>2010</ele>
      </rtept>
      <rtept lat="48.805525" lon="-121.611032">
         <ele>2010</ele>
      </rtept>
      <rtept lat="48.805542" lon="-121.611046">
         <ele>2010</ele>
      </rtept>
      <rtept lat="48.805565" lon="-121.611056">
         <ele>2010</ele>
      </rtept>
      <rtept lat="48.805583" lon="-121.611066">
         <ele>2010</ele>
      </rtept>
      <rtept lat="48.805601" lon="-121.611082">
         <ele>2010</ele>
      </rtept>
      <rtept lat="48.80562" lon="-121.61109">
         <ele>2010</ele>
      </rtept>
      <rtept lat="48.805636" lon="-121.611104">
         <ele>2010</ele>
      </rtept>
      <rtept lat="48.805653" lon="-121.611132">
         <ele>2020</ele>
      </rtept>
      <rtept lat="48.805668" lon="-121.611163">
         <ele>2020</ele>
      </rtept>
      <rtept lat="48.805688" lon="-121.611183">
         <ele>2020</ele>
      </rtept>
      <rtept lat="48.805709" lon="-121.611207">
         <ele>2020</ele>
      </rtept>
      <rtept lat="48.805729" lon="-121.611232">
         <ele>2020</ele>
      </rtept>
      <rtept lat="48.805747" lon="-121.611249">
         <ele>2020</ele>
      </rtept>
      <rtept lat="48.80577" lon="-121.611262">
         <ele>2020</ele>
      </rtept>
      <rtept lat="48.805779" lon="-121.611287">
         <ele>2020</ele>
      </rtept>
      <rtept lat="48.805799" lon="-121.611306">
         <ele>2020</ele>
      </rtept>
      <rtept lat="48.80582" lon="-121.611317">
         <ele>2020</ele>
      </rtept>
      <rtept lat="48.805841" lon="-121.611328">
         <ele>2020</ele>
      </rtept>
      <rtept lat="48.805862" lon="-121.611352">
         <ele>2020</ele>
      </rtept>
      <rtept lat="48.80588" lon="-121.61137">
         <ele>2030</ele>
      </rtept>
      <rtept lat="48.805898" lon="-121.611384">
         <ele>2030</ele>
      </rtept>
      <rtept lat="48.805916" lon="-121.611408">
         <ele>2030</ele>
      </rtept>
      <rtept lat="48.805935" lon="-121.61142">
         <ele>2030</ele>
      </rtept>
      <rtept lat="48.805953" lon="-121.611438">
         <ele>2030</ele>
      </rtept>
      <rtept lat="48.805972" lon="-121.611452">
         <ele>2030</ele>
      </rtept>
      <rtept lat="48.80599" lon="-121.611471">
         <ele>2030</ele>
      </rtept>
      <rtept lat="48.806004" lon="-121.611493">
         <ele>2030</ele>
      </rtept>
      <rtept lat="48.80602" lon="-121.611513">
         <ele>2030</ele>
      </rtept>
      <rtept lat="48.806041" lon="-121.611529">
         <ele>2030</ele>
      </rtept>
      <rtept lat="48.806059" lon="-121.611533">
         <ele>2030</ele>
      </rtept>
      <rtept lat="48.806083" lon="-121.611541">
         <ele>2030</ele>
      </rtept>
      <rtept lat="48.806102" lon="-121.61155">
         <ele>2030</ele>
      </rtept>
      <rtept lat="48.80612" lon="-121.611563">
         <ele>2040</ele>
      </rtept>
      <rtept lat="48.806144" lon="-121.611574">
         <ele>2040</ele>
      </rtept>
      <rtept lat="48.806164" lon="-121.611599">
         <ele>2040</ele>
      </rtept>
      <rtept lat="48.806184" lon="-121.61161">
         <ele>2040</ele>
      </rtept>
      <rtept lat="48.806204" lon="-121.611633">
         <ele>2040</ele>
      </rtept>
      <rtept lat="48.806214" lon="-121.611656">
         <ele>2040</ele>
      </rtept>
      <rtept lat="48.806221" lon="-121.611682">
         <ele>2040</ele>
      </rtept>
      <rtept lat="48.806226" lon="-121.611715">
         <ele>2040</ele>
      </rtept>
      <rtept lat="48.806228" lon="-121.611743">
         <ele>2040</ele>
      </rtept>
      <rtept lat="48.806243" lon="-121.611761">
         <ele>2040</ele>
      </rtept>
      <rtept lat="48.806263" lon="-121.611778">
         <ele>2040</ele>
      </rtept>
      <rtept lat="48.806285" lon="-121.611788">
         <ele>2040</ele>
      </rtept>
      <rtept lat="48.806302" lon="-121.6118">
         <ele>2040</ele>
      </rtept>
      <rtept lat="48.806326" lon="-121.611813">
         <ele>2050</ele>
      </rtept>
      <rtept lat="48.806348" lon="-121.611826">
         <ele>2050</ele>
      </rtept>
      <rtept lat="48.806375" lon="-121.61184">
         <ele>2050</ele>
      </rtept>
      <rtept lat="48.806396" lon="-121.611847">
         <ele>2050</ele>
      </rtept>
      <rtept lat="48.806425" lon="-121.611854">
         <ele>2050</ele>
      </rtept>
      <rtept lat="48.806454" lon="-121.611861">
         <ele>2050</ele>
      </rtept>
      <rtept lat="48.806478" lon="-121.611859">
         <ele>2050</ele>
      </rtept>
      <rtept lat="48.806499" lon="-121.611855">
         <ele>2050</ele>
      </rtept>
      <rtept lat="48.806522" lon="-121.611857">
         <ele>2050</ele>
      </rtept>
      <rtept lat="48.806544" lon="-121.611857">
         <ele>2050</ele>
      </rtept>
      <rtept lat="48.806564" lon="-121.61186">
         <ele>2050</ele>
      </rtept>
      <rtept lat="48.806582" lon="-121.611871">
         <ele>2050</ele>
      </rtept>
      <rtept lat="48.806601" lon="-121.611879">
         <ele>2050</ele>
      </rtept>
      <rtept lat="48.80662" lon="-121.611885">
         <ele>2050</ele>
      </rtept>
      <rtept lat="48.806639" lon="-121.611894">
         <ele>2050</ele>
      </rtept>
      <rtept lat="48.806658" lon="-121.611898">
         <ele>2060</ele>
      </rtept>
      <rtept lat="48.806681" lon="-121.611907">
         <ele>2060</ele>
      </rtept>
      <rtept lat="48.806707" lon="-121.611908">
         <ele>2060</ele>
      </rtept>
      <rtept lat="48.806727" lon="-121.611906">
         <ele>2060</ele>
      </rtept>
      <rtept lat="48.806748" lon="-121.611901">
         <ele>2060</ele>
      </rtept>
      <rtept lat="48.806771" lon="-121.61189">
         <ele>2060</ele>
      </rtept>
      <rtept lat="48.806791" lon="-121.611876">
         <ele>2060</ele>
      </rtept>
      <rtept lat="48.806798" lon="-121.611837">
         <ele>2060</ele>
      </rtept>
      <rtept lat="48.806809" lon="-121.611806">
         <ele>2060</ele>
      </rtept>
      <rtept lat="48.806831" lon="-121.611796">
         <ele>2060</ele>
      </rtept>
      <rtept lat="48.806855" lon="-121.611787">
         <ele>2060</ele>
      </rtept>
      <rtept lat="48.80688" lon="-121.611801">
         <ele>2060</ele>
      </rtept>
      <rtept lat="48.806903" lon="-121.611789">
         <ele>2060</ele>
      </rtept>
      <rtept lat="48.806932" lon="-121.611783">
         <ele>2060</ele>
      </rtept>
      <rtept lat="48.806955" lon="-121.611768">
         <ele>2060</ele>
      </rtept>
      <rtept lat="48.806976" lon="-121.611752">
         <ele>2060</ele>
      </rtept>
      <rtept lat="48.806996" lon="-121.611747">
         <ele>2060</ele>
      </rtept>
      <rtept lat="48.807015" lon="-121.611732">
         <ele>2060</ele>
      </rtept>
      <rtept lat="48.807032" lon="-121.611714">
         <ele>2070</ele>
      </rtept>
      <rtept lat="48.807048" lon="-121.611694">
         <ele>2070</ele>
      </rtept>
      <rtept lat="48.807066" lon="-121.61168">
         <ele>2070</ele>
      </rtept>
      <rtept lat="48.807085" lon="-121.611676">
         <ele>2070</ele>
      </rtept>
      <rtept lat="48.807106" lon="-121.611671">
         <ele>2070</ele>
      </rtept>
      <rtept lat="48.807119" lon="-121.611648">
         <ele>2070</ele>
      </rtept>
      <rtept lat="48.807136" lon="-121.611632">
         <ele>2070</ele>
      </rtept>
      <rtept lat="48.807158" lon="-121.611605">
         <ele>2070</ele>
      </rtept>
      <rtept lat="48.807174" lon="-121.611576">
         <ele>2070</ele>
      </rtept>
      <rtept lat="48.807189" lon="-121.611551">
         <ele>2070</ele>
      </rtept>
      <rtept lat="48.807209" lon="-121.611538">
         <ele>2070</ele>
      </rtept>
      <rtept lat="48.807229" lon="-121.61154">
         <ele>2070</ele>
      </rtept>
      <rtept lat="48.807248" lon="-121.611535">
         <ele>2070</ele>
      </rtept>
      <rtept lat="48.807268" lon="-121.61153">
         <ele>2070</ele>
      </rtept>
      <rtept lat="48.807293" lon="-121.611523">
         <ele>2070</ele>
      </rtept>
      <rtept lat="48.80731" lon="-121.611513">
         <ele>2070</ele>
      </rtept>
      <rtept lat="48.80733" lon="-121.611501">
         <ele>2070</ele>
      </rtept>
      <rtept lat="48.807354" lon="-121.611486">
         <ele>2070</ele>
      </rtept>
      <rtept lat="48.807377" lon="-121.611473">
         <ele>2070</ele>
      </rtept>
      <rtept lat="48.807395" lon="-121.611471">
         <ele>2080</ele>
      </rtept>
      <rtept lat="48.807413" lon="-121.611471">
         <ele>2080</ele>
      </rtept>
      <rtept lat="48.807433" lon="-121.611471">
         <ele>2080</ele>
      </rtept>
      <rtept lat="48.807459" lon="-121.611469">
         <ele>2080</ele>
      </rtept>
      <rtept lat="48.807483" lon="-121.611463">
         <ele>2080</ele>
      </rtept>
      <rtept lat="48.807502" lon="-121.611461">
         <ele>2080</ele>
      </rtept>
      <rtept lat="48.807521" lon="-121.611448">
         <ele>2080</ele>
      </rtept>
      <rtept lat="48.807534" lon="-121.61143">
         <ele>2080</ele>
      </rtept>
      <rtept lat="48.80755" lon="-121.611416">
         <ele>2080</ele>
      </rtept>
      <rtept lat="48.807569" lon="-121.611399">
         <ele>2080</ele>
      </rtept>
      <rtept lat="48.807585" lon="-121.611382">
         <ele>2080</ele>
      </rtept>
      <rtept lat="48.807602" lon="-121.611367">
         <ele>2080</ele>
      </rtept>
      <rtept lat="48.807628" lon="-121.611364">
         <ele>2080</ele>
      </rtept>
      <rtept lat="48.807653" lon="-121.611371">
         <ele>2080</ele>
      </rtept>
      <rtept lat="48.807673" lon="-121.611374">
         <ele>2090</ele>
      </rtept>
      <rtept lat="48.807692" lon="-121.61138">
         <ele>2090</ele>
      </rtept>
      <rtept lat="48.807716" lon="-121.611388">
         <ele>2090</ele>
      </rtept>
      <rtept lat="48.807736" lon="-121.611382">
         <ele>2090</ele>
      </rtept>
      <rtept lat="48.807757" lon="-121.611382">
         <ele>2090</ele>
      </rtept>
      <rtept lat="48.807778" lon="-121.611384">
         <ele>2090</ele>
      </rtept>
      <rtept lat="48.807799" lon="-121.611386">
         <ele>2090</ele>
      </rtept>
      <rtept lat="48.80782" lon="-121.611383">
         <ele>2090</ele>
      </rtept>
      <rtept lat="48.807846" lon="-121.611394">
         <ele>2090</ele>
      </rtept>
      <rtept lat="48.807867" lon="-121.611397">
         <ele>2100</ele>
      </rtept>
      <rtept lat="48.807889" lon="-121.611396">
         <ele>2100</ele>
      </rtept>
      <rtept lat="48.80791" lon="-121.611399">
         <ele>2100</ele>
      </rtept>
      <rtept lat="48.807931" lon="-121.6114">
         <ele>2100</ele>
      </rtept>
      <rtept lat="48.807943" lon="-121.611428">
         <ele>2100</ele>
      </rtept>
      <rtept lat="48.80796" lon="-121.611455">
         <ele>2100</ele>
      </rtept>
      <rtept lat="48.807978" lon="-121.61147">
         <ele>2100</ele>
      </rtept>
      <rtept lat="48.807994" lon="-121.611482">
         <ele>2100</ele>
      </rtept>
      <rtept lat="48.808008" lon="-121.611499">
         <ele>2110</ele>
      </rtept>
      <rtept lat="48.808034" lon="-121.611502">
         <ele>2110</ele>
      </rtept>
      <rtept lat="48.808052" lon="-121.611519">
         <ele>2110</ele>
      </rtept>
      <rtept lat="48.808067" lon="-121.611532">
         <ele>2110</ele>
      </rtept>
      <rtept lat="48.808086" lon="-121.611541">
         <ele>2110</ele>
      </rtept>
      <rtept lat="48.808102" lon="-121.611551">
         <ele>2110</ele>
      </rtept>
      <rtept lat="48.808122" lon="-121.611551">
         <ele>2110</ele>
      </rtept>
      <rtept lat="48.808144" lon="-121.611551">
         <ele>2110</ele>
      </rtept>
      <rtept lat="48.808164" lon="-121.611548">
         <ele>2110</ele>
      </rtept>
      <rtept lat="48.808186" lon="-121.611528">
         <ele>2110</ele>
      </rtept>
      <rtept lat="48.808208" lon="-121.61151">
         <ele>2120</ele>
      </rtept>
      <rtept lat="48.808226" lon="-121.611491">
         <ele>2120</ele>
      </rtept>
      <rtept lat="48.808234" lon="-121.611466">
         <ele>2120</ele>
      </rtept>
      <rtept lat="48.808251" lon="-121.611445">
         <ele>2120</ele>
      </rtept>
      <rtept lat="48.808278" lon="-121.611417">
         <ele>2120</ele>
      </rtept>
      <rtept lat="48.808309" lon="-121.611392">
         <ele>2120</ele>
      </rtept>
      <rtept lat="48.808338" lon="-121.611377">
         <ele>2120</ele>
      </rtept>
      <rtept lat="48.808359" lon="-121.611367">
         <ele>2120</ele>
      </rtept>
      <rtept lat="48.808379" lon="-121.611362">
         <ele>2120</ele>
      </rtept>
      <rtept lat="48.808397" lon="-121.611356">
         <ele>2120</ele>
      </rtept>
      <rtept lat="48.808416" lon="-121.611339">
         <ele>2120</ele>
      </rtept>
      <rtept lat="48.808437" lon="-121.611322">
         <ele>2120</ele>
      </rtept>
      <rtept lat="48.808462" lon="-121.611309">
         <ele>2120</ele>
      </rtept>
      <rtept lat="48.808482" lon="-121.611297">
         <ele>2120</ele>
      </rtept>
      <rtept lat="48.808505" lon="-121.611286">
         <ele>2120</ele>
      </rtept>
      <rtept lat="48.808526" lon="-121.611281">
         <ele>2130</ele>
      </rtept>
      <rtept lat="48.808545" lon="-121.611287">
         <ele>2130</ele>
      </rtept>
      <rtept lat="48.808568" lon="-121.611292">
         <ele>2130</ele>
      </rtept>
      <rtept lat="48.808586" lon="-121.6113">
         <ele>2130</ele>
      </rtept>
      <rtept lat="48.808609" lon="-121.611306">
         <ele>2130</ele>
      </rtept>
      <rtept lat="48.808636" lon="-121.611312">
         <ele>2130</ele>
      </rtept>
      <rtept lat="48.808656" lon="-121.611312">
         <ele>2130</ele>
      </rtept>
      <rtept lat="48.808677" lon="-121.611312">
         <ele>2130</ele>
      </rtept>
      <rtept lat="48.808703" lon="-121.611315">
         <ele>2130</ele>
      </rtept>
      <rtept lat="48.808722" lon="-121.611312">
         <ele>2130</ele>
      </rtept>
      <rtept lat="48.808747" lon="-121.61131">
         <ele>2130</ele>
      </rtept>
      <rtept lat="48.808774" lon="-121.611309">
         <ele>2130</ele>
      </rtept>
      <rtept lat="48.808793" lon="-121.611307">
         <ele>2140</ele>
      </rtept>
      <rtept lat="48.808817" lon="-121.611312">
         <ele>2140</ele>
      </rtept>
      <rtept lat="48.808836" lon="-121.611316">
         <ele>2140</ele>
      </rtept>
      <rtept lat="48.808863" lon="-121.611312">
         <ele>2140</ele>
      </rtept>
      <rtept lat="48.808885" lon="-121.611311">
         <ele>2140</ele>
      </rtept>
      <rtept lat="48.808908" lon="-121.611307">
         <ele>2140</ele>
      </rtept>
      <rtept lat="48.80893" lon="-121.611306">
         <ele>2140</ele>
      </rtept>
      <rtept lat="48.808952" lon="-121.611307">
         <ele>2140</ele>
      </rtept>
      <rtept lat="48.808972" lon="-121.611308">
         <ele>2140</ele>
      </rtept>
      <rtept lat="48.808994" lon="-121.611311">
         <ele>2140</ele>
      </rtept>
      <rtept lat="48.809014" lon="-121.611307">
         <ele>2140</ele>
      </rtept>
      <rtept lat="48.809036" lon="-121.611306">
         <ele>2140</ele>
      </rtept>
      <rtept lat="48.809058" lon="-121.611299">
         <ele>2140</ele>
      </rtept>
      <rtept lat="48.80908" lon="-121.611286">
         <ele>2140</ele>
      </rtept>
      <rtept lat="48.809103" lon="-121.611278">
         <ele>2140</ele>
      </rtept>
      <rtept lat="48.809132" lon="-121.611275">
         <ele>2140</ele>
      </rtept>
      <rtept lat="48.809155" lon="-121.611276">
         <ele>2140</ele>
      </rtept>
      <rtept lat="48.809178" lon="-121.611275">
         <ele>2140</ele>
      </rtept>
      <rtept lat="48.809197" lon="-121.611273">
         <ele>2150</ele>
      </rtept>
      <rtept lat="48.809222" lon="-121.61127">
         <ele>2150</ele>
      </rtept>
      <rtept lat="48.809245" lon="-121.61127">
         <ele>2150</ele>
      </rtept>
      <rtept lat="48.809268" lon="-121.611266">
         <ele>2150</ele>
      </rtept>
      <rtept lat="48.809287" lon="-121.611257">
         <ele>2150</ele>
      </rtept>
      <rtept lat="48.809305" lon="-121.611251">
         <ele>2150</ele>
      </rtept>
      <rtept lat="48.809325" lon="-121.611247">
         <ele>2150</ele>
      </rtept>
      <rtept lat="48.809351" lon="-121.611244">
         <ele>2150</ele>
      </rtept>
      <rtept lat="48.80937" lon="-121.611239">
         <ele>2150</ele>
      </rtept>
      <rtept lat="48.809392" lon="-121.611235">
         <ele>2150</ele>
      </rtept>
      <rtept lat="48.809416" lon="-121.611227">
         <ele>2150</ele>
      </rtept>
      <rtept lat="48.809443" lon="-121.611221">
         <ele>2150</ele>
      </rtept>
      <rtept lat="48.809472" lon="-121.611214">
         <ele>2150</ele>
      </rtept>
      <rtept lat="48.809493" lon="-121.611208">
         <ele>2150</ele>
      </rtept>
      <rtept lat="48.809511" lon="-121.611206">
         <ele>2150</ele>
      </rtept>
      <rtept lat="48.809534" lon="-121.61121">
         <ele>2150</ele>
      </rtept>
      <rtept lat="48.809553" lon="-121.611212">
         <ele>2150</ele>
      </rtept>
      <rtept lat="48.809581" lon="-121.611216">
         <ele>2160</ele>
      </rtept>
      <rtept lat="48.809601" lon="-121.611216">
         <ele>2160</ele>
      </rtept>
      <rtept lat="48.809621" lon="-121.611216">
         <ele>2160</ele>
      </rtept>
      <rtept lat="48.809642" lon="-121.611206">
         <ele>2160</ele>
      </rtept>
      <rtept lat="48.809668" lon="-121.611194">
         <ele>2160</ele>
      </rtept>
      <rtept lat="48.809698" lon="-121.61119">
         <ele>2160</ele>
      </rtept>
      <rtept lat="48.809727" lon="-121.611186">
         <ele>2160</ele>
      </rtept>
      <rtept lat="48.809759" lon="-121.611176">
         <ele>2160</ele>
      </rtept>
      <rtept lat="48.809786" lon="-121.611166">
         <ele>2160</ele>
      </rtept>
      <rtept lat="48.809813" lon="-121.611158">
         <ele>2160</ele>
      </rtept>
      <rtept lat="48.809841" lon="-121.61115">
         <ele>2160</ele>
      </rtept>
      <rtept lat="48.80987" lon="-121.611144">
         <ele>2160</ele>
      </rtept>
      <rtept lat="48.809891" lon="-121.61114">
         <ele>2160</ele>
      </rtept>
      <rtept lat="48.80992" lon="-121.611134">
         <ele>2160</ele>
      </rtept>
      <rtept lat="48.809944" lon="-121.611124">
         <ele>2170</ele>
      </rtept>
      <rtept lat="48.809967" lon="-121.61112">
         <ele>2170</ele>
      </rtept>
      <rtept lat="48.809993" lon="-121.611114">
         <ele>2170</ele>
      </rtept>
      <rtept lat="48.810013" lon="-121.611112">
         <ele>2170</ele>
      </rtept>
      <rtept lat="48.810039" lon="-121.611106">
         <ele>2170</ele>
      </rtept>
      <rtept lat="48.810059" lon="-121.611102">
         <ele>2170</ele>
      </rtept>
      <rtept lat="48.810081" lon="-121.611096">
         <ele>2170</ele>
      </rtept>
      <rtept lat="48.810104" lon="-121.61109">
         <ele>2170</ele>
      </rtept>
      <rtept lat="48.810126" lon="-121.611084">
         <ele>2170</ele>
      </rtept>
      <rtept lat="48.810148" lon="-121.611082">
         <ele>2170</ele>
      </rtept>
      <rtept lat="48.810171" lon="-121.61108">
         <ele>2170</ele>
      </rtept>
      <rtept lat="48.810196" lon="-121.61109">
         <ele>2170</ele>
      </rtept>
      <rtept lat="48.81022" lon="-121.611084">
         <ele>2170</ele>
      </rtept>
      <rtept lat="48.810247" lon="-121.61108">
         <ele>2170</ele>
      </rtept>
      <rtept lat="48.810271" lon="-121.611078">
         <ele>2170</ele>
      </rtept>
      <rtept lat="48.810293" lon="-121.611074">
         <ele>2170</ele>
      </rtept>
      <rtept lat="48.810313" lon="-121.61107">
         <ele>2180</ele>
      </rtept>
      <rtept lat="48.810333" lon="-121.611066">
         <ele>2180</ele>
      </rtept>
      <rtept lat="48.81036" lon="-121.611054">
         <ele>2180</ele>
      </rtept>
      <rtept lat="48.810383" lon="-121.61105">
         <ele>2180</ele>
      </rtept>
      <rtept lat="48.810404" lon="-121.611042">
         <ele>2180</ele>
      </rtept>
      <rtept lat="48.810423" lon="-121.611036">
         <ele>2180</ele>
      </rtept>
      <rtept lat="48.810443" lon="-121.611034">
         <ele>2180</ele>
      </rtept>
      <rtept lat="48.810466" lon="-121.61103">
         <ele>2180</ele>
      </rtept>
      <rtept lat="48.810489" lon="-121.61102">
         <ele>2180</ele>
      </rtept>
      <rtept lat="48.810516" lon="-121.611018">
         <ele>2180</ele>
      </rtept>
      <rtept lat="48.810545" lon="-121.611016">
         <ele>2180</ele>
      </rtept>
      <rtept lat="48.810569" lon="-121.611014">
         <ele>2180</ele>
      </rtept>
      <rtept lat="48.81059" lon="-121.611008">
         <ele>2180</ele>
      </rtept>
      <rtept lat="48.810614" lon="-121.611002">
         <ele>2180</ele>
      </rtept>
      <rtept lat="48.810645" lon="-121.611004">
         <ele>2180</ele>
      </rtept>
      <rtept lat="48.810669" lon="-121.611">
         <ele>2180</ele>
      </rtept>
      <rtept lat="48.810699" lon="-121.610998">
         <ele>2180</ele>
      </rtept>
      <rtept lat="48.810725" lon="-121.610998">
         <ele>2180</ele>
      </rtept>
      <rtept lat="48.810751" lon="-121.610996">
         <ele>2180</ele>
      </rtept>
      <rtept lat="48.81078" lon="-121.61099">
         <ele>2180</ele>
      </rtept>
      <rtept lat="48.810804" lon="-121.610982">
         <ele>2180</ele>
      </rtept>
      <rtept lat="48.810832" lon="-121.610978">
         <ele>2180</ele>
      </rtept>
      <rtept lat="48.81086" lon="-121.610974">
         <ele>2180</ele>
      </rtept>
      <rtept lat="48.810885" lon="-121.610964">
         <ele>2180</ele>
      </rtept>
      <rtept lat="48.810909" lon="-121.610958">
         <ele>2180</ele>
      </rtept>
      <rtept lat="48.810936" lon="-121.610952">
         <ele>2180</ele>
      </rtept>
      <rtept lat="48.810964" lon="-121.610947">
         <ele>2180</ele>
      </rtept>
      <rtept lat="48.81099" lon="-121.610944">
         <ele>2180</ele>
      </rtept>
      <rtept lat="48.811016" lon="-121.610943">
         <ele>2190</ele>
      </rtept>
      <rtept lat="48.81104" lon="-121.610939">
         <ele>2190</ele>
      </rtept>
      <rtept lat="48.811067" lon="-121.610936">
         <ele>2190</ele>
      </rtept>
      <rtept lat="48.811092" lon="-121.610935">
         <ele>2190</ele>
      </rtept>
      <rtept lat="48.811116" lon="-121.610933">
         <ele>2190</ele>
      </rtept>
      <rtept lat="48.811142" lon="-121.610931">
         <ele>2190</ele>
      </rtept>
      <rtept lat="48.81117" lon="-121.610924">
         <ele>2190</ele>
      </rtept>
      <rtept lat="48.811193" lon="-121.610915">
         <ele>2190</ele>
      </rtept>
      <rtept lat="48.811214" lon="-121.610913">
         <ele>2190</ele>
      </rtept>
      <rtept lat="48.81124" lon="-121.610907">
         <ele>2190</ele>
      </rtept>
      <rtept lat="48.811262" lon="-121.610904">
         <ele>2190</ele>
      </rtept>
      <rtept lat="48.81128" lon="-121.610893">
         <ele>2190</ele>
      </rtept>
      <rtept lat="48.8113" lon="-121.610885">
         <ele>2190</ele>
      </rtept>
      <rtept lat="48.811318" lon="-121.610882">
         <ele>2190</ele>
      </rtept>
      <rtept lat="48.81134" lon="-121.61088">
         <ele>2200</ele>
      </rtept>
      <rtept lat="48.811364" lon="-121.61088">
         <ele>2200</ele>
      </rtept>
      <rtept lat="48.811382" lon="-121.610877">
         <ele>2200</ele>
      </rtept>
      <rtept lat="48.811402" lon="-121.610879">
         <ele>2200</ele>
      </rtept>
      <rtept lat="48.811421" lon="-121.610883">
         <ele>2200</ele>
      </rtept>
      <rtept lat="48.81144" lon="-121.610884">
         <ele>2200</ele>
      </rtept>
      <rtept lat="48.811462" lon="-121.610882">
         <ele>2200</ele>
      </rtept>
      <rtept lat="48.811486" lon="-121.610878">
         <ele>2200</ele>
      </rtept>
      <rtept lat="48.81151" lon="-121.610872">
         <ele>2200</ele>
      </rtept>
      <rtept lat="48.811532" lon="-121.610865">
         <ele>2200</ele>
      </rtept>
      <rtept lat="48.811554" lon="-121.610855">
         <ele>2200</ele>
      </rtept>
      <rtept lat="48.811572" lon="-121.610846">
         <ele>2200</ele>
      </rtept>
      <rtept lat="48.811595" lon="-121.610844">
         <ele>2200</ele>
      </rtept>
      <rtept lat="48.81162" lon="-121.610836">
         <ele>2200</ele>
      </rtept>
      <rtept lat="48.811643" lon="-121.610832">
         <ele>2200</ele>
      </rtept>
      <rtept lat="48.811668" lon="-121.610827">
         <ele>2200</ele>
      </rtept>
      <rtept lat="48.811693" lon="-121.610818">
         <ele>2200</ele>
      </rtept>
      <rtept lat="48.811717" lon="-121.610805">
         <ele>2200</ele>
      </rtept>
      <rtept lat="48.811743" lon="-121.610792">
         <ele>2210</ele>
      </rtept>
      <rtept lat="48.811778" lon="-121.61078">
         <ele>2210</ele>
      </rtept>
      <rtept lat="48.811798" lon="-121.610773">
         <ele>2210</ele>
      </rtept>
      <rtept lat="48.811828" lon="-121.610764">
         <ele>2210</ele>
      </rtept>
      <rtept lat="48.811855" lon="-121.610758">
         <ele>2210</ele>
      </rtept>
      <rtept lat="48.811873" lon="-121.610754">
         <ele>2210</ele>
      </rtept>
      <rtept lat="48.811909" lon="-121.610746">
         <ele>2210</ele>
      </rtept>
      <rtept lat="48.811939" lon="-121.610735">
         <ele>2210</ele>
      </rtept>
      <rtept lat="48.811963" lon="-121.610727">
         <ele>2210</ele>
      </rtept>
      <rtept lat="48.811989" lon="-121.610716">
         <ele>2210</ele>
      </rtept>
      <rtept lat="48.812023" lon="-121.610709">
         <ele>2210</ele>
      </rtept>
      <rtept lat="48.812054" lon="-121.610705">
         <ele>2210</ele>
      </rtept>
      <rtept lat="48.812077" lon="-121.610697">
         <ele>2210</ele>
      </rtept>
      <rtept lat="48.812102" lon="-121.610689">
         <ele>2210</ele>
      </rtept>
      <rtept lat="48.812131" lon="-121.610677">
         <ele>2210</ele>
      </rtept>
      <rtept lat="48.812153" lon="-121.610651">
         <ele>2210</ele>
      </rtept>
      <rtept lat="48.812176" lon="-121.610642">
         <ele>2210</ele>
      </rtept>
      <rtept lat="48.8122" lon="-121.610638">
         <ele>2210</ele>
      </rtept>
      <rtept lat="48.812229" lon="-121.610638">
         <ele>2210</ele>
      </rtept>
      <rtept lat="48.812249" lon="-121.610638">
         <ele>2210</ele>
      </rtept>
      <rtept lat="48.812278" lon="-121.610635">
         <ele>2210</ele>
      </rtept>
      <rtept lat="48.812302" lon="-121.610631">
         <ele>2220</ele>
      </rtept>
      <rtept lat="48.81233" lon="-121.610626">
         <ele>2220</ele>
      </rtept>
      <rtept lat="48.812353" lon="-121.610614">
         <ele>2220</ele>
      </rtept>
      <rtept lat="48.812379" lon="-121.610608">
         <ele>2220</ele>
      </rtept>
      <rtept lat="48.812403" lon="-121.610604">
         <ele>2220</ele>
      </rtept>
      <rtept lat="48.812438" lon="-121.610598">
         <ele>2220</ele>
      </rtept>
      <rtept lat="48.812468" lon="-121.610594">
         <ele>2220</ele>
      </rtept>
      <rtept lat="48.812498" lon="-121.610591">
         <ele>2220</ele>
      </rtept>
      <rtept lat="48.812524" lon="-121.610591">
         <ele>2220</ele>
      </rtept>
      <rtept lat="48.812556" lon="-121.610589">
         <ele>2220</ele>
      </rtept>
      <rtept lat="48.81258" lon="-121.610584">
         <ele>2220</ele>
      </rtept>
      <rtept lat="48.812608" lon="-121.610581">
         <ele>2220</ele>
      </rtept>
      <rtept lat="48.812635" lon="-121.610581">
         <ele>2220</ele>
      </rtept>
      <rtept lat="48.812663" lon="-121.610579">
         <ele>2220</ele>
      </rtept>
      <rtept lat="48.81269" lon="-121.610577">
         <ele>2220</ele>
      </rtept>
      <rtept lat="48.812716" lon="-121.610572">
         <ele>2220</ele>
      </rtept>
      <rtept lat="48.812742" lon="-121.61057">
         <ele>2220</ele>
      </rtept>
      <rtept lat="48.812768" lon="-121.610567">
         <ele>2220</ele>
      </rtept>
      <rtept lat="48.812798" lon="-121.610563">
         <ele>2220</ele>
      </rtept>
      <rtept lat="48.812821" lon="-121.610561">
         <ele>2220</ele>
      </rtept>
      <rtept lat="48.812851" lon="-121.61056">
         <ele>2230</ele>
      </rtept>
      <rtept lat="48.812878" lon="-121.610558">
         <ele>2230</ele>
      </rtept>
      <rtept lat="48.812904" lon="-121.610553">
         <ele>2230</ele>
      </rtept>
      <rtept lat="48.81293" lon="-121.610549">
         <ele>2230</ele>
      </rtept>
      <rtept lat="48.812953" lon="-121.610543">
         <ele>2230</ele>
      </rtept>
      <rtept lat="48.81298" lon="-121.610533">
         <ele>2230</ele>
      </rtept>
      <rtept lat="48.813003" lon="-121.610525">
         <ele>2230</ele>
      </rtept>
      <rtept lat="48.813026" lon="-121.610515">
         <ele>2230</ele>
      </rtept>
      <rtept lat="48.813049" lon="-121.610511">
         <ele>2230</ele>
      </rtept>
      <rtept lat="48.813073" lon="-121.610506">
         <ele>2230</ele>
      </rtept>
      <rtept lat="48.8131" lon="-121.610498">
         <ele>2230</ele>
      </rtept>
      <rtept lat="48.813128" lon="-121.610489">
         <ele>2230</ele>
      </rtept>
      <rtept lat="48.813153" lon="-121.610477">
         <ele>2230</ele>
      </rtept>
      <rtept lat="48.813181" lon="-121.610469">
         <ele>2230</ele>
      </rtept>
      <rtept lat="48.813202" lon="-121.61046">
         <ele>2230</ele>
      </rtept>
      <rtept lat="48.813226" lon="-121.610451">
         <ele>2240</ele>
      </rtept>
      <rtept lat="48.81325" lon="-121.61044">
         <ele>2240</ele>
      </rtept>
      <rtept lat="48.813274" lon="-121.610432">
         <ele>2240</ele>
      </rtept>
      <rtept lat="48.813297" lon="-121.61042">
         <ele>2240</ele>
      </rtept>
      <rtept lat="48.813323" lon="-121.61041">
         <ele>2240</ele>
      </rtept>
      <rtept lat="48.813351" lon="-121.610398">
         <ele>2240</ele>
      </rtept>
      <rtept lat="48.813379" lon="-121.610391">
         <ele>2240</ele>
      </rtept>
      <rtept lat="48.813405" lon="-121.610387">
         <ele>2240</ele>
      </rtept>
      <rtept lat="48.81343" lon="-121.610373">
         <ele>2240</ele>
      </rtept>
      <rtept lat="48.813456" lon="-121.610363">
         <ele>2240</ele>
      </rtept>
      <rtept lat="48.813481" lon="-121.610368">
         <ele>2240</ele>
      </rtept>
      <rtept lat="48.813507" lon="-121.61036">
         <ele>2240</ele>
      </rtept>
      <rtept lat="48.813537" lon="-121.610347">
         <ele>2240</ele>
      </rtept>
      <rtept lat="48.813561" lon="-121.610343">
         <ele>2240</ele>
      </rtept>
      <rtept lat="48.813584" lon="-121.610336">
         <ele>2240</ele>
      </rtept>
      <rtept lat="48.813609" lon="-121.610331">
         <ele>2240</ele>
      </rtept>
      <rtept lat="48.813631" lon="-121.610323">
         <ele>2240</ele>
      </rtept>
      <rtept lat="48.813653" lon="-121.610313">
         <ele>2240</ele>
      </rtept>
      <rtept lat="48.813677" lon="-121.610298">
         <ele>2250</ele>
      </rtept>
      <rtept lat="48.813702" lon="-121.610286">
         <ele>2250</ele>
      </rtept>
      <rtept lat="48.813731" lon="-121.610274">
         <ele>2250</ele>
      </rtept>
      <rtept lat="48.813763" lon="-121.610264">
         <ele>2250</ele>
      </rtept>
      <rtept lat="48.813796" lon="-121.610248">
         <ele>2250</ele>
      </rtept>
      <rtept lat="48.813814" lon="-121.610242">
         <ele>2250</ele>
      </rtept>
      <rtept lat="48.813848" lon="-121.610231">
         <ele>2250</ele>
      </rtept>
      <rtept lat="48.813866" lon="-121.610225">
         <ele>2250</ele>
      </rtept>
      <rtept lat="48.813895" lon="-121.610214">
         <ele>2250</ele>
      </rtept>
      <rtept lat="48.813923" lon="-121.610203">
         <ele>2250</ele>
      </rtept>
      <rtept lat="48.813953" lon="-121.610195">
         <ele>2250</ele>
      </rtept>
      <rtept lat="48.813983" lon="-121.610188">
         <ele>2250</ele>
      </rtept>
      <rtept lat="48.814015" lon="-121.610179">
         <ele>2250</ele>
      </rtept>
      <rtept lat="48.814049" lon="-121.610174">
         <ele>2250</ele>
      </rtept>
      <rtept lat="48.81408" lon="-121.610168">
         <ele>2250</ele>
      </rtept>
      <rtept lat="48.81411" lon="-121.610162">
         <ele>2250</ele>
      </rtept>
      <rtept lat="48.814144" lon="-121.610161">
         <ele>2250</ele>
      </rtept>
      <rtept lat="48.814182" lon="-121.610162">
         <ele>2250</ele>
      </rtept>
      <rtept lat="48.814215" lon="-121.610164">
         <ele>2250</ele>
      </rtept>
      <rtept lat="48.814244" lon="-121.610168">
         <ele>2250</ele>
      </rtept>
      <rtept lat="48.814273" lon="-121.610171">
         <ele>2250</ele>
      </rtept>
      <rtept lat="48.814298" lon="-121.610173">
         <ele>2250</ele>
      </rtept>
      <rtept lat="48.814325" lon="-121.610164">
         <ele>2250</ele>
      </rtept>
      <rtept lat="48.814358" lon="-121.610167">
         <ele>2250</ele>
      </rtept>
      <rtept lat="48.814389" lon="-121.610173">
         <ele>2250</ele>
      </rtept>
      <rtept lat="48.814416" lon="-121.610176">
         <ele>2250</ele>
      </rtept>
      <rtept lat="48.814447" lon="-121.610183">
         <ele>2250</ele>
      </rtept>
      <rtept lat="48.814476" lon="-121.610189">
         <ele>2260</ele>
      </rtept>
      <rtept lat="48.814494" lon="-121.610191">
         <ele>2260</ele>
      </rtept>
      <rtept lat="48.814524" lon="-121.610206">
         <ele>2260</ele>
      </rtept>
      <rtept lat="48.814552" lon="-121.610212">
         <ele>2260</ele>
      </rtept>
      <rtept lat="48.814584" lon="-121.610217">
         <ele>2260</ele>
      </rtept>
      <rtept lat="48.814606" lon="-121.610221">
         <ele>2260</ele>
      </rtept>
      <rtept lat="48.814629" lon="-121.610223">
         <ele>2260</ele>
      </rtept>
      <rtept lat="48.814651" lon="-121.610227">
         <ele>2260</ele>
      </rtept>
      <rtept lat="48.814675" lon="-121.610232">
         <ele>2260</ele>
      </rtept>
      <rtept lat="48.814697" lon="-121.610236">
         <ele>2260</ele>
      </rtept>
      <rtept lat="48.81472" lon="-121.610239">
         <ele>2260</ele>
      </rtept>
      <rtept lat="48.814751" lon="-121.610241">
         <ele>2260</ele>
      </rtept>
      <rtept lat="48.814779" lon="-121.610243">
         <ele>2260</ele>
      </rtept>
      <rtept lat="48.814805" lon="-121.610244">
         <ele>2260</ele>
      </rtept>
      <rtept lat="48.814831" lon="-121.61025">
         <ele>2260</ele>
      </rtept>
      <rtept lat="48.81486" lon="-121.610247">
         <ele>2260</ele>
      </rtept>
      <rtept lat="48.814888" lon="-121.610242">
         <ele>2260</ele>
      </rtept>
      <rtept lat="48.814915" lon="-121.610239">
         <ele>2260</ele>
      </rtept>
      <rtept lat="48.814942" lon="-121.610236">
         <ele>2260</ele>
      </rtept>
      <rtept lat="48.814968" lon="-121.610233">
         <ele>2270</ele>
      </rtept>
      <rtept lat="48.814995" lon="-121.610231">
         <ele>2270</ele>
      </rtept>
      <rtept lat="48.815023" lon="-121.610228">
         <ele>2270</ele>
      </rtept>
      <rtept lat="48.815044" lon="-121.610226">
         <ele>2270</ele>
      </rtept>
      <rtept lat="48.815069" lon="-121.610221">
         <ele>2270</ele>
      </rtept>
      <rtept lat="48.815091" lon="-121.61022">
         <ele>2270</ele>
      </rtept>
      <rtept lat="48.815111" lon="-121.61022">
         <ele>2270</ele>
      </rtept>
      <rtept lat="48.81514" lon="-121.610215">
         <ele>2270</ele>
      </rtept>
      <rtept lat="48.815165" lon="-121.610209">
         <ele>2270</ele>
      </rtept>
      <rtept lat="48.81519" lon="-121.610204">
         <ele>2270</ele>
      </rtept>
      <rtept lat="48.815212" lon="-121.610199">
         <ele>2270</ele>
      </rtept>
      <rtept lat="48.815238" lon="-121.610197">
         <ele>2270</ele>
      </rtept>
      <rtept lat="48.81526" lon="-121.610193">
         <ele>2270</ele>
      </rtept>
      <rtept lat="48.815282" lon="-121.610194">
         <ele>2270</ele>
      </rtept>
      <rtept lat="48.815302" lon="-121.610192">
         <ele>2270</ele>
      </rtept>
      <rtept lat="48.815327" lon="-121.610188">
         <ele>2280</ele>
      </rtept>
      <rtept lat="48.815351" lon="-121.610182">
         <ele>2280</ele>
      </rtept>
      <rtept lat="48.815373" lon="-121.610176">
         <ele>2280</ele>
      </rtept>
      <rtept lat="48.815393" lon="-121.610174">
         <ele>2280</ele>
      </rtept>
      <rtept lat="48.815413" lon="-121.610163">
         <ele>2280</ele>
      </rtept>
      <rtept lat="48.815432" lon="-121.610153">
         <ele>2280</ele>
      </rtept>
      <rtept lat="48.815458" lon="-121.610148">
         <ele>2280</ele>
      </rtept>
      <rtept lat="48.815479" lon="-121.610142">
         <ele>2280</ele>
      </rtept>
      <rtept lat="48.815502" lon="-121.610136">
         <ele>2280</ele>
      </rtept>
      <rtept lat="48.815526" lon="-121.610132">
         <ele>2280</ele>
      </rtept>
      <rtept lat="48.815555" lon="-121.610119">
         <ele>2280</ele>
      </rtept>
      <rtept lat="48.815579" lon="-121.610104">
         <ele>2280</ele>
      </rtept>
      <rtept lat="48.815601" lon="-121.610096">
         <ele>2280</ele>
      </rtept>
      <rtept lat="48.815621" lon="-121.610087">
         <ele>2280</ele>
      </rtept>
      <rtept lat="48.815645" lon="-121.610079">
         <ele>2280</ele>
      </rtept>
      <rtept lat="48.815668" lon="-121.610068">
         <ele>2280</ele>
      </rtept>
      <rtept lat="48.81569" lon="-121.610055">
         <ele>2280</ele>
      </rtept>
      <rtept lat="48.815711" lon="-121.610044">
         <ele>2290</ele>
      </rtept>
      <rtept lat="48.815734" lon="-121.610033">
         <ele>2290</ele>
      </rtept>
      <rtept lat="48.815754" lon="-121.61002">
         <ele>2290</ele>
      </rtept>
      <rtept lat="48.815775" lon="-121.610009">
         <ele>2290</ele>
      </rtept>
      <rtept lat="48.815799" lon="-121.609989">
         <ele>2290</ele>
      </rtept>
      <rtept lat="48.815822" lon="-121.609971">
         <ele>2290</ele>
      </rtept>
      <rtept lat="48.815846" lon="-121.609954">
         <ele>2290</ele>
      </rtept>
      <rtept lat="48.815868" lon="-121.609938">
         <ele>2290</ele>
      </rtept>
      <rtept lat="48.815896" lon="-121.609921">
         <ele>2290</ele>
      </rtept>
      <rtept lat="48.815928" lon="-121.609913">
         <ele>2290</ele>
      </rtept>
      <rtept lat="48.81595" lon="-121.609897">
         <ele>2290</ele>
      </rtept>
      <rtept lat="48.81597" lon="-121.60988">
         <ele>2290</ele>
      </rtept>
      <rtept lat="48.81599" lon="-121.609866">
         <ele>2290</ele>
      </rtept>
      <rtept lat="48.816018" lon="-121.609847">
         <ele>2290</ele>
      </rtept>
      <rtept lat="48.816043" lon="-121.60983">
         <ele>2290</ele>
      </rtept>
      <rtept lat="48.816069" lon="-121.609815">
         <ele>2290</ele>
      </rtept>
      <rtept lat="48.816096" lon="-121.609798">
         <ele>2290</ele>
      </rtept>
      <rtept lat="48.816125" lon="-121.609782">
         <ele>2290</ele>
      </rtept>
      <rtept lat="48.816157" lon="-121.609758">
         <ele>2290</ele>
      </rtept>
      <rtept lat="48.816174" lon="-121.609747">
         <ele>2290</ele>
      </rtept>
      <rtept lat="48.816191" lon="-121.609734">
         <ele>2290</ele>
      </rtept>
      <rtept lat="48.816222" lon="-121.609707">
         <ele>2290</ele>
      </rtept>
      <rtept lat="48.816253" lon="-121.609681">
         <ele>2290</ele>
      </rtept>
      <rtept lat="48.816269" lon="-121.609669">
         <ele>2290</ele>
      </rtept>
      <rtept lat="48.816285" lon="-121.609656">
         <ele>2290</ele>
      </rtept>
      <rtept lat="48.816318" lon="-121.609636">
         <ele>2290</ele>
      </rtept>
      <rtept lat="48.816337" lon="-121.609626">
         <ele>2290</ele>
      </rtept>
      <rtept lat="48.816369" lon="-121.609609">
         <ele>2300</ele>
      </rtept>
      <rtept lat="48.8164" lon="-121.609591">
         <ele>2300</ele>
      </rtept>
      <rtept lat="48.816431" lon="-121.609572">
         <ele>2300</ele>
      </rtept>
      <rtept lat="48.816464" lon="-121.609556">
         <ele>2300</ele>
      </rtept>
      <rtept lat="48.816495" lon="-121.609544">
         <ele>2300</ele>
      </rtept>
      <rtept lat="48.816523" lon="-121.609523">
         <ele>2300</ele>
      </rtept>
      <rtept lat="48.816553" lon="-121.609506">
         <ele>2300</ele>
      </rtept>
      <rtept lat="48.816583" lon="-121.60949">
         <ele>2300</ele>
      </rtept>
      <rtept lat="48.816616" lon="-121.609479">
         <ele>2300</ele>
      </rtept>
      <rtept lat="48.816648" lon="-121.609473">
         <ele>2300</ele>
      </rtept>
      <rtept lat="48.81668" lon="-121.609468">
         <ele>2300</ele>
      </rtept>
      <rtept lat="48.816711" lon="-121.609466">
         <ele>2300</ele>
      </rtept>
      <rtept lat="48.816742" lon="-121.609461">
         <ele>2300</ele>
      </rtept>
      <rtept lat="48.816776" lon="-121.609462">
         <ele>2300</ele>
      </rtept>
      <rtept lat="48.816809" lon="-121.609461">
         <ele>2300</ele>
      </rtept>
      <rtept lat="48.816841" lon="-121.60946">
         <ele>2300</ele>
      </rtept>
      <rtept lat="48.816859" lon="-121.609463">
         <ele>2300</ele>
      </rtept>
      <rtept lat="48.816894" lon="-121.609465">
         <ele>2300</ele>
      </rtept>
      <rtept lat="48.816921" lon="-121.609471">
         <ele>2300</ele>
      </rtept>
      <rtept lat="48.816947" lon="-121.609475">
         <ele>2300</ele>
      </rtept>
      <rtept lat="48.81698" lon="-121.609477">
         <ele>2300</ele>
      </rtept>
      <rtept lat="48.817018" lon="-121.609482">
         <ele>2300</ele>
      </rtept>
      <rtept lat="48.817038" lon="-121.609486">
         <ele>2300</ele>
      </rtept>
      <rtept lat="48.817056" lon="-121.60949">
         <ele>2300</ele>
      </rtept>
      <rtept lat="48.817076" lon="-121.609494">
         <ele>2300</ele>
      </rtept>
      <rtept lat="48.817096" lon="-121.609496">
         <ele>2300</ele>
      </rtept>
      <rtept lat="48.817132" lon="-121.609502">
         <ele>2300</ele>
      </rtept>
      <rtept lat="48.817151" lon="-121.609507">
         <ele>2300</ele>
      </rtept>
      <rtept lat="48.817169" lon="-121.60951">
         <ele>2300</ele>
      </rtept>
      <rtept lat="48.817188" lon="-121.609513">
         <ele>2300</ele>
      </rtept>
      <rtept lat="48.817223" lon="-121.609521">
         <ele>2300</ele>
      </rtept>
      <rtept lat="48.817255" lon="-121.609524">
         <ele>2300</ele>
      </rtept>
      <rtept lat="48.817289" lon="-121.609524">
         <ele>2300</ele>
      </rtept>
      <rtept lat="48.817324" lon="-121.609531">
         <ele>2300</ele>
      </rtept>
      <rtept lat="48.817342" lon="-121.609536">
         <ele>2300</ele>
      </rtept>
      <rtept lat="48.817361" lon="-121.609541">
         <ele>2300</ele>
      </rtept>
      <rtept lat="48.81738" lon="-121.609546">
         <ele>2300</ele>
      </rtept>
      <rtept lat="48.817414" lon="-121.609559">
         <ele>2300</ele>
      </rtept>
      <rtept lat="48.817433" lon="-121.609564">
         <ele>2300</ele>
      </rtept>
      <rtept lat="48.817451" lon="-121.609569">
         <ele>2300</ele>
      </rtept>
      <rtept lat="48.81747" lon="-121.609574">
         <ele>2300</ele>
      </rtept>
      <rtept lat="48.81749" lon="-121.60958">
         <ele>2300</ele>
      </rtept>
      <rtept lat="48.81751" lon="-121.609584">
         <ele>2300</ele>
      </rtept>
      <rtept lat="48.817529" lon="-121.609586">
         <ele>2300</ele>
      </rtept>
      <rtept lat="48.817549" lon="-121.609591">
         <ele>2300</ele>
      </rtept>
      <rtept lat="48.817571" lon="-121.609599">
         <ele>2300</ele>
      </rtept>
      <rtept lat="48.817596" lon="-121.609607">
         <ele>2300</ele>
      </rtept>
      <rtept lat="48.817621" lon="-121.609614">
         <ele>2300</ele>
      </rtept>
      <rtept lat="48.817646" lon="-121.609619">
         <ele>2300</ele>
      </rtept>
      <rtept lat="48.817671" lon="-121.609624">
         <ele>2300</ele>
      </rtept>
      <rtept lat="48.817696" lon="-121.60963">
         <ele>2300</ele>
      </rtept>
      <rtept lat="48.817723" lon="-121.609637">
         <ele>2300</ele>
      </rtept>
      <rtept lat="48.817755" lon="-121.609645">
         <ele>2300</ele>
      </rtept>
      <rtept lat="48.817786" lon="-121.609652">
         <ele>2300</ele>
      </rtept>
      <rtept lat="48.817815" lon="-121.609658">
         <ele>2300</ele>
      </rtept>
      <rtept lat="48.817845" lon="-121.609666">
         <ele>2300</ele>
      </rtept>
      <rtept lat="48.817881" lon="-121.609674">
         <ele>2300</ele>
      </rtept>
      <rtept lat="48.817914" lon="-121.609679">
         <ele>2300</ele>
      </rtept>
      <rtept lat="48.817949" lon="-121.609687">
         <ele>2300</ele>
      </rtept>
      <rtept lat="48.81798" lon="-121.609693">
         <ele>2300</ele>
      </rtept>
      <rtept lat="48.818008" lon="-121.609699">
         <ele>2300</ele>
      </rtept>
      <rtept lat="48.818041" lon="-121.609705">
         <ele>2300</ele>
      </rtept>
      <rtept lat="48.818074" lon="-121.609712">
         <ele>2300</ele>
      </rtept>
      <rtept lat="48.818099" lon="-121.609718">
         <ele>2300</ele>
      </rtept>
      <rtept lat="48.81813" lon="-121.609727">
         <ele>2300</ele>
      </rtept>
      <rtept lat="48.818162" lon="-121.609732">
         <ele>2290</ele>
      </rtept>
      <rtept lat="48.818186" lon="-121.609736">
         <ele>2290</ele>
      </rtept>
      <rtept lat="48.818214" lon="-121.609744">
         <ele>2290</ele>
      </rtept>
      <rtept lat="48.818245" lon="-121.609751">
         <ele>2290</ele>
      </rtept>
      <rtept lat="48.818276" lon="-121.60976">
         <ele>2290</ele>
      </rtept>
      <rtept lat="48.818307" lon="-121.609763">
         <ele>2290</ele>
      </rtept>
      <rtept lat="48.818339" lon="-121.609765">
         <ele>2290</ele>
      </rtept>
      <rtept lat="48.818369" lon="-121.609764">
         <ele>2290</ele>
      </rtept>
      <rtept lat="48.818401" lon="-121.609767">
         <ele>2290</ele>
      </rtept>
      <rtept lat="48.818432" lon="-121.609771">
         <ele>2290</ele>
      </rtept>
      <rtept lat="48.818458" lon="-121.609774">
         <ele>2290</ele>
      </rtept>
      <rtept lat="48.818489" lon="-121.609783">
         <ele>2290</ele>
      </rtept>
      <rtept lat="48.818519" lon="-121.609788">
         <ele>2290</ele>
      </rtept>
      <rtept lat="48.818546" lon="-121.609793">
         <ele>2290</ele>
      </rtept>
      <rtept lat="48.818573" lon="-121.609801">
         <ele>2290</ele>
      </rtept>
      <rtept lat="48.8186" lon="-121.609809">
         <ele>2290</ele>
      </rtept>
      <rtept lat="48.81863" lon="-121.609815">
         <ele>2290</ele>
      </rtept>
      <rtept lat="48.818659" lon="-121.609823">
         <ele>2290</ele>
      </rtept>
      <rtept lat="48.818689" lon="-121.609831">
         <ele>2290</ele>
      </rtept>
      <rtept lat="48.818717" lon="-121.609834">
         <ele>2290</ele>
      </rtept>
      <rtept lat="48.818747" lon="-121.609842">
         <ele>2290</ele>
      </rtept>
      <rtept lat="48.818777" lon="-121.609848">
         <ele>2290</ele>
      </rtept>
      <rtept lat="48.818804" lon="-121.609852">
         <ele>2290</ele>
      </rtept>
      <rtept lat="48.818834" lon="-121.609857">
         <ele>2290</ele>
      </rtept>
      <rtept lat="48.818861" lon="-121.609862">
         <ele>2290</ele>
      </rtept>
      <rtept lat="48.81889" lon="-121.609867">
         <ele>2290</ele>
      </rtept>
      <rtept lat="48.81892" lon="-121.609872">
         <ele>2290</ele>
      </rtept>
      <rtept lat="48.818949" lon="-121.609875">
         <ele>2290</ele>
      </rtept>
      <rtept lat="48.818978" lon="-121.609875">
         <ele>2290</ele>
      </rtept>
      <rtept lat="48.819008" lon="-121.609877">
         <ele>2290</ele>
      </rtept>
      <rtept lat="48.819035" lon="-121.609878">
         <ele>2290</ele>
      </rtept>
      <rtept lat="48.819062" lon="-121.609879">
         <ele>2290</ele>
      </rtept>
      <rtept lat="48.819091" lon="-121.60988">
         <ele>2290</ele>
      </rtept>
      <rtept lat="48.819118" lon="-121.609885">
         <ele>2290</ele>
      </rtept>
      <rtept lat="48.819144" lon="-121.609891">
         <ele>2290</ele>
      </rtept>
      <rtept lat="48.819175" lon="-121.609898">
         <ele>2290</ele>
      </rtept>
      <rtept lat="48.819206" lon="-121.6099">
         <ele>2290</ele>
      </rtept>
      <rtept lat="48.819236" lon="-121.609902">
         <ele>2290</ele>
      </rtept>
      <rtept lat="48.819267" lon="-121.609908">
         <ele>2290</ele>
      </rtept>
      <rtept lat="48.819298" lon="-121.609915">
         <ele>2290</ele>
      </rtept>
      <rtept lat="48.819327" lon="-121.609918">
         <ele>2290</ele>
      </rtept>
      <rtept lat="48.819359" lon="-121.609924">
         <ele>2290</ele>
      </rtept>
      <rtept lat="48.819387" lon="-121.609926">
         <ele>2290</ele>
      </rtept>
      <rtept lat="48.819416" lon="-121.609928">
         <ele>2290</ele>
      </rtept>
      <rtept lat="48.819445" lon="-121.609932">
         <ele>2290</ele>
      </rtept>
      <rtept lat="48.819477" lon="-121.609931">
         <ele>2290</ele>
      </rtept>
      <rtept lat="48.819506" lon="-121.609936">
         <ele>2290</ele>
      </rtept>
      <rtept lat="48.819537" lon="-121.609945">
         <ele>2290</ele>
      </rtept>
      <rtept lat="48.819565" lon="-121.60995">
         <ele>2290</ele>
      </rtept>
      <rtept lat="48.81959" lon="-121.609957">
         <ele>2290</ele>
      </rtept>
      <rtept lat="48.81962" lon="-121.609964">
         <ele>2290</ele>
      </rtept>
      <rtept lat="48.819647" lon="-121.609967">
         <ele>2290</ele>
      </rtept>
      <rtept lat="48.819672" lon="-121.609968">
         <ele>2290</ele>
      </rtept>
      <rtept lat="48.819695" lon="-121.609966">
         <ele>2290</ele>
      </rtept>
      <rtept lat="48.819719" lon="-121.609968">
         <ele>2290</ele>
      </rtept>
      <rtept lat="48.819743" lon="-121.609972">
         <ele>2290</ele>
      </rtept>
      <rtept lat="48.819771" lon="-121.609973">
         <ele>2290</ele>
      </rtept>
      <rtept lat="48.819799" lon="-121.609976">
         <ele>2290</ele>
      </rtept>
      <rtept lat="48.819827" lon="-121.609979">
         <ele>2290</ele>
      </rtept>
      <rtept lat="48.819859" lon="-121.609985">
         <ele>2290</ele>
      </rtept>
      <rtept lat="48.819886" lon="-121.609987">
         <ele>2290</ele>
      </rtept>
      <rtept lat="48.819912" lon="-121.609991">
         <ele>2290</ele>
      </rtept>
      <rtept lat="48.819934" lon="-121.609991">
         <ele>2290</ele>
      </rtept>
      <rtept lat="48.819959" lon="-121.609996">
         <ele>2290</ele>
      </rtept>
      <rtept lat="48.819986" lon="-121.610004">
         <ele>2290</ele>
      </rtept>
      <rtept lat="48.820009" lon="-121.610008">
         <ele>2290</ele>
      </rtept>
      <rtept lat="48.820034" lon="-121.610014">
         <ele>2290</ele>
      </rtept>
      <rtept lat="48.820057" lon="-121.610025">
         <ele>2290</ele>
      </rtept>
      <rtept lat="48.820077" lon="-121.61003">
         <ele>2290</ele>
      </rtept>
      <rtept lat="48.820103" lon="-121.610037">
         <ele>2290</ele>
      </rtept>
      <rtept lat="48.820122" lon="-121.610043">
         <ele>2290</ele>
      </rtept>
      <rtept lat="48.82014" lon="-121.610048">
         <ele>2290</ele>
      </rtept>
      <rtept lat="48.820161" lon="-121.610055">
         <ele>2290</ele>
      </rtept>
      <rtept lat="48.820186" lon="-121.61006">
         <ele>2290</ele>
      </rtept>
      <rtept lat="48.820208" lon="-121.610065">
         <ele>2290</ele>
      </rtept>
      <rtept lat="48.820232" lon="-121.610071">
         <ele>2290</ele>
      </rtept>
      <rtept lat="48.820254" lon="-121.61008">
         <ele>2290</ele>
      </rtept>
      <rtept lat="48.820274" lon="-121.610087">
         <ele>2290</ele>
      </rtept>
      <rtept lat="48.820297" lon="-121.610094">
         <ele>2300</ele>
      </rtept>
      <rtept lat="48.820322" lon="-121.610099">
         <ele>2300</ele>
      </rtept>
      <rtept lat="48.820345" lon="-121.6101">
         <ele>2300</ele>
      </rtept>
      <rtept lat="48.820363" lon="-121.6101">
         <ele>2300</ele>
      </rtept>
      <rtept lat="48.820386" lon="-121.610103">
         <ele>2300</ele>
      </rtept>
      <rtept lat="48.820404" lon="-121.610106">
         <ele>2300</ele>
      </rtept>
      <rtept lat="48.820427" lon="-121.610113">
         <ele>2300</ele>
      </rtept>
      <rtept lat="48.820449" lon="-121.610118">
         <ele>2300</ele>
      </rtept>
      <rtept lat="48.820487" lon="-121.610122">
         <ele>2300</ele>
      </rtept>
      <rtept lat="48.820509" lon="-121.610125">
         <ele>2300</ele>
      </rtept>
      <rtept lat="48.820528" lon="-121.610127">
         <ele>2300</ele>
      </rtept>
      <rtept lat="48.820547" lon="-121.610133">
         <ele>2300</ele>
      </rtept>
      <rtept lat="48.820569" lon="-121.610134">
         <ele>2300</ele>
      </rtept>
      <rtept lat="48.820608" lon="-121.610134">
         <ele>2300</ele>
      </rtept>
      <rtept lat="48.820627" lon="-121.610135">
         <ele>2300</ele>
      </rtept>
      <rtept lat="48.820645" lon="-121.610139">
         <ele>2300</ele>
      </rtept>
      <rtept lat="48.82068" lon="-121.610148">
         <ele>2300</ele>
      </rtept>
      <rtept lat="48.820714" lon="-121.610159">
         <ele>2300</ele>
      </rtept>
      <rtept lat="48.820747" lon="-121.610171">
         <ele>2300</ele>
      </rtept>
      <rtept lat="48.820765" lon="-121.610172">
         <ele>2300</ele>
      </rtept>
      <rtept lat="48.8208" lon="-121.610175">
         <ele>2300</ele>
      </rtept>
      <rtept lat="48.820824" lon="-121.61018">
         <ele>2300</ele>
      </rtept>
      <rtept lat="48.820857" lon="-121.610186">
         <ele>2300</ele>
      </rtept>
      <rtept lat="48.820886" lon="-121.610184">
         <ele>2300</ele>
      </rtept>
      <rtept lat="48.820914" lon="-121.610188">
         <ele>2310</ele>
      </rtept>
      <rtept lat="48.820943" lon="-121.610195">
         <ele>2310</ele>
      </rtept>
      <rtept lat="48.820961" lon="-121.610201">
         <ele>2310</ele>
      </rtept>
      <rtept lat="48.820993" lon="-121.610202">
         <ele>2310</ele>
      </rtept>
      <rtept lat="48.821013" lon="-121.610205">
         <ele>2310</ele>
      </rtept>
      <rtept lat="48.821046" lon="-121.610211">
         <ele>2310</ele>
      </rtept>
      <rtept lat="48.821064" lon="-121.610216">
         <ele>2310</ele>
      </rtept>
      <rtept lat="48.821096" lon="-121.610218">
         <ele>2310</ele>
      </rtept>
      <rtept lat="48.821129" lon="-121.610218">
         <ele>2310</ele>
      </rtept>
      <rtept lat="48.821159" lon="-121.610224">
         <ele>2310</ele>
      </rtept>
      <rtept lat="48.821191" lon="-121.610223">
         <ele>2310</ele>
      </rtept>
      <rtept lat="48.821217" lon="-121.610218">
         <ele>2310</ele>
      </rtept>
      <rtept lat="48.821245" lon="-121.610216">
         <ele>2310</ele>
      </rtept>
      <rtept lat="48.821268" lon="-121.610213">
         <ele>2310</ele>
      </rtept>
      <rtept lat="48.821298" lon="-121.610215">
         <ele>2310</ele>
      </rtept>
      <rtept lat="48.821333" lon="-121.61022">
         <ele>2310</ele>
      </rtept>
      <rtept lat="48.821361" lon="-121.610223">
         <ele>2310</ele>
      </rtept>
      <rtept lat="48.821392" lon="-121.610227">
         <ele>2310</ele>
      </rtept>
      <rtept lat="48.821423" lon="-121.61023">
         <ele>2310</ele>
      </rtept>
      <rtept lat="48.821442" lon="-121.610232">
         <ele>2310</ele>
      </rtept>
      <rtept lat="48.821476" lon="-121.610238">
         <ele>2320</ele>
      </rtept>
      <rtept lat="48.821495" lon="-121.610243">
         <ele>2320</ele>
      </rtept>
      <rtept lat="48.821521" lon="-121.610241">
         <ele>2320</ele>
      </rtept>
      <rtept lat="48.821553" lon="-121.610234">
         <ele>2320</ele>
      </rtept>
      <rtept lat="48.821573" lon="-121.610233">
         <ele>2320</ele>
      </rtept>
      <rtept lat="48.821603" lon="-121.61023">
         <ele>2320</ele>
      </rtept>
      <rtept lat="48.821635" lon="-121.610228">
         <ele>2320</ele>
      </rtept>
      <rtept lat="48.821667" lon="-121.610234">
         <ele>2320</ele>
      </rtept>
      <rtept lat="48.821697" lon="-121.610235">
         <ele>2320</ele>
      </rtept>
      <rtept lat="48.821727" lon="-121.610238">
         <ele>2320</ele>
      </rtept>
      <rtept lat="48.821745" lon="-121.610242">
         <ele>2320</ele>
      </rtept>
      <rtept lat="48.821775" lon="-121.610239">
         <ele>2320</ele>
      </rtept>
      <rtept lat="48.821809" lon="-121.610238">
         <ele>2320</ele>
      </rtept>
      <rtept lat="48.821841" lon="-121.610238">
         <ele>2320</ele>
      </rtept>
      <rtept lat="48.821874" lon="-121.610242">
         <ele>2320</ele>
      </rtept>
      <rtept lat="48.821907" lon="-121.610248">
         <ele>2320</ele>
      </rtept>
      <rtept lat="48.821942" lon="-121.610257">
         <ele>2320</ele>
      </rtept>
      <rtept lat="48.821961" lon="-121.61026">
         <ele>2320</ele>
      </rtept>
      <rtept lat="48.821997" lon="-121.610259">
         <ele>2320</ele>
      </rtept>
      <rtept lat="48.822029" lon="-121.61025">
         <ele>2320</ele>
      </rtept>
      <rtept lat="48.822049" lon="-121.610249">
         <ele>2320</ele>
      </rtept>
      <rtept lat="48.822067" lon="-121.610246">
         <ele>2320</ele>
      </rtept>
      <rtept lat="48.822086" lon="-121.61024">
         <ele>2320</ele>
      </rtept>
      <rtept lat="48.822108" lon="-121.610237">
         <ele>2320</ele>
      </rtept>
      <rtept lat="48.822127" lon="-121.610231">
         <ele>2320</ele>
      </rtept>
      <rtept lat="48.822163" lon="-121.610223">
         <ele>2320</ele>
      </rtept>
      <rtept lat="48.822199" lon="-121.610211">
         <ele>2330</ele>
      </rtept>
      <rtept lat="48.822225" lon="-121.610205">
         <ele>2330</ele>
      </rtept>
      <rtept lat="48.822245" lon="-121.610199">
         <ele>2330</ele>
      </rtept>
      <rtept lat="48.822265" lon="-121.610196">
         <ele>2330</ele>
      </rtept>
      <rtept lat="48.822284" lon="-121.610194">
         <ele>2330</ele>
      </rtept>
      <rtept lat="48.822323" lon="-121.610189">
         <ele>2330</ele>
      </rtept>
      <rtept lat="48.822345" lon="-121.610186">
         <ele>2330</ele>
      </rtept>
      <rtept lat="48.822365" lon="-121.61018">
         <ele>2330</ele>
      </rtept>
      <rtept lat="48.822401" lon="-121.610175">
         <ele>2330</ele>
      </rtept>
      <rtept lat="48.82242" lon="-121.610172">
         <ele>2330</ele>
      </rtept>
      <rtept lat="48.822455" lon="-121.610157">
         <ele>2330</ele>
      </rtept>
      <rtept lat="48.822476" lon="-121.610152">
         <ele>2330</ele>
      </rtept>
      <rtept lat="48.822493" lon="-121.610142">
         <ele>2330</ele>
      </rtept>
      <rtept lat="48.822514" lon="-121.610136">
         <ele>2330</ele>
      </rtept>
      <rtept lat="48.822535" lon="-121.61013">
         <ele>2330</ele>
      </rtept>
      <rtept lat="48.822572" lon="-121.610125">
         <ele>2330</ele>
      </rtept>
      <rtept lat="48.822593" lon="-121.610119">
         <ele>2330</ele>
      </rtept>
      <rtept lat="48.822615" lon="-121.610119">
         <ele>2330</ele>
      </rtept>
      <rtept lat="48.822637" lon="-121.610117">
         <ele>2330</ele>
      </rtept>
      <rtept lat="48.822658" lon="-121.61011">
         <ele>2330</ele>
      </rtept>
      <rtept lat="48.822679" lon="-121.610101">
         <ele>2330</ele>
      </rtept>
      <rtept lat="48.822699" lon="-121.610093">
         <ele>2330</ele>
      </rtept>
      <rtept lat="48.82272" lon="-121.610085">
         <ele>2330</ele>
      </rtept>
      <rtept lat="48.822742" lon="-121.61008">
         <ele>2330</ele>
      </rtept>
      <rtept lat="48.822762" lon="-121.610073">
         <ele>2330</ele>
      </rtept>
      <rtept lat="48.822781" lon="-121.610066">
         <ele>2330</ele>
      </rtept>
      <rtept lat="48.8228" lon="-121.61006">
         <ele>2330</ele>
      </rtept>
      <rtept lat="48.822817" lon="-121.610054">
         <ele>2330</ele>
      </rtept>
      <rtept lat="48.822852" lon="-121.610042">
         <ele>2330</ele>
      </rtept>
      <rtept lat="48.822873" lon="-121.610036">
         <ele>2330</ele>
      </rtept>
      <rtept lat="48.822903" lon="-121.610026">
         <ele>2330</ele>
      </rtept>
      <rtept lat="48.822935" lon="-121.610005">
         <ele>2330</ele>
      </rtept>
      <rtept lat="48.822955" lon="-121.609995">
         <ele>2330</ele>
      </rtept>
      <rtept lat="48.822976" lon="-121.609989">
         <ele>2330</ele>
      </rtept>
      <rtept lat="48.82301" lon="-121.609969">
         <ele>2330</ele>
      </rtept>
      <rtept lat="48.823036" lon="-121.609958">
         <ele>2330</ele>
      </rtept>
      <rtept lat="48.823072" lon="-121.609947">
         <ele>2330</ele>
      </rtept>
      <rtept lat="48.823103" lon="-121.609927">
         <ele>2340</ele>
      </rtept>
      <rtept lat="48.823136" lon="-121.609914">
         <ele>2340</ele>
      </rtept>
      <rtept lat="48.823153" lon="-121.609907">
         <ele>2340</ele>
      </rtept>
      <rtept lat="48.823181" lon="-121.609891">
         <ele>2340</ele>
      </rtept>
      <rtept lat="48.82321" lon="-121.609879">
         <ele>2340</ele>
      </rtept>
      <rtept lat="48.823236" lon="-121.609863">
         <ele>2340</ele>
      </rtept>
      <rtept lat="48.823266" lon="-121.609847">
         <ele>2340</ele>
      </rtept>
      <rtept lat="48.823292" lon="-121.609826">
         <ele>2340</ele>
      </rtept>
      <rtept lat="48.82332" lon="-121.609809">
         <ele>2340</ele>
      </rtept>
      <rtept lat="48.823349" lon="-121.609794">
         <ele>2340</ele>
      </rtept>
      <rtept lat="48.823381" lon="-121.609774">
         <ele>2340</ele>
      </rtept>
      <rtept lat="48.82341" lon="-121.609752">
         <ele>2340</ele>
      </rtept>
      <rtept lat="48.823435" lon="-121.60973">
         <ele>2340</ele>
      </rtept>
      <rtept lat="48.823464" lon="-121.609706">
         <ele>2340</ele>
      </rtept>
      <rtept lat="48.82349" lon="-121.609689">
         <ele>2340</ele>
      </rtept>
      <rtept lat="48.823514" lon="-121.609663">
         <ele>2340</ele>
      </rtept>
      <rtept lat="48.823535" lon="-121.609639">
         <ele>2340</ele>
      </rtept>
      <rtept lat="48.823559" lon="-121.609605">
         <ele>2340</ele>
      </rtept>
      <rtept lat="48.823579" lon="-121.609575">
         <ele>2350</ele>
      </rtept>
      <rtept lat="48.823597" lon="-121.609547">
         <ele>2350</ele>
      </rtept>
      <rtept lat="48.823616" lon="-121.60952">
         <ele>2350</ele>
      </rtept>
      <rtept lat="48.823639" lon="-121.60949">
         <ele>2350</ele>
      </rtept>
      <rtept lat="48.823656" lon="-121.609476">
         <ele>2350</ele>
      </rtept>
      <rtept lat="48.823674" lon="-121.60945">
         <ele>2350</ele>
      </rtept>
      <rtept lat="48.823694" lon="-121.609423">
         <ele>2350</ele>
      </rtept>
      <rtept lat="48.823714" lon="-121.609398">
         <ele>2350</ele>
      </rtept>
      <rtept lat="48.823734" lon="-121.609371">
         <ele>2350</ele>
      </rtept>
      <rtept lat="48.823755" lon="-121.609339">
         <ele>2350</ele>
      </rtept>
      <rtept lat="48.823777" lon="-121.609308">
         <ele>2350</ele>
      </rtept>
      <rtept lat="48.823795" lon="-121.60928">
         <ele>2350</ele>
      </rtept>
      <rtept lat="48.823814" lon="-121.609251">
         <ele>2350</ele>
      </rtept>
      <rtept lat="48.823834" lon="-121.609218">
         <ele>2350</ele>
      </rtept>
      <rtept lat="48.823849" lon="-121.609195">
         <ele>2350</ele>
      </rtept>
      <rtept lat="48.823866" lon="-121.60917">
         <ele>2350</ele>
      </rtept>
      <rtept lat="48.823879" lon="-121.60915">
         <ele>2350</ele>
      </rtept>
      <rtept lat="48.823895" lon="-121.609119">
         <ele>2350</ele>
      </rtept>
      <rtept lat="48.823902" lon="-121.609093">
         <ele>2360</ele>
      </rtept>
      <rtept lat="48.823913" lon="-121.609065">
         <ele>2360</ele>
      </rtept>
      <rtept lat="48.823928" lon="-121.609037">
         <ele>2360</ele>
      </rtept>
      <rtept lat="48.823942" lon="-121.609017">
         <ele>2360</ele>
      </rtept>
      <rtept lat="48.823962" lon="-121.608991">
         <ele>2360</ele>
      </rtept>
      <rtept lat="48.823987" lon="-121.608975">
         <ele>2360</ele>
      </rtept>
      <rtept lat="48.824007" lon="-121.60897">
         <ele>2360</ele>
      </rtept>
      <rtept lat="48.824027" lon="-121.608966">
         <ele>2360</ele>
      </rtept>
      <rtept lat="48.824047" lon="-121.608959">
         <ele>2360</ele>
      </rtept>
      <rtept lat="48.824065" lon="-121.608947">
         <ele>2360</ele>
      </rtept>
      <rtept lat="48.824082" lon="-121.608936">
         <ele>2360</ele>
      </rtept>
      <rtept lat="48.824102" lon="-121.608921">
         <ele>2360</ele>
      </rtept>
      <rtept lat="48.824123" lon="-121.608904">
         <ele>2360</ele>
      </rtept>
      <rtept lat="48.824139" lon="-121.60889">
         <ele>2360</ele>
      </rtept>
      <rtept lat="48.824156" lon="-121.608881">
         <ele>2360</ele>
      </rtept>
      <rtept lat="48.824173" lon="-121.608871">
         <ele>2360</ele>
      </rtept>
      <rtept lat="48.824198" lon="-121.608859">
         <ele>2370</ele>
      </rtept>
      <rtept lat="48.824214" lon="-121.60884">
         <ele>2370</ele>
      </rtept>
      <rtept lat="48.824237" lon="-121.608818">
         <ele>2370</ele>
      </rtept>
      <rtept lat="48.824256" lon="-121.608811">
         <ele>2370</ele>
      </rtept>
      <rtept lat="48.824282" lon="-121.6088">
         <ele>2370</ele>
      </rtept>
      <rtept lat="48.8243" lon="-121.608786">
         <ele>2370</ele>
      </rtept>
      <rtept lat="48.824323" lon="-121.608766">
         <ele>2370</ele>
      </rtept>
      <rtept lat="48.824345" lon="-121.60875">
         <ele>2370</ele>
      </rtept>
      <rtept lat="48.824364" lon="-121.608737">
         <ele>2370</ele>
      </rtept>
      <rtept lat="48.824384" lon="-121.608714">
         <ele>2370</ele>
      </rtept>
      <rtept lat="48.824401" lon="-121.608688">
         <ele>2370</ele>
      </rtept>
      <rtept lat="48.824415" lon="-121.608664">
         <ele>2370</ele>
      </rtept>
      <rtept lat="48.824433" lon="-121.608639">
         <ele>2380</ele>
      </rtept>
      <rtept lat="48.824453" lon="-121.608622">
         <ele>2380</ele>
      </rtept>
      <rtept lat="48.824478" lon="-121.608607">
         <ele>2380</ele>
      </rtept>
      <rtept lat="48.824496" lon="-121.608581">
         <ele>2380</ele>
      </rtept>
      <rtept lat="48.824518" lon="-121.608563">
         <ele>2380</ele>
      </rtept>
      <rtept lat="48.824536" lon="-121.608549">
         <ele>2380</ele>
      </rtept>
      <rtept lat="48.824555" lon="-121.608537">
         <ele>2380</ele>
      </rtept>
      <rtept lat="48.824577" lon="-121.60852">
         <ele>2380</ele>
      </rtept>
      <rtept lat="48.824596" lon="-121.608502">
         <ele>2380</ele>
      </rtept>
      <rtept lat="48.824614" lon="-121.608483">
         <ele>2380</ele>
      </rtept>
      <rtept lat="48.824632" lon="-121.60847">
         <ele>2380</ele>
      </rtept>
      <rtept lat="48.824652" lon="-121.60845">
         <ele>2380</ele>
      </rtept>
      <rtept lat="48.824672" lon="-121.608429">
         <ele>2390</ele>
      </rtept>
      <rtept lat="48.824689" lon="-121.60841">
         <ele>2390</ele>
      </rtept>
      <rtept lat="48.824711" lon="-121.608399">
         <ele>2390</ele>
      </rtept>
      <rtept lat="48.824729" lon="-121.608374">
         <ele>2390</ele>
      </rtept>
      <rtept lat="48.824744" lon="-121.608358">
         <ele>2390</ele>
      </rtept>
      <rtept lat="48.824766" lon="-121.608335">
         <ele>2390</ele>
      </rtept>
      <rtept lat="48.824788" lon="-121.608316">
         <ele>2390</ele>
      </rtept>
      <rtept lat="48.824806" lon="-121.608309">
         <ele>2390</ele>
      </rtept>
      <rtept lat="48.824832" lon="-121.608294">
         <ele>2400</ele>
      </rtept>
      <rtept lat="48.824854" lon="-121.608277">
         <ele>2400</ele>
      </rtept>
      <rtept lat="48.824873" lon="-121.608269">
         <ele>2400</ele>
      </rtept>
      <rtept lat="48.82489" lon="-121.608255">
         <ele>2400</ele>
      </rtept>
      <rtept lat="48.824911" lon="-121.608241">
         <ele>2400</ele>
      </rtept>
      <rtept lat="48.824931" lon="-121.60823">
         <ele>2400</ele>
      </rtept>
      <rtept lat="48.824953" lon="-121.608215">
         <ele>2400</ele>
      </rtept>
      <rtept lat="48.824976" lon="-121.608199">
         <ele>2400</ele>
      </rtept>
      <rtept lat="48.824998" lon="-121.608184">
         <ele>2400</ele>
      </rtept>
      <rtept lat="48.825018" lon="-121.608166">
         <ele>2400</ele>
      </rtept>
      <rtept lat="48.825044" lon="-121.60815">
         <ele>2410</ele>
      </rtept>
      <rtept lat="48.825061" lon="-121.608141">
         <ele>2410</ele>
      </rtept>
      <rtept lat="48.825084" lon="-121.608119">
         <ele>2410</ele>
      </rtept>
      <rtept lat="48.825105" lon="-121.6081">
         <ele>2410</ele>
      </rtept>
      <rtept lat="48.825131" lon="-121.608093">
         <ele>2410</ele>
      </rtept>
      <rtept lat="48.825155" lon="-121.608087">
         <ele>2410</ele>
      </rtept>
      <rtept lat="48.825177" lon="-121.608063">
         <ele>2410</ele>
      </rtept>
      <rtept lat="48.825195" lon="-121.608036">
         <ele>2410</ele>
      </rtept>
      <rtept lat="48.825217" lon="-121.608018">
         <ele>2410</ele>
      </rtept>
      <rtept lat="48.825236" lon="-121.608002">
         <ele>2410</ele>
      </rtept>
      <rtept lat="48.825257" lon="-121.607978">
         <ele>2420</ele>
      </rtept>
      <rtept lat="48.82528" lon="-121.607961">
         <ele>2420</ele>
      </rtept>
      <rtept lat="48.825296" lon="-121.607947">
         <ele>2420</ele>
      </rtept>
      <rtept lat="48.82531" lon="-121.60793">
         <ele>2420</ele>
      </rtept>
      <rtept lat="48.82533" lon="-121.607911">
         <ele>2420</ele>
      </rtept>
      <rtept lat="48.825349" lon="-121.607893">
         <ele>2420</ele>
      </rtept>
      <rtept lat="48.825366" lon="-121.607877">
         <ele>2420</ele>
      </rtept>
      <rtept lat="48.825384" lon="-121.607859">
         <ele>2420</ele>
      </rtept>
      <rtept lat="48.825403" lon="-121.607843">
         <ele>2420</ele>
      </rtept>
      <rtept lat="48.825427" lon="-121.607822">
         <ele>2420</ele>
      </rtept>
      <rtept lat="48.825453" lon="-121.607809">
         <ele>2420</ele>
      </rtept>
      <rtept lat="48.825478" lon="-121.607802">
         <ele>2420</ele>
      </rtept>
      <rtept lat="48.825503" lon="-121.607789">
         <ele>2420</ele>
      </rtept>
      <rtept lat="48.825522" lon="-121.607782">
         <ele>2430</ele>
      </rtept>
      <rtept lat="48.825548" lon="-121.607773">
         <ele>2430</ele>
      </rtept>
      <rtept lat="48.825565" lon="-121.607765">
         <ele>2430</ele>
      </rtept>
      <rtept lat="48.825584" lon="-121.607752">
         <ele>2430</ele>
      </rtept>
      <rtept lat="48.825603" lon="-121.60774">
         <ele>2430</ele>
      </rtept>
      <rtept lat="48.82562" lon="-121.60773">
         <ele>2430</ele>
      </rtept>
      <rtept lat="48.825638" lon="-121.607727">
         <ele>2430</ele>
      </rtept>
      <rtept lat="48.825655" lon="-121.607715">
         <ele>2430</ele>
      </rtept>
      <rtept lat="48.825674" lon="-121.607711">
         <ele>2430</ele>
      </rtept>
      <rtept lat="48.825698" lon="-121.607699">
         <ele>2430</ele>
      </rtept>
      <rtept lat="48.825716" lon="-121.607685">
         <ele>2430</ele>
      </rtept>
      <rtept lat="48.825733" lon="-121.607672">
         <ele>2430</ele>
      </rtept>
      <rtept lat="48.825759" lon="-121.607662">
         <ele>2430</ele>
      </rtept>
      <rtept lat="48.825785" lon="-121.607646">
         <ele>2430</ele>
      </rtept>
      <rtept lat="48.825803" lon="-121.607622">
         <ele>2430</ele>
      </rtept>
      <rtept lat="48.825822" lon="-121.607599">
         <ele>2440</ele>
      </rtept>
      <rtept lat="48.825845" lon="-121.607576">
         <ele>2440</ele>
      </rtept>
      <rtept lat="48.825868" lon="-121.607551">
         <ele>2440</ele>
      </rtept>
      <rtept lat="48.825888" lon="-121.607533">
         <ele>2440</ele>
      </rtept>
      <rtept lat="48.825909" lon="-121.607519">
         <ele>2440</ele>
      </rtept>
      <rtept lat="48.825928" lon="-121.607497">
         <ele>2440</ele>
      </rtept>
      <rtept lat="48.825947" lon="-121.607481">
         <ele>2440</ele>
      </rtept>
      <rtept lat="48.825961" lon="-121.607459">
         <ele>2440</ele>
      </rtept>
      <rtept lat="48.825973" lon="-121.607431">
         <ele>2440</ele>
      </rtept>
      <rtept lat="48.825982" lon="-121.607393">
         <ele>2440</ele>
      </rtept>
      <rtept lat="48.825994" lon="-121.60735">
         <ele>2440</ele>
      </rtept>
      <rtept lat="48.826006" lon="-121.607316">
         <ele>2440</ele>
      </rtept>
      <rtept lat="48.826017" lon="-121.60728">
         <ele>2440</ele>
      </rtept>
      <rtept lat="48.826032" lon="-121.607248">
         <ele>2440</ele>
      </rtept>
      <rtept lat="48.826046" lon="-121.60722">
         <ele>2440</ele>
      </rtept>
      <rtept lat="48.826063" lon="-121.607196">
         <ele>2440</ele>
      </rtept>
      <rtept lat="48.82608" lon="-121.607176">
         <ele>2440</ele>
      </rtept>
      <rtept lat="48.826094" lon="-121.607157">
         <ele>2450</ele>
      </rtept>
      <rtept lat="48.826112" lon="-121.607133">
         <ele>2450</ele>
      </rtept>
      <rtept lat="48.826128" lon="-121.607108">
         <ele>2450</ele>
      </rtept>
      <rtept lat="48.826145" lon="-121.607087">
         <ele>2450</ele>
      </rtept>
      <rtept lat="48.826165" lon="-121.607066">
         <ele>2450</ele>
      </rtept>
      <rtept lat="48.826185" lon="-121.607047">
         <ele>2450</ele>
      </rtept>
      <rtept lat="48.826206" lon="-121.607021">
         <ele>2450</ele>
      </rtept>
      <rtept lat="48.826225" lon="-121.606995">
         <ele>2450</ele>
      </rtept>
      <rtept lat="48.826242" lon="-121.606971">
         <ele>2450</ele>
      </rtept>
      <rtept lat="48.826259" lon="-121.606946">
         <ele>2450</ele>
      </rtept>
      <rtept lat="48.826275" lon="-121.606917">
         <ele>2450</ele>
      </rtept>
      <rtept lat="48.826294" lon="-121.606888">
         <ele>2450</ele>
      </rtept>
      <rtept lat="48.826311" lon="-121.606856">
         <ele>2450</ele>
      </rtept>
      <rtept lat="48.826328" lon="-121.606824">
         <ele>2450</ele>
      </rtept>
      <rtept lat="48.826349" lon="-121.606788">
         <ele>2450</ele>
      </rtept>
      <rtept lat="48.82637" lon="-121.606752">
         <ele>2460</ele>
      </rtept>
      <rtept lat="48.826386" lon="-121.606727">
         <ele>2460</ele>
      </rtept>
      <rtept lat="48.826402" lon="-121.606704">
         <ele>2460</ele>
      </rtept>
      <rtept lat="48.82642" lon="-121.60668">
         <ele>2460</ele>
      </rtept>
      <rtept lat="48.826437" lon="-121.606655">
         <ele>2460</ele>
      </rtept>
      <rtept lat="48.826453" lon="-121.606633">
         <ele>2460</ele>
      </rtept>
      <rtept lat="48.826472" lon="-121.606606">
         <ele>2460</ele>
      </rtept>
      <rtept lat="48.826485" lon="-121.606582">
         <ele>2460</ele>
      </rtept>
      <rtept lat="48.826498" lon="-121.60656">
         <ele>2460</ele>
      </rtept>
      <rtept lat="48.826517" lon="-121.606532">
         <ele>2460</ele>
      </rtept>
      <rtept lat="48.826532" lon="-121.606506">
         <ele>2460</ele>
      </rtept>
      <rtept lat="48.826546" lon="-121.606478">
         <ele>2460</ele>
      </rtept>
      <rtept lat="48.826564" lon="-121.606448">
         <ele>2460</ele>
      </rtept>
      <rtept lat="48.82658" lon="-121.606424">
         <ele>2460</ele>
      </rtept>
      <rtept lat="48.826598" lon="-121.606401">
         <ele>2470</ele>
      </rtept>
      <rtept lat="48.826617" lon="-121.606373">
         <ele>2470</ele>
      </rtept>
      <rtept lat="48.826634" lon="-121.606351">
         <ele>2470</ele>
      </rtept>
      <rtept lat="48.826648" lon="-121.606328">
         <ele>2470</ele>
      </rtept>
      <rtept lat="48.826664" lon="-121.606305">
         <ele>2470</ele>
      </rtept>
      <rtept lat="48.826677" lon="-121.606286">
         <ele>2470</ele>
      </rtept>
      <rtept lat="48.826693" lon="-121.606269">
         <ele>2470</ele>
      </rtept>
      <rtept lat="48.826709" lon="-121.606255">
         <ele>2470</ele>
      </rtept>
      <rtept lat="48.826724" lon="-121.606229">
         <ele>2470</ele>
      </rtept>
      <rtept lat="48.826736" lon="-121.606208">
         <ele>2470</ele>
      </rtept>
      <rtept lat="48.826751" lon="-121.606183">
         <ele>2470</ele>
      </rtept>
      <rtept lat="48.826765" lon="-121.606163">
         <ele>2470</ele>
      </rtept>
      <rtept lat="48.826778" lon="-121.606139">
         <ele>2470</ele>
      </rtept>
      <rtept lat="48.826793" lon="-121.606116">
         <ele>2470</ele>
      </rtept>
      <rtept lat="48.826808" lon="-121.6061">
         <ele>2470</ele>
      </rtept>
      <rtept lat="48.826823" lon="-121.606084">
         <ele>2470</ele>
      </rtept>
      <rtept lat="48.826837" lon="-121.606057">
         <ele>2480</ele>
      </rtept>
      <rtept lat="48.826852" lon="-121.606032">
         <ele>2480</ele>
      </rtept>
      <rtept lat="48.826867" lon="-121.606005">
         <ele>2480</ele>
      </rtept>
      <rtept lat="48.826883" lon="-121.605978">
         <ele>2480</ele>
      </rtept>
      <rtept lat="48.826897" lon="-121.605954">
         <ele>2480</ele>
      </rtept>
      <rtept lat="48.826907" lon="-121.605931">
         <ele>2480</ele>
      </rtept>
      <rtept lat="48.826917" lon="-121.605907">
         <ele>2480</ele>
      </rtept>
      <rtept lat="48.826932" lon="-121.605877">
         <ele>2480</ele>
      </rtept>
      <rtept lat="48.826942" lon="-121.605854">
         <ele>2480</ele>
      </rtept>
      <rtept lat="48.826951" lon="-121.605828">
         <ele>2480</ele>
      </rtept>
      <rtept lat="48.826965" lon="-121.605801">
         <ele>2480</ele>
      </rtept>
      <rtept lat="48.826976" lon="-121.605773">
         <ele>2480</ele>
      </rtept>
      <rtept lat="48.826988" lon="-121.60574">
         <ele>2480</ele>
      </rtept>
      <rtept lat="48.827003" lon="-121.605712">
         <ele>2480</ele>
      </rtept>
      <rtept lat="48.827019" lon="-121.605678">
         <ele>2480</ele>
      </rtept>
      <rtept lat="48.827035" lon="-121.605642">
         <ele>2480</ele>
      </rtept>
      <rtept lat="48.827054" lon="-121.605607">
         <ele>2490</ele>
      </rtept>
      <rtept lat="48.82707" lon="-121.605578">
         <ele>2490</ele>
      </rtept>
      <rtept lat="48.827088" lon="-121.605549">
         <ele>2490</ele>
      </rtept>
      <rtept lat="48.827108" lon="-121.605513">
         <ele>2490</ele>
      </rtept>
      <rtept lat="48.827126" lon="-121.605487">
         <ele>2490</ele>
      </rtept>
      <rtept lat="48.827144" lon="-121.605463">
         <ele>2490</ele>
      </rtept>
      <rtept lat="48.827163" lon="-121.605436">
         <ele>2490</ele>
      </rtept>
      <rtept lat="48.827179" lon="-121.605406">
         <ele>2490</ele>
      </rtept>
      <rtept lat="48.827196" lon="-121.605371">
         <ele>2490</ele>
      </rtept>
      <rtept lat="48.827211" lon="-121.605342">
         <ele>2490</ele>
      </rtept>
      <rtept lat="48.827226" lon="-121.605308">
         <ele>2490</ele>
      </rtept>
      <rtept lat="48.827244" lon="-121.605277">
         <ele>2490</ele>
      </rtept>
      <rtept lat="48.827259" lon="-121.605253">
         <ele>2490</ele>
      </rtept>
      <rtept lat="48.827271" lon="-121.605221">
         <ele>2490</ele>
      </rtept>
      <rtept lat="48.827287" lon="-121.605187">
         <ele>2490</ele>
      </rtept>
      <rtept lat="48.827304" lon="-121.605163">
         <ele>2500</ele>
      </rtept>
      <rtept lat="48.827318" lon="-121.605141">
         <ele>2500</ele>
      </rtept>
      <rtept lat="48.827329" lon="-121.605115">
         <ele>2500</ele>
      </rtept>
      <rtept lat="48.827339" lon="-121.605082">
         <ele>2500</ele>
      </rtept>
      <rtept lat="48.827348" lon="-121.605041">
         <ele>2500</ele>
      </rtept>
      <rtept lat="48.82736" lon="-121.605005">
         <ele>2500</ele>
      </rtept>
      <rtept lat="48.827369" lon="-121.60497">
         <ele>2500</ele>
      </rtept>
      <rtept lat="48.827381" lon="-121.604929">
         <ele>2500</ele>
      </rtept>
      <rtept lat="48.827391" lon="-121.604887">
         <ele>2500</ele>
      </rtept>
      <rtept lat="48.827404" lon="-121.604854">
         <ele>2500</ele>
      </rtept>
      <rtept lat="48.827413" lon="-121.604817">
         <ele>2500</ele>
      </rtept>
      <rtept lat="48.827423" lon="-121.60478">
         <ele>2500</ele>
      </rtept>
      <rtept lat="48.827431" lon="-121.604746">
         <ele>2500</ele>
      </rtept>
      <rtept lat="48.827438" lon="-121.604713">
         <ele>2500</ele>
      </rtept>
      <rtept lat="48.827451" lon="-121.604688">
         <ele>2500</ele>
      </rtept>
      <rtept lat="48.827464" lon="-121.604661">
         <ele>2500</ele>
      </rtept>
      <rtept lat="48.827472" lon="-121.604633">
         <ele>2500</ele>
      </rtept>
      <rtept lat="48.827489" lon="-121.60461">
         <ele>2500</ele>
      </rtept>
      <rtept lat="48.827513" lon="-121.604598">
         <ele>2500</ele>
      </rtept>
      <rtept lat="48.827533" lon="-121.60459">
         <ele>2510</ele>
      </rtept>
      <rtept lat="48.827548" lon="-121.604572">
         <ele>2510</ele>
      </rtept>
      <rtept lat="48.827557" lon="-121.604544">
         <ele>2510</ele>
      </rtept>
      <rtept lat="48.827567" lon="-121.604509">
         <ele>2510</ele>
      </rtept>
      <rtept lat="48.827576" lon="-121.604481">
         <ele>2510</ele>
      </rtept>
      <rtept lat="48.827581" lon="-121.604442">
         <ele>2510</ele>
      </rtept>
      <rtept lat="48.827587" lon="-121.604415">
         <ele>2510</ele>
      </rtept>
      <rtept lat="48.827591" lon="-121.604378">
         <ele>2510</ele>
      </rtept>
      <rtept lat="48.827597" lon="-121.604345">
         <ele>2510</ele>
      </rtept>
      <rtept lat="48.827605" lon="-121.60431">
         <ele>2510</ele>
      </rtept>
      <rtept lat="48.827612" lon="-121.604277">
         <ele>2510</ele>
      </rtept>
      <rtept lat="48.827626" lon="-121.604241">
         <ele>2510</ele>
      </rtept>
      <rtept lat="48.827629" lon="-121.604214">
         <ele>2510</ele>
      </rtept>
      <rtept lat="48.827622" lon="-121.604178">
         <ele>2510</ele>
      </rtept>
      <rtept lat="48.827619" lon="-121.604149">
         <ele>2510</ele>
      </rtept>
      <rtept lat="48.827628" lon="-121.604125">
         <ele>2510</ele>
      </rtept>
      <rtept lat="48.82764" lon="-121.604101">
         <ele>2510</ele>
      </rtept>
      <rtept lat="48.827662" lon="-121.604095">
         <ele>2520</ele>
      </rtept>
      <rtept lat="48.827686" lon="-121.604096">
         <ele>2520</ele>
      </rtept>
      <rtept lat="48.827711" lon="-121.604099">
         <ele>2520</ele>
      </rtept>
      <rtept lat="48.827734" lon="-121.604096">
         <ele>2520</ele>
      </rtept>
      <rtept lat="48.827757" lon="-121.604076">
         <ele>2520</ele>
      </rtept>
      <rtept lat="48.827779" lon="-121.604073">
         <ele>2520</ele>
      </rtept>
      <rtept lat="48.827801" lon="-121.604079">
         <ele>2520</ele>
      </rtept>
      <rtept lat="48.827828" lon="-121.604083">
         <ele>2520</ele>
      </rtept>
      <rtept lat="48.827845" lon="-121.604072">
         <ele>2520</ele>
      </rtept>
      <rtept lat="48.827862" lon="-121.604058">
         <ele>2520</ele>
      </rtept>
      <rtept lat="48.827878" lon="-121.604041">
         <ele>2530</ele>
      </rtept>
      <rtept lat="48.827893" lon="-121.604021">
         <ele>2530</ele>
      </rtept>
      <rtept lat="48.827911" lon="-121.603988">
         <ele>2530</ele>
      </rtept>
      <rtept lat="48.827922" lon="-121.603959">
         <ele>2530</ele>
      </rtept>
      <rtept lat="48.827938" lon="-121.603925">
         <ele>2530</ele>
      </rtept>
      <rtept lat="48.82796" lon="-121.603905">
         <ele>2530</ele>
      </rtept>
      <rtept lat="48.82798" lon="-121.603889">
         <ele>2530</ele>
      </rtept>
      <rtept lat="48.828005" lon="-121.60386">
         <ele>2530</ele>
      </rtept>
      <rtept lat="48.828031" lon="-121.603825">
         <ele>2530</ele>
      </rtept>
      <rtept lat="48.828044" lon="-121.603805">
         <ele>2530</ele>
      </rtept>
      <rtept lat="48.82806" lon="-121.603779">
         <ele>2530</ele>
      </rtept>
      <rtept lat="48.82808" lon="-121.60374">
         <ele>2530</ele>
      </rtept>
      <rtept lat="48.828099" lon="-121.603709">
         <ele>2540</ele>
      </rtept>
      <rtept lat="48.828117" lon="-121.60368">
         <ele>2540</ele>
      </rtept>
      <rtept lat="48.828135" lon="-121.603662">
         <ele>2540</ele>
      </rtept>
      <rtept lat="48.828146" lon="-121.603639">
         <ele>2540</ele>
      </rtept>
      <rtept lat="48.828173" lon="-121.603621">
         <ele>2540</ele>
      </rtept>
      <rtept lat="48.828202" lon="-121.603612">
         <ele>2540</ele>
      </rtept>
      <rtept lat="48.828221" lon="-121.603598">
         <ele>2540</ele>
      </rtept>
      <rtept lat="48.828237" lon="-121.60358">
         <ele>2540</ele>
      </rtept>
      <rtept lat="48.828254" lon="-121.603559">
         <ele>2540</ele>
      </rtept>
      <rtept lat="48.828271" lon="-121.60354">
         <ele>2540</ele>
      </rtept>
      <rtept lat="48.828285" lon="-121.603515">
         <ele>2540</ele>
      </rtept>
      <rtept lat="48.828298" lon="-121.603484">
         <ele>2540</ele>
      </rtept>
      <rtept lat="48.828313" lon="-121.603464">
         <ele>2540</ele>
      </rtept>
      <rtept lat="48.82833" lon="-121.603443">
         <ele>2540</ele>
      </rtept>
      <rtept lat="48.828349" lon="-121.603407">
         <ele>2540</ele>
      </rtept>
      <rtept lat="48.828365" lon="-121.603378">
         <ele>2540</ele>
      </rtept>
      <rtept lat="48.828383" lon="-121.603365">
         <ele>2540</ele>
      </rtept>
      <rtept lat="48.828403" lon="-121.603345">
         <ele>2550</ele>
      </rtept>
      <rtept lat="48.82842" lon="-121.603331">
         <ele>2550</ele>
      </rtept>
      <rtept lat="48.828431" lon="-121.603301">
         <ele>2550</ele>
      </rtept>
      <rtept lat="48.828441" lon="-121.603276">
         <ele>2550</ele>
      </rtept>
      <rtept lat="48.828454" lon="-121.603247">
         <ele>2550</ele>
      </rtept>
      <rtept lat="48.82847" lon="-121.603233">
         <ele>2550</ele>
      </rtept>
      <rtept lat="48.828489" lon="-121.603204">
         <ele>2550</ele>
      </rtept>
      <rtept lat="48.828495" lon="-121.603174">
         <ele>2550</ele>
      </rtept>
      <rtept lat="48.828517" lon="-121.603155">
         <ele>2550</ele>
      </rtept>
      <rtept lat="48.828535" lon="-121.603132">
         <ele>2550</ele>
      </rtept>
      <rtept lat="48.828542" lon="-121.603088">
         <ele>2550</ele>
      </rtept>
      <rtept lat="48.828548" lon="-121.603043">
         <ele>2550</ele>
      </rtept>
      <rtept lat="48.82856" lon="-121.603015">
         <ele>2550</ele>
      </rtept>
      <rtept lat="48.828578" lon="-121.602993">
         <ele>2550</ele>
      </rtept>
      <rtept lat="48.828586" lon="-121.602969">
         <ele>2560</ele>
      </rtept>
      <rtept lat="48.828591" lon="-121.602941">
         <ele>2560</ele>
      </rtept>
      <rtept lat="48.8286" lon="-121.602915">
         <ele>2560</ele>
      </rtept>
      <rtept lat="48.82861" lon="-121.602889">
         <ele>2560</ele>
      </rtept>
      <rtept lat="48.828617" lon="-121.602853">
         <ele>2560</ele>
      </rtept>
      <rtept lat="48.828621" lon="-121.602818">
         <ele>2560</ele>
      </rtept>
      <rtept lat="48.828623" lon="-121.602789">
         <ele>2560</ele>
      </rtept>
      <rtept lat="48.828628" lon="-121.602753">
         <ele>2560</ele>
      </rtept>
      <rtept lat="48.828634" lon="-121.602723">
         <ele>2560</ele>
      </rtept>
      <rtept lat="48.828655" lon="-121.602713">
         <ele>2570</ele>
      </rtept>
      <rtept lat="48.828673" lon="-121.602709">
         <ele>2570</ele>
      </rtept>
      <rtept lat="48.828696" lon="-121.602701">
         <ele>2570</ele>
      </rtept>
      <rtept lat="48.828715" lon="-121.602684">
         <ele>2570</ele>
      </rtept>
      <rtept lat="48.828738" lon="-121.602664">
         <ele>2570</ele>
      </rtept>
      <rtept lat="48.828759" lon="-121.602678">
         <ele>2570</ele>
      </rtept>
      <rtept lat="48.828779" lon="-121.602684">
         <ele>2580</ele>
      </rtept>
      <rtept lat="48.828797" lon="-121.602668">
         <ele>2580</ele>
      </rtept>
      <rtept lat="48.828812" lon="-121.602636">
         <ele>2580</ele>
      </rtept>
      <rtept lat="48.828836" lon="-121.602628">
         <ele>2580</ele>
      </rtept>
      <rtept lat="48.828854" lon="-121.602619">
         <ele>2580</ele>
      </rtept>
      <rtept lat="48.828874" lon="-121.602613">
         <ele>2580</ele>
      </rtept>
      <rtept lat="48.828892" lon="-121.602629">
         <ele>2580</ele>
      </rtept>
      <rtept lat="48.828906" lon="-121.602655">
         <ele>2580</ele>
      </rtept>
      <rtept lat="48.828921" lon="-121.602676">
         <ele>2580</ele>
      </rtept>
      <rtept lat="48.828939" lon="-121.602679">
         <ele>2590</ele>
      </rtept>
      <rtept lat="48.828959" lon="-121.60268">
         <ele>2590</ele>
      </rtept>
      <rtept lat="48.828984" lon="-121.602686">
         <ele>2590</ele>
      </rtept>
      <rtept lat="48.829004" lon="-121.602689">
         <ele>2590</ele>
      </rtept>
      <rtept lat="48.829022" lon="-121.602681">
         <ele>2590</ele>
      </rtept>
      <rtept lat="48.829043" lon="-121.602685">
         <ele>2590</ele>
      </rtept>
      <rtept lat="48.829063" lon="-121.602696">
         <ele>2590</ele>
      </rtept>
      <rtept lat="48.829085" lon="-121.6027">
         <ele>2590</ele>
      </rtept>
      <rtept lat="48.829108" lon="-121.60271">
         <ele>2590</ele>
      </rtept>
      <rtept lat="48.829125" lon="-121.602722">
         <ele>2600</ele>
      </rtept>
      <rtept lat="48.829142" lon="-121.602736">
         <ele>2600</ele>
      </rtept>
      <rtept lat="48.829157" lon="-121.602754">
         <ele>2600</ele>
      </rtept>
      <rtept lat="48.829179" lon="-121.602764">
         <ele>2600</ele>
      </rtept>
      <rtept lat="48.829199" lon="-121.602756">
         <ele>2600</ele>
      </rtept>
      <rtept lat="48.829215" lon="-121.602742">
         <ele>2600</ele>
      </rtept>
      <rtept lat="48.829237" lon="-121.602742">
         <ele>2600</ele>
      </rtept>
      <rtept lat="48.829263" lon="-121.602734">
         <ele>2610</ele>
      </rtept>
      <rtept lat="48.829283" lon="-121.602722">
         <ele>2610</ele>
      </rtept>
      <rtept lat="48.829299" lon="-121.602698">
         <ele>2610</ele>
      </rtept>
      <rtept lat="48.829315" lon="-121.602682">
         <ele>2610</ele>
      </rtept>
      <rtept lat="48.82934" lon="-121.602676">
         <ele>2610</ele>
      </rtept>
      <rtept lat="48.829367" lon="-121.602676">
         <ele>2620</ele>
      </rtept>
      <rtept lat="48.829387" lon="-121.602658">
         <ele>2620</ele>
      </rtept>
      <rtept lat="48.829403" lon="-121.602646">
         <ele>2620</ele>
      </rtept>
      <rtept lat="48.829425" lon="-121.602622">
         <ele>2620</ele>
      </rtept>
      <rtept lat="48.829435" lon="-121.602651">
         <ele>2620</ele>
      </rtept>
      <rtept lat="48.829448" lon="-121.602673">
         <ele>2620</ele>
      </rtept>
      <rtept lat="48.829466" lon="-121.602692">
         <ele>2630</ele>
      </rtept>
      <rtept lat="48.829489" lon="-121.602709">
         <ele>2630</ele>
      </rtept>
      <rtept lat="48.829521" lon="-121.602705">
         <ele>2630</ele>
      </rtept>
      <rtept lat="48.829539" lon="-121.60271">
         <ele>2630</ele>
      </rtept>
      <rtept lat="48.829558" lon="-121.602713">
         <ele>2630</ele>
      </rtept>
      <rtept lat="48.829576" lon="-121.60271">
         <ele>2640</ele>
      </rtept>
      <rtept lat="48.8296" lon="-121.602712">
         <ele>2640</ele>
      </rtept>
      <rtept lat="48.829621" lon="-121.602726">
         <ele>2640</ele>
      </rtept>
      <rtept lat="48.829639" lon="-121.602737">
         <ele>2640</ele>
      </rtept>
      <rtept lat="48.829659" lon="-121.602734">
         <ele>2640</ele>
      </rtept>
      <rtept lat="48.829682" lon="-121.60274">
         <ele>2640</ele>
      </rtept>
      <rtept lat="48.8297" lon="-121.602758">
         <ele>2640</ele>
      </rtept>
      <rtept lat="48.829727" lon="-121.602763">
         <ele>2650</ele>
      </rtept>
      <rtept lat="48.829747" lon="-121.60275">
         <ele>2650</ele>
      </rtept>
      <rtept lat="48.829774" lon="-121.602778">
         <ele>2650</ele>
      </rtept>
      <rtept lat="48.829794" lon="-121.602789">
         <ele>2650</ele>
      </rtept>
      <rtept lat="48.829801" lon="-121.602818">
         <ele>2650</ele>
      </rtept>
      <rtept lat="48.8298" lon="-121.602851">
         <ele>2650</ele>
      </rtept>
      <rtept lat="48.829782" lon="-121.602842">
         <ele>2650</ele>
      </rtept>
      <rtept lat="48.829766" lon="-121.602858">
         <ele>2650</ele>
      </rtept>
      <rtept lat="48.829752" lon="-121.602876">
         <ele>2640</ele>
      </rtept>
      <rtept lat="48.829767" lon="-121.602859">
         <ele>2650</ele>
      </rtept>
      <rtept lat="48.829831" lon="-121.602845">
         <ele>2650</ele>
      </rtept>
      <rtept lat="48.829855" lon="-121.602838">
         <ele>2650</ele>
      </rtept>
      <rtept lat="48.829947" lon="-121.602883">
         <ele>2660</ele>
      </rtept>
      <rtept lat="48.829954" lon="-121.602932">
         <ele>2660</ele>
      </rtept>
      <rtept lat="48.829975" lon="-121.602932">
         <ele>2660</ele>
      </rtept>
      <rtept lat="48.829995" lon="-121.602923">
         <ele>2660</ele>
      </rtept>
      <rtept lat="48.830014" lon="-121.602925">
         <ele>2660</ele>
      </rtept>
      <rtept lat="48.83004" lon="-121.602919">
         <ele>2670</ele>
      </rtept>
      <rtept lat="48.830061" lon="-121.602908">
         <ele>2670</ele>
      </rtept>
      <rtept lat="48.830086" lon="-121.602908">
         <ele>2670</ele>
      </rtept>
      <rtept lat="48.830106" lon="-121.602914">
         <ele>2670</ele>
      </rtept>
      <rtept lat="48.830134" lon="-121.60292">
         <ele>2670</ele>
      </rtept>
      <rtept lat="48.83015" lon="-121.602945">
         <ele>2670</ele>
      </rtept>
      <rtept lat="48.830165" lon="-121.602978">
         <ele>2670</ele>
      </rtept>
      <rtept lat="48.830198" lon="-121.60301">
         <ele>2670</ele>
      </rtept>
      <rtept lat="48.830213" lon="-121.603026">
         <ele>2670</ele>
      </rtept>
      <rtept lat="48.830246" lon="-121.603027">
         <ele>2680</ele>
      </rtept>
      <rtept lat="48.830295" lon="-121.60312">
         <ele>2680</ele>
      </rtept>
      <rtept lat="48.83035" lon="-121.603233">
         <ele>2680</ele>
      </rtept>
      <rtept lat="48.830341" lon="-121.603304">
         <ele>2670</ele>
      </rtept>
      <rtept lat="48.830344" lon="-121.603368">
         <ele>2670</ele>
      </rtept>
      <rtept lat="48.830367" lon="-121.603428">
         <ele>2670</ele>
      </rtept>
      <rtept lat="48.830371" lon="-121.603455">
         <ele>2670</ele>
      </rtept>
      <rtept lat="48.830399" lon="-121.603428">
         <ele>2670</ele>
      </rtept>
      <rtept lat="48.830403" lon="-121.603456">
         <ele>2670</ele>
      </rtept>
      <rtept lat="48.830424" lon="-121.6034">
         <ele>2680</ele>
      </rtept>
      <rtept lat="48.830418" lon="-121.603368">
         <ele>2680</ele>
      </rtept>
      <rtept lat="48.830437" lon="-121.603358">
         <ele>2680</ele>
      </rtept>
      <rtept lat="48.830461" lon="-121.603336">
         <ele>2680</ele>
      </rtept>
      <rtept lat="48.830475" lon="-121.603302">
         <ele>2690</ele>
      </rtept>
      <rtept lat="48.830487" lon="-121.603282">
         <ele>2690</ele>
      </rtept>
      <rtept lat="48.830505" lon="-121.603268">
         <ele>2690</ele>
      </rtept>
      <rtept lat="48.830525" lon="-121.603258">
         <ele>2690</ele>
      </rtept>
      <rtept lat="48.830539" lon="-121.603281">
         <ele>2690</ele>
      </rtept>
      <rtept lat="48.830544" lon="-121.603317">
         <ele>2690</ele>
      </rtept>
      <rtept lat="48.830562" lon="-121.603341">
         <ele>2690</ele>
      </rtept>
      <rtept lat="48.83058" lon="-121.603344">
         <ele>2700</ele>
      </rtept>
      <rtept lat="48.830602" lon="-121.603348">
         <ele>2700</ele>
      </rtept>
      <rtept lat="48.830633" lon="-121.603353">
         <ele>2700</ele>
      </rtept>
      <rtept lat="48.830652" lon="-121.603357">
         <ele>2700</ele>
      </rtept>
      <rtept lat="48.830675" lon="-121.603356">
         <ele>2710</ele>
      </rtept>
      <rtept lat="48.830695" lon="-121.603349">
         <ele>2710</ele>
      </rtept>
      <rtept lat="48.830726" lon="-121.603406">
         <ele>2710</ele>
      </rtept>
      <rtept lat="48.830737" lon="-121.603383">
         <ele>2710</ele>
      </rtept>
      <rtept lat="48.830739" lon="-121.603356">
         <ele>2710</ele>
      </rtept>
      <rtept lat="48.83075" lon="-121.603328">
         <ele>2710</ele>
      </rtept>
      <rtept lat="48.830758" lon="-121.603304">
         <ele>2720</ele>
      </rtept>
      <rtept lat="48.830775" lon="-121.603281">
         <ele>2720</ele>
      </rtept>
      <rtept lat="48.830794" lon="-121.603268">
         <ele>2720</ele>
      </rtept>
      <rtept lat="48.830814" lon="-121.603255">
         <ele>2730</ele>
      </rtept>
      <rtept lat="48.830809" lon="-121.603338">
         <ele>2720</ele>
      </rtept>
      <rtept lat="48.830808" lon="-121.603366">
         <ele>2720</ele>
      </rtept>
      <rtept lat="48.830808" lon="-121.603396">
         <ele>2720</ele>
      </rtept>
      <rtept lat="48.830788" lon="-121.603396">
         <ele>2720</ele>
      </rtept>
      <rtept lat="48.830804" lon="-121.603366">
         <ele>2720</ele>
      </rtept>
      <rtept lat="48.830815" lon="-121.603335">
         <ele>2720</ele>
      </rtept>
      <rtept lat="48.830837" lon="-121.603377">
         <ele>2730</ele>
      </rtept>
      <rtept lat="48.830861" lon="-121.603393">
         <ele>2730</ele>
      </rtept>
      <rtept lat="48.830874" lon="-121.603374">
         <ele>2730</ele>
      </rtept>
      <rtept lat="48.830882" lon="-121.603346">
         <ele>2730</ele>
      </rtept>
      <rtept lat="48.830893" lon="-121.603315">
         <ele>2740</ele>
      </rtept>
      <rtept lat="48.830913" lon="-121.603321">
         <ele>2740</ele>
      </rtept>
      <rtept lat="48.830928" lon="-121.603305">
         <ele>2740</ele>
      </rtept>
      <rtept lat="48.830949" lon="-121.603303">
         <ele>2750</ele>
      </rtept>
      <rtept lat="48.830956" lon="-121.603274">
         <ele>2750</ele>
      </rtept>
      <rtept lat="48.830972" lon="-121.60326">
         <ele>2750</ele>
      </rtept>
      <rtept lat="48.830993" lon="-121.603255">
         <ele>2750</ele>
      </rtept>
      <rtept lat="48.831013" lon="-121.60326">
         <ele>2760</ele>
      </rtept>
      <rtept lat="48.831036" lon="-121.60326">
         <ele>2760</ele>
      </rtept>
      <rtept lat="48.831056" lon="-121.603254">
         <ele>2760</ele>
      </rtept>
      <rtept lat="48.831059" lon="-121.603222">
         <ele>2760</ele>
      </rtept>
      <rtept lat="48.831067" lon="-121.603191">
         <ele>2760</ele>
      </rtept>
      <rtept lat="48.831064" lon="-121.603161">
         <ele>2770</ele>
      </rtept>
      <rtept lat="48.831077" lon="-121.603136">
         <ele>2770</ele>
      </rtept>
      <rtept lat="48.831091" lon="-121.603112">
         <ele>2770</ele>
      </rtept>
      <rtept lat="48.831105" lon="-121.603091">
         <ele>2770</ele>
      </rtept>
      <rtept lat="48.831116" lon="-121.603067">
         <ele>2770</ele>
      </rtept>
      <rtept lat="48.831132" lon="-121.60305">
         <ele>2770</ele>
      </rtept>
      <rtept lat="48.83113" lon="-121.603011">
         <ele>2770</ele>
      </rtept>
      <rtept lat="48.831112" lon="-121.603004">
         <ele>2770</ele>
      </rtept>
      <rtept lat="48.83112" lon="-121.602979">
         <ele>2770</ele>
      </rtept>
      <rtept lat="48.831133" lon="-121.602946">
         <ele>2770</ele>
      </rtept>
      <rtept lat="48.831122" lon="-121.602969">
         <ele>2770</ele>
      </rtept>
      <rtept lat="48.831118" lon="-121.602996">
         <ele>2770</ele>
      </rtept>
      <rtept lat="48.831141" lon="-121.603008">
         <ele>2770</ele>
      </rtept>
      <rtept lat="48.831151" lon="-121.603034">
         <ele>2770</ele>
      </rtept>
      <rtept lat="48.831144" lon="-121.603063">
         <ele>2770</ele>
      </rtept>
      <rtept lat="48.831135" lon="-121.603095">
         <ele>2770</ele>
      </rtept>
      <rtept lat="48.831136" lon="-121.603124">
         <ele>2770</ele>
      </rtept>
      <rtept lat="48.831122" lon="-121.603159">
         <ele>2770</ele>
      </rtept>
      <rtept lat="48.831101" lon="-121.603165">
         <ele>2770</ele>
      </rtept>
      <rtept lat="48.831089" lon="-121.603191">
         <ele>2770</ele>
      </rtept>
      <rtept lat="48.831071" lon="-121.603185">
         <ele>2770</ele>
      </rtept>
      <rtept lat="48.831053" lon="-121.603175">
         <ele>2760</ele>
      </rtept>
      <rtept lat="48.831037" lon="-121.603189">
         <ele>2760</ele>
      </rtept>
      <rtept lat="48.831041" lon="-121.603222">
         <ele>2760</ele>
      </rtept>
      <rtept lat="48.831046" lon="-121.60325">
         <ele>2760</ele>
      </rtept>
      <rtept lat="48.83106" lon="-121.603276">
         <ele>2760</ele>
      </rtept>
      <rtept lat="48.831071" lon="-121.603303">
         <ele>2760</ele>
      </rtept>
      <rtept lat="48.831046" lon="-121.603303">
         <ele>2760</ele>
      </rtept>
      <rtept lat="48.831006" lon="-121.6033">
         <ele>2760</ele>
      </rtept>
      <rtept lat="48.830987" lon="-121.603308">
         <ele>2750</ele>
      </rtept>
      <rtept lat="48.830992" lon="-121.603335">
         <ele>2750</ele>
      </rtept>
      <rtept lat="48.830972" lon="-121.603393">
         <ele>2750</ele>
      </rtept>
      <rtept lat="48.830945" lon="-121.603392">
         <ele>2740</ele>
      </rtept>
      <rtept lat="48.830899" lon="-121.603418">
         <ele>2730</ele>
      </rtept>
      <rtept lat="48.830873" lon="-121.603396">
         <ele>2730</ele>
      </rtept>
      <rtept lat="48.830841" lon="-121.603405">
         <ele>2730</ele>
      </rtept>
      <rtept lat="48.830822" lon="-121.603416">
         <ele>2720</ele>
      </rtept>
      <rtept lat="48.830803" lon="-121.603405">
         <ele>2720</ele>
      </rtept>
      <rtept lat="48.830785" lon="-121.603406">
         <ele>2720</ele>
      </rtept>
      <rtept lat="48.830693" lon="-121.603429">
         <ele>2700</ele>
      </rtept>
      <rtept lat="48.830613" lon="-121.603513">
         <ele>2690</ele>
      </rtept>
      <rtept lat="48.830666" lon="-121.603433">
         <ele>2700</ele>
      </rtept>
      <rtept lat="48.830657" lon="-121.603458">
         <ele>2700</ele>
      </rtept>
      <rtept lat="48.830651" lon="-121.603488">
         <ele>2700</ele>
      </rtept>
      <rtept lat="48.830634" lon="-121.603472">
         <ele>2700</ele>
      </rtept>
      <rtept lat="48.8306" lon="-121.603467">
         <ele>2690</ele>
      </rtept>
      <rtept lat="48.83051" lon="-121.603451">
         <ele>2680</ele>
      </rtept>
      <rtept lat="48.83046" lon="-121.603481">
         <ele>2680</ele>
      </rtept>
      <rtept lat="48.830475" lon="-121.603435">
         <ele>2680</ele>
      </rtept>
      <rtept lat="48.830456" lon="-121.603374">
         <ele>2680</ele>
      </rtept>
      <rtept lat="48.830438" lon="-121.603367">
         <ele>2680</ele>
      </rtept>
      <rtept lat="48.830428" lon="-121.603341">
         <ele>2680</ele>
      </rtept>
      <rtept lat="48.830413" lon="-121.603312">
         <ele>2680</ele>
      </rtept>
      <rtept lat="48.830409" lon="-121.603279">
         <ele>2680</ele>
      </rtept>
      <rtept lat="48.830408" lon="-121.603249">
         <ele>2680</ele>
      </rtept>
      <rtept lat="48.830409" lon="-121.60322">
         <ele>2690</ele>
      </rtept>
      <rtept lat="48.830389" lon="-121.603239">
         <ele>2680</ele>
      </rtept>
      <rtept lat="48.830378" lon="-121.603277">
         <ele>2680</ele>
      </rtept>
      <rtept lat="48.830358" lon="-121.60328">
         <ele>2680</ele>
      </rtept>
      <rtept lat="48.83034" lon="-121.603272">
         <ele>2680</ele>
      </rtept>
      <rtept lat="48.830318" lon="-121.603265">
         <ele>2670</ele>
      </rtept>
      <rtept lat="48.830295" lon="-121.603265">
         <ele>2670</ele>
      </rtept>
      <rtept lat="48.830293" lon="-121.603237">
         <ele>2670</ele>
      </rtept>
      <rtept lat="48.83027" lon="-121.603244">
         <ele>2670</ele>
      </rtept>
      <rtept lat="48.830248" lon="-121.603222">
         <ele>2670</ele>
      </rtept>
      <rtept lat="48.830213" lon="-121.603236">
         <ele>2670</ele>
      </rtept>
      <rtept lat="48.830193" lon="-121.603252">
         <ele>2660</ele>
      </rtept>
      <rtept lat="48.830182" lon="-121.60323">
         <ele>2660</ele>
      </rtept>
      <rtept lat="48.830161" lon="-121.603228">
         <ele>2660</ele>
      </rtept>
      <rtept lat="48.830158" lon="-121.60319">
         <ele>2660</ele>
      </rtept>
      <rtept lat="48.830159" lon="-121.60316">
         <ele>2660</ele>
      </rtept>
      <rtept lat="48.830167" lon="-121.603134">
         <ele>2670</ele>
      </rtept>
      <rtept lat="48.830157" lon="-121.60311">
         <ele>2670</ele>
      </rtept>
      <rtept lat="48.830143" lon="-121.603076">
         <ele>2670</ele>
      </rtept>
      <rtept lat="48.830133" lon="-121.603045">
         <ele>2670</ele>
      </rtept>
      <rtept lat="48.83012" lon="-121.603021">
         <ele>2670</ele>
      </rtept>
      <rtept lat="48.830116" lon="-121.602993">
         <ele>2670</ele>
      </rtept>
      <rtept lat="48.830099" lon="-121.602976">
         <ele>2670</ele>
      </rtept>
      <rtept lat="48.830053" lon="-121.602932">
         <ele>2670</ele>
      </rtept>
      <rtept lat="48.830048" lon="-121.602972">
         <ele>2660</ele>
      </rtept>
      <rtept lat="48.830064" lon="-121.602991">
         <ele>2660</ele>
      </rtept>
      <rtept lat="48.830049" lon="-121.603032">
         <ele>2660</ele>
      </rtept>
      <rtept lat="48.83003" lon="-121.603027">
         <ele>2660</ele>
      </rtept>
      <rtept lat="48.830004" lon="-121.603025">
         <ele>2660</ele>
      </rtept>
      <rtept lat="48.829986" lon="-121.603021">
         <ele>2660</ele>
      </rtept>
      <rtept lat="48.829955" lon="-121.603017">
         <ele>2650</ele>
      </rtept>
      <rtept lat="48.829928" lon="-121.603021">
         <ele>2650</ele>
      </rtept>
      <rtept lat="48.829903" lon="-121.603016">
         <ele>2650</ele>
      </rtept>
      <rtept lat="48.829885" lon="-121.603039">
         <ele>2650</ele>
      </rtept>
      <rtept lat="48.829867" lon="-121.603086">
         <ele>2640</ele>
      </rtept>
      <rtept lat="48.829848" lon="-121.603072">
         <ele>2640</ele>
      </rtept>
      <rtept lat="48.829826" lon="-121.603055">
         <ele>2640</ele>
      </rtept>
      <rtept lat="48.829808" lon="-121.603049">
         <ele>2640</ele>
      </rtept>
      <rtept lat="48.829822" lon="-121.603028">
         <ele>2640</ele>
      </rtept>
      <rtept lat="48.829829" lon="-121.603002">
         <ele>2650</ele>
      </rtept>
      <rtept lat="48.82981" lon="-121.602994">
         <ele>2640</ele>
      </rtept>
      <rtept lat="48.829786" lon="-121.602981">
         <ele>2640</ele>
      </rtept>
      <rtept lat="48.82977" lon="-121.60296">
         <ele>2640</ele>
      </rtept>
      <rtept lat="48.829738" lon="-121.602977">
         <ele>2640</ele>
      </rtept>
      <rtept lat="48.829727" lon="-121.603004">
         <ele>2640</ele>
      </rtept>
      <rtept lat="48.829712" lon="-121.602977">
         <ele>2640</ele>
      </rtept>
      <rtept lat="48.829722" lon="-121.602936">
         <ele>2640</ele>
      </rtept>
      <rtept lat="48.829736" lon="-121.602903">
         <ele>2640</ele>
      </rtept>
      <rtept lat="48.829727" lon="-121.602878">
         <ele>2640</ele>
      </rtept>
      <rtept lat="48.829709" lon="-121.602874">
         <ele>2640</ele>
      </rtept>
      <rtept lat="48.829694" lon="-121.60289">
         <ele>2640</ele>
      </rtept>
      <rtept lat="48.82967" lon="-121.602899">
         <ele>2640</ele>
      </rtept>
      <rtept lat="48.82965" lon="-121.602892">
         <ele>2630</ele>
      </rtept>
      <rtept lat="48.829629" lon="-121.602876">
         <ele>2630</ele>
      </rtept>
      <rtept lat="48.829614" lon="-121.602851">
         <ele>2630</ele>
      </rtept>
      <rtept lat="48.829627" lon="-121.60287">
         <ele>2630</ele>
      </rtept>
      <rtept lat="48.829646" lon="-121.602866">
         <ele>2630</ele>
      </rtept>
      <rtept lat="48.829646" lon="-121.602836">
         <ele>2640</ele>
      </rtept>
      <rtept lat="48.829634" lon="-121.602809">
         <ele>2640</ele>
      </rtept>
      <rtept lat="48.829651" lon="-121.602837">
         <ele>2640</ele>
      </rtept>
      <rtept lat="48.829645" lon="-121.60281">
         <ele>2640</ele>
      </rtept>
      <rtept lat="48.829626" lon="-121.602797">
         <ele>2640</ele>
      </rtept>
      <rtept lat="48.829602" lon="-121.602781">
         <ele>2630</ele>
      </rtept>
      <rtept lat="48.829578" lon="-121.602763">
         <ele>2630</ele>
      </rtept>
      <rtept lat="48.829554" lon="-121.602749">
         <ele>2630</ele>
      </rtept>
      <rtept lat="48.829531" lon="-121.602733">
         <ele>2630</ele>
      </rtept>
      <rtept lat="48.829511" lon="-121.602724">
         <ele>2630</ele>
      </rtept>
      <rtept lat="48.829492" lon="-121.602714">
         <ele>2630</ele>
      </rtept>
      <rtept lat="48.829474" lon="-121.602706">
         <ele>2630</ele>
      </rtept>
      <rtept lat="48.829456" lon="-121.602703">
         <ele>2620</ele>
      </rtept>
      <rtept lat="48.829428" lon="-121.602705">
         <ele>2620</ele>
      </rtept>
      <rtept lat="48.829407" lon="-121.6027">
         <ele>2620</ele>
      </rtept>
      <rtept lat="48.829382" lon="-121.602699">
         <ele>2620</ele>
      </rtept>
      <rtept lat="48.829363" lon="-121.602704">
         <ele>2620</ele>
      </rtept>
      <rtept lat="48.829343" lon="-121.602701">
         <ele>2610</ele>
      </rtept>
      <rtept lat="48.829316" lon="-121.602717">
         <ele>2610</ele>
      </rtept>
      <rtept lat="48.829295" lon="-121.602731">
         <ele>2610</ele>
      </rtept>
      <rtept lat="48.829275" lon="-121.602748">
         <ele>2610</ele>
      </rtept>
      <rtept lat="48.829257" lon="-121.602756">
         <ele>2600</ele>
      </rtept>
      <rtept lat="48.829236" lon="-121.602772">
         <ele>2600</ele>
      </rtept>
      <rtept lat="48.829215" lon="-121.602787">
         <ele>2600</ele>
      </rtept>
      <rtept lat="48.82919" lon="-121.602782">
         <ele>2600</ele>
      </rtept>
      <rtept lat="48.829169" lon="-121.602788">
         <ele>2600</ele>
      </rtept>
      <rtept lat="48.829151" lon="-121.602801">
         <ele>2600</ele>
      </rtept>
      <rtept lat="48.82913" lon="-121.602805">
         <ele>2590</ele>
      </rtept>
      <rtept lat="48.829111" lon="-121.602818">
         <ele>2590</ele>
      </rtept>
      <rtept lat="48.829088" lon="-121.602832">
         <ele>2590</ele>
      </rtept>
      <rtept lat="48.829067" lon="-121.602852">
         <ele>2590</ele>
      </rtept>
      <rtept lat="48.829049" lon="-121.602869">
         <ele>2590</ele>
      </rtept>
      <rtept lat="48.829029" lon="-121.602874">
         <ele>2580</ele>
      </rtept>
      <rtept lat="48.829012" lon="-121.602894">
         <ele>2580</ele>
      </rtept>
      <rtept lat="48.828998" lon="-121.602912">
         <ele>2580</ele>
      </rtept>
      <rtept lat="48.828976" lon="-121.602936">
         <ele>2580</ele>
      </rtept>
      <rtept lat="48.828957" lon="-121.602965">
         <ele>2580</ele>
      </rtept>
      <rtept lat="48.82894" lon="-121.603007">
         <ele>2570</ele>
      </rtept>
      <rtept lat="48.82893" lon="-121.603031">
         <ele>2570</ele>
      </rtept>
      <rtept lat="48.82892" lon="-121.603056">
         <ele>2570</ele>
      </rtept>
      <rtept lat="48.828909" lon="-121.603103">
         <ele>2570</ele>
      </rtept>
      <rtept lat="48.828895" lon="-121.603132">
         <ele>2570</ele>
      </rtept>
      <rtept lat="48.82888" lon="-121.603169">
         <ele>2560</ele>
      </rtept>
      <rtept lat="48.828881" lon="-121.603206">
         <ele>2560</ele>
      </rtept>
      <rtept lat="48.82889" lon="-121.603231">
         <ele>2560</ele>
      </rtept>
      <rtept lat="48.828903" lon="-121.603256">
         <ele>2560</ele>
      </rtept>
      <rtept lat="48.828912" lon="-121.603285">
         <ele>2560</ele>
      </rtept>
      <rtept lat="48.828923" lon="-121.603324">
         <ele>2560</ele>
      </rtept>
      <rtept lat="48.828931" lon="-121.603362">
         <ele>2560</ele>
      </rtept>
      <rtept lat="48.828935" lon="-121.6034">
         <ele>2560</ele>
      </rtept>
      <rtept lat="48.828936" lon="-121.603439">
         <ele>2560</ele>
      </rtept>
      <rtept lat="48.828932" lon="-121.603479">
         <ele>2560</ele>
      </rtept>
      <rtept lat="48.828927" lon="-121.603522">
         <ele>2560</ele>
      </rtept>
      <rtept lat="48.828924" lon="-121.603563">
         <ele>2560</ele>
      </rtept>
      <rtept lat="48.82892" lon="-121.603606">
         <ele>2560</ele>
      </rtept>
      <rtept lat="48.828913" lon="-121.603646">
         <ele>2550</ele>
      </rtept>
      <rtept lat="48.828905" lon="-121.603686">
         <ele>2550</ele>
      </rtept>
      <rtept lat="48.828896" lon="-121.603723">
         <ele>2550</ele>
      </rtept>
      <rtept lat="48.828883" lon="-121.603762">
         <ele>2550</ele>
      </rtept>
      <rtept lat="48.828872" lon="-121.603801">
         <ele>2550</ele>
      </rtept>
      <rtept lat="48.828863" lon="-121.603837">
         <ele>2550</ele>
      </rtept>
      <rtept lat="48.828854" lon="-121.603873">
         <ele>2550</ele>
      </rtept>
      <rtept lat="48.828846" lon="-121.603907">
         <ele>2550</ele>
      </rtept>
      <rtept lat="48.828837" lon="-121.603938">
         <ele>2550</ele>
      </rtept>
      <rtept lat="48.828827" lon="-121.603973">
         <ele>2550</ele>
      </rtept>
      <rtept lat="48.828814" lon="-121.604013">
         <ele>2550</ele>
      </rtept>
      <rtept lat="48.828802" lon="-121.604048">
         <ele>2550</ele>
      </rtept>
      <rtept lat="48.828794" lon="-121.604073">
         <ele>2550</ele>
      </rtept>
      <rtept lat="48.828782" lon="-121.604107">
         <ele>2550</ele>
      </rtept>
      <rtept lat="48.828771" lon="-121.604142">
         <ele>2550</ele>
      </rtept>
      <rtept lat="48.82876" lon="-121.60418">
         <ele>2550</ele>
      </rtept>
      <rtept lat="48.828747" lon="-121.604217">
         <ele>2550</ele>
      </rtept>
      <rtept lat="48.828735" lon="-121.604252">
         <ele>2550</ele>
      </rtept>
      <rtept lat="48.828728" lon="-121.604289">
         <ele>2550</ele>
      </rtept>
      <rtept lat="48.828719" lon="-121.604328">
         <ele>2550</ele>
      </rtept>
      <rtept lat="48.828705" lon="-121.604367">
         <ele>2550</ele>
      </rtept>
      <rtept lat="48.828691" lon="-121.604402">
         <ele>2550</ele>
      </rtept>
      <rtept lat="48.828676" lon="-121.604434">
         <ele>2540</ele>
      </rtept>
      <rtept lat="48.828659" lon="-121.604472">
         <ele>2540</ele>
      </rtept>
      <rtept lat="48.828644" lon="-121.60451">
         <ele>2540</ele>
      </rtept>
      <rtept lat="48.828631" lon="-121.604548">
         <ele>2540</ele>
      </rtept>
      <rtept lat="48.828616" lon="-121.60459">
         <ele>2540</ele>
      </rtept>
      <rtept lat="48.828599" lon="-121.604635">
         <ele>2540</ele>
      </rtept>
      <rtept lat="48.828582" lon="-121.604678">
         <ele>2540</ele>
      </rtept>
      <rtept lat="48.828569" lon="-121.604715">
         <ele>2540</ele>
      </rtept>
      <rtept lat="48.828555" lon="-121.604756">
         <ele>2540</ele>
      </rtept>
      <rtept lat="48.82854" lon="-121.6048">
         <ele>2540</ele>
      </rtept>
      <rtept lat="48.828527" lon="-121.604846">
         <ele>2540</ele>
      </rtept>
      <rtept lat="48.828509" lon="-121.604892">
         <ele>2540</ele>
      </rtept>
      <rtept lat="48.828492" lon="-121.604938">
         <ele>2540</ele>
      </rtept>
      <rtept lat="48.828475" lon="-121.604981">
         <ele>2540</ele>
      </rtept>
      <rtept lat="48.828457" lon="-121.605015">
         <ele>2540</ele>
      </rtept>
      <rtept lat="48.828414" lon="-121.605132">
         <ele>2540</ele>
      </rtept>
      <rtept lat="48.828364" lon="-121.605263">
         <ele>2530</ele>
      </rtept>
      <rtept lat="48.828296" lon="-121.605411">
         <ele>2530</ele>
      </rtept>
      <rtept lat="48.828245" lon="-121.605533">
         <ele>2520</ele>
      </rtept>
      <rtept lat="48.82817" lon="-121.605677">
         <ele>2520</ele>
      </rtept>
      <rtept lat="48.828108" lon="-121.605804">
         <ele>2510</ele>
      </rtept>
      <rtept lat="48.828052" lon="-121.605917">
         <ele>2510</ele>
      </rtept>
      <rtept lat="48.827993" lon="-121.606047">
         <ele>2510</ele>
      </rtept>
      <rtept lat="48.82794" lon="-121.606165">
         <ele>2510</ele>
      </rtept>
      <rtept lat="48.827857" lon="-121.606274">
         <ele>2500</ele>
      </rtept>
      <rtept lat="48.827769" lon="-121.606353">
         <ele>2500</ele>
      </rtept>
      <rtept lat="48.827688" lon="-121.606426">
         <ele>2500</ele>
      </rtept>
      <rtept lat="48.827584" lon="-121.606523">
         <ele>2490</ele>
      </rtept>
      <rtept lat="48.827498" lon="-121.606619">
         <ele>2490</ele>
      </rtept>
      <rtept lat="48.827396" lon="-121.606695">
         <ele>2490</ele>
      </rtept>
      <rtept lat="48.827326" lon="-121.606732">
         <ele>2490</ele>
      </rtept>
      <rtept lat="48.827297" lon="-121.606758">
         <ele>2490</ele>
      </rtept>
      <rtept lat="48.827264" lon="-121.606776">
         <ele>2480</ele>
      </rtept>
      <rtept lat="48.827234" lon="-121.606795">
         <ele>2480</ele>
      </rtept>
      <rtept lat="48.827204" lon="-121.60682">
         <ele>2480</ele>
      </rtept>
      <rtept lat="48.827181" lon="-121.606835">
         <ele>2480</ele>
      </rtept>
      <rtept lat="48.827155" lon="-121.606857">
         <ele>2480</ele>
      </rtept>
      <rtept lat="48.827135" lon="-121.606874">
         <ele>2480</ele>
      </rtept>
      <rtept lat="48.827114" lon="-121.606896">
         <ele>2480</ele>
      </rtept>
      <rtept lat="48.827098" lon="-121.606919">
         <ele>2480</ele>
      </rtept>
      <rtept lat="48.827066" lon="-121.606959">
         <ele>2480</ele>
      </rtept>
      <rtept lat="48.827048" lon="-121.606983">
         <ele>2480</ele>
      </rtept>
      <rtept lat="48.82703" lon="-121.606996">
         <ele>2480</ele>
      </rtept>
      <rtept lat="48.826999" lon="-121.607017">
         <ele>2470</ele>
      </rtept>
      <rtept lat="48.826977" lon="-121.607042">
         <ele>2470</ele>
      </rtept>
      <rtept lat="48.826952" lon="-121.607071">
         <ele>2470</ele>
      </rtept>
      <rtept lat="48.826923" lon="-121.607105">
         <ele>2470</ele>
      </rtept>
      <rtept lat="48.826895" lon="-121.607141">
         <ele>2470</ele>
      </rtept>
      <rtept lat="48.826865" lon="-121.607177">
         <ele>2470</ele>
      </rtept>
      <rtept lat="48.826836" lon="-121.607207">
         <ele>2470</ele>
      </rtept>
      <rtept lat="48.826815" lon="-121.607238">
         <ele>2470</ele>
      </rtept>
      <rtept lat="48.8268" lon="-121.607259">
         <ele>2470</ele>
      </rtept>
      <rtept lat="48.826778" lon="-121.607293">
         <ele>2470</ele>
      </rtept>
      <rtept lat="48.826755" lon="-121.607316">
         <ele>2460</ele>
      </rtept>
      <rtept lat="48.826726" lon="-121.607348">
         <ele>2460</ele>
      </rtept>
      <rtept lat="48.826692" lon="-121.607376">
         <ele>2460</ele>
      </rtept>
      <rtept lat="48.82667" lon="-121.607393">
         <ele>2460</ele>
      </rtept>
      <rtept lat="48.826653" lon="-121.607421">
         <ele>2460</ele>
      </rtept>
      <rtept lat="48.826636" lon="-121.60746">
         <ele>2460</ele>
      </rtept>
      <rtept lat="48.826604" lon="-121.607509">
         <ele>2460</ele>
      </rtept>
      <rtept lat="48.826585" lon="-121.607543">
         <ele>2460</ele>
      </rtept>
      <rtept lat="48.826571" lon="-121.607568">
         <ele>2460</ele>
      </rtept>
      <rtept lat="48.826545" lon="-121.607603">
         <ele>2460</ele>
      </rtept>
      <rtept lat="48.826517" lon="-121.607637">
         <ele>2460</ele>
      </rtept>
      <rtept lat="48.826496" lon="-121.607668">
         <ele>2450</ele>
      </rtept>
      <rtept lat="48.826458" lon="-121.607705">
         <ele>2450</ele>
      </rtept>
      <rtept lat="48.826421" lon="-121.607741">
         <ele>2450</ele>
      </rtept>
      <rtept lat="48.826373" lon="-121.607803">
         <ele>2450</ele>
      </rtept>
      <rtept lat="48.826274" lon="-121.607904">
         <ele>2450</ele>
      </rtept>
      <rtept lat="48.826211" lon="-121.607956">
         <ele>2440</ele>
      </rtept>
      <rtept lat="48.826183" lon="-121.60797">
         <ele>2440</ele>
      </rtept>
      <rtept lat="48.826156" lon="-121.607982">
         <ele>2440</ele>
      </rtept>
      <rtept lat="48.826137" lon="-121.607987">
         <ele>2440</ele>
      </rtept>
      <rtept lat="48.826119" lon="-121.607992">
         <ele>2440</ele>
      </rtept>
      <rtept lat="48.826101" lon="-121.608002">
         <ele>2440</ele>
      </rtept>
      <rtept lat="48.826083" lon="-121.608011">
         <ele>2440</ele>
      </rtept>
      <rtept lat="48.826065" lon="-121.608021">
         <ele>2440</ele>
      </rtept>
      <rtept lat="48.826046" lon="-121.608029">
         <ele>2440</ele>
      </rtept>
      <rtept lat="48.825945" lon="-121.608026">
         <ele>2440</ele>
      </rtept>
      <rtept lat="48.825838" lon="-121.608014">
         <ele>2430</ele>
      </rtept>
      <rtept lat="48.825742" lon="-121.608009">
         <ele>2430</ele>
      </rtept>
      <rtept lat="48.825664" lon="-121.608035">
         <ele>2430</ele>
      </rtept>
      <rtept lat="48.825573" lon="-121.608064">
         <ele>2420</ele>
      </rtept>
      <rtept lat="48.825517" lon="-121.608085">
         <ele>2420</ele>
      </rtept>
      <rtept lat="48.825485" lon="-121.608091">
         <ele>2420</ele>
      </rtept>
      <rtept lat="48.825451" lon="-121.608101">
         <ele>2420</ele>
      </rtept>
      <rtept lat="48.825359" lon="-121.608144">
         <ele>2420</ele>
      </rtept>
      <rtept lat="48.825264" lon="-121.608159">
         <ele>2410</ele>
      </rtept>
      <rtept lat="48.825239" lon="-121.608155">
         <ele>2410</ele>
      </rtept>
      <rtept lat="48.825213" lon="-121.608152">
         <ele>2410</ele>
      </rtept>
      <rtept lat="48.825187" lon="-121.608154">
         <ele>2410</ele>
      </rtept>
      <rtept lat="48.825158" lon="-121.608162">
         <ele>2410</ele>
      </rtept>
      <rtept lat="48.825074" lon="-121.608237">
         <ele>2410</ele>
      </rtept>
      <rtept lat="48.825041" lon="-121.608267">
         <ele>2400</ele>
      </rtept>
      <rtept lat="48.825011" lon="-121.608287">
         <ele>2400</ele>
      </rtept>
      <rtept lat="48.82498" lon="-121.608302">
         <ele>2400</ele>
      </rtept>
      <rtept lat="48.824949" lon="-121.608309">
         <ele>2400</ele>
      </rtept>
      <rtept lat="48.824926" lon="-121.60831">
         <ele>2400</ele>
      </rtept>
      <rtept lat="48.824907" lon="-121.608304">
         <ele>2400</ele>
      </rtept>
      <rtept lat="48.824875" lon="-121.608323">
         <ele>2400</ele>
      </rtept>
      <rtept lat="48.824775" lon="-121.608378">
         <ele>2390</ele>
      </rtept>
      <rtept lat="48.824684" lon="-121.608448">
         <ele>2390</ele>
      </rtept>
      <rtept lat="48.824651" lon="-121.608481">
         <ele>2380</ele>
      </rtept>
      <rtept lat="48.824592" lon="-121.608556">
         <ele>2380</ele>
      </rtept>
      <rtept lat="48.82455" lon="-121.608609">
         <ele>2380</ele>
      </rtept>
      <rtept lat="48.824502" lon="-121.608637">
         <ele>2380</ele>
      </rtept>
      <rtept lat="48.82448" lon="-121.608654">
         <ele>2380</ele>
      </rtept>
      <rtept lat="48.82446" lon="-121.608675">
         <ele>2380</ele>
      </rtept>
      <rtept lat="48.824438" lon="-121.608704">
         <ele>2370</ele>
      </rtept>
      <rtept lat="48.824413" lon="-121.608725">
         <ele>2370</ele>
      </rtept>
      <rtept lat="48.824387" lon="-121.608742">
         <ele>2370</ele>
      </rtept>
      <rtept lat="48.824358" lon="-121.608765">
         <ele>2370</ele>
      </rtept>
      <rtept lat="48.824329" lon="-121.608789">
         <ele>2370</ele>
      </rtept>
      <rtept lat="48.8243" lon="-121.608818">
         <ele>2370</ele>
      </rtept>
      <rtept lat="48.824269" lon="-121.608854">
         <ele>2370</ele>
      </rtept>
      <rtept lat="48.824244" lon="-121.608884">
         <ele>2370</ele>
      </rtept>
      <rtept lat="48.824215" lon="-121.608912">
         <ele>2370</ele>
      </rtept>
      <rtept lat="48.824142" lon="-121.608997">
         <ele>2360</ele>
      </rtept>
      <rtept lat="48.824089" lon="-121.609116">
         <ele>2360</ele>
      </rtept>
      <rtept lat="48.824043" lon="-121.609196">
         <ele>2360</ele>
      </rtept>
      <rtept lat="48.824013" lon="-121.609233">
         <ele>2360</ele>
      </rtept>
      <rtept lat="48.823921" lon="-121.609316">
         <ele>2350</ele>
      </rtept>
      <rtept lat="48.823888" lon="-121.609343">
         <ele>2350</ele>
      </rtept>
      <rtept lat="48.82385" lon="-121.609377">
         <ele>2350</ele>
      </rtept>
      <rtept lat="48.823815" lon="-121.609399">
         <ele>2350</ele>
      </rtept>
      <rtept lat="48.823778" lon="-121.609433">
         <ele>2350</ele>
      </rtept>
      <rtept lat="48.823742" lon="-121.60946">
         <ele>2350</ele>
      </rtept>
      <rtept lat="48.823707" lon="-121.609478">
         <ele>2350</ele>
      </rtept>
      <rtept lat="48.823672" lon="-121.60949">
         <ele>2350</ele>
      </rtept>
      <rtept lat="48.823635" lon="-121.609508">
         <ele>2350</ele>
      </rtept>
      <rtept lat="48.823602" lon="-121.609533">
         <ele>2350</ele>
      </rtept>
      <rtept lat="48.823572" lon="-121.609555">
         <ele>2340</ele>
      </rtept>
      <rtept lat="48.82355" lon="-121.60957">
         <ele>2340</ele>
      </rtept>
      <rtept lat="48.823529" lon="-121.60959">
         <ele>2340</ele>
      </rtept>
      <rtept lat="48.823508" lon="-121.609612">
         <ele>2340</ele>
      </rtept>
      <rtept lat="48.823481" lon="-121.609645">
         <ele>2340</ele>
      </rtept>
      <rtept lat="48.823452" lon="-121.609673">
         <ele>2340</ele>
      </rtept>
      <rtept lat="48.823431" lon="-121.609695">
         <ele>2340</ele>
      </rtept>
      <rtept lat="48.823404" lon="-121.609724">
         <ele>2340</ele>
      </rtept>
      <rtept lat="48.82337" lon="-121.609751">
         <ele>2340</ele>
      </rtept>
      <rtept lat="48.823333" lon="-121.609778">
         <ele>2340</ele>
      </rtept>
      <rtept lat="48.823298" lon="-121.609799">
         <ele>2340</ele>
      </rtept>
      <rtept lat="48.82326" lon="-121.60982">
         <ele>2340</ele>
      </rtept>
      <rtept lat="48.823227" lon="-121.60985">
         <ele>2340</ele>
      </rtept>
      <rtept lat="48.823203" lon="-121.60987">
         <ele>2340</ele>
      </rtept>
      <rtept lat="48.823171" lon="-121.609892">
         <ele>2340</ele>
      </rtept>
      <rtept lat="48.823134" lon="-121.609916">
         <ele>2340</ele>
      </rtept>
      <rtept lat="48.823102" lon="-121.609933">
         <ele>2340</ele>
      </rtept>
      <rtept lat="48.823067" lon="-121.609951">
         <ele>2330</ele>
      </rtept>
      <rtept lat="48.823029" lon="-121.609967">
         <ele>2330</ele>
      </rtept>
      <rtept lat="48.822994" lon="-121.609984">
         <ele>2330</ele>
      </rtept>
      <rtept lat="48.822956" lon="-121.610001">
         <ele>2330</ele>
      </rtept>
      <rtept lat="48.822917" lon="-121.610016">
         <ele>2330</ele>
      </rtept>
      <rtept lat="48.822881" lon="-121.610026">
         <ele>2330</ele>
      </rtept>
      <rtept lat="48.822846" lon="-121.610035">
         <ele>2330</ele>
      </rtept>
      <rtept lat="48.822808" lon="-121.610049">
         <ele>2330</ele>
      </rtept>
      <rtept lat="48.822775" lon="-121.610057">
         <ele>2330</ele>
      </rtept>
      <rtept lat="48.822664" lon="-121.610086">
         <ele>2330</ele>
      </rtept>
      <rtept lat="48.822587" lon="-121.610106">
         <ele>2330</ele>
      </rtept>
      <rtept lat="48.822551" lon="-121.610111">
         <ele>2330</ele>
      </rtept>
      <rtept lat="48.822513" lon="-121.610121">
         <ele>2330</ele>
      </rtept>
      <rtept lat="48.822476" lon="-121.610125">
         <ele>2330</ele>
      </rtept>
      <rtept lat="48.822439" lon="-121.610131">
         <ele>2330</ele>
      </rtept>
      <rtept lat="48.822399" lon="-121.610148">
         <ele>2330</ele>
      </rtept>
      <rtept lat="48.822359" lon="-121.610161">
         <ele>2330</ele>
      </rtept>
      <rtept lat="48.82232" lon="-121.610164">
         <ele>2330</ele>
      </rtept>
      <rtept lat="48.822283" lon="-121.610167">
         <ele>2330</ele>
      </rtept>
      <rtept lat="48.82225" lon="-121.610162">
         <ele>2330</ele>
      </rtept>
      <rtept lat="48.822216" lon="-121.610168">
         <ele>2320</ele>
      </rtept>
      <rtept lat="48.822182" lon="-121.610173">
         <ele>2320</ele>
      </rtept>
      <rtept lat="48.822153" lon="-121.610181">
         <ele>2320</ele>
      </rtept>
      <rtept lat="48.822119" lon="-121.61019">
         <ele>2320</ele>
      </rtept>
      <rtept lat="48.822083" lon="-121.610201">
         <ele>2320</ele>
      </rtept>
      <rtept lat="48.822049" lon="-121.610204">
         <ele>2320</ele>
      </rtept>
      <rtept lat="48.821949" lon="-121.610223">
         <ele>2320</ele>
      </rtept>
      <rtept lat="48.821909" lon="-121.610228">
         <ele>2320</ele>
      </rtept>
      <rtept lat="48.821878" lon="-121.610232">
         <ele>2320</ele>
      </rtept>
      <rtept lat="48.821846" lon="-121.61023">
         <ele>2320</ele>
      </rtept>
      <rtept lat="48.821811" lon="-121.610236">
         <ele>2320</ele>
      </rtept>
      <rtept lat="48.821781" lon="-121.610232">
         <ele>2320</ele>
      </rtept>
      <rtept lat="48.821749" lon="-121.610236">
         <ele>2320</ele>
      </rtept>
      <rtept lat="48.821712" lon="-121.610233">
         <ele>2320</ele>
      </rtept>
      <rtept lat="48.821611" lon="-121.610221">
         <ele>2320</ele>
      </rtept>
      <rtept lat="48.82157" lon="-121.610224">
         <ele>2320</ele>
      </rtept>
      <rtept lat="48.821533" lon="-121.610229">
         <ele>2320</ele>
      </rtept>
      <rtept lat="48.821497" lon="-121.610233">
         <ele>2320</ele>
      </rtept>
      <rtept lat="48.821465" lon="-121.610233">
         <ele>2320</ele>
      </rtept>
      <rtept lat="48.821432" lon="-121.610227">
         <ele>2310</ele>
      </rtept>
      <rtept lat="48.821397" lon="-121.61022">
         <ele>2310</ele>
      </rtept>
      <rtept lat="48.821364" lon="-121.610215">
         <ele>2310</ele>
      </rtept>
      <rtept lat="48.821293" lon="-121.610199">
         <ele>2310</ele>
      </rtept>
      <rtept lat="48.821261" lon="-121.61019">
         <ele>2310</ele>
      </rtept>
      <rtept lat="48.821226" lon="-121.610193">
         <ele>2310</ele>
      </rtept>
      <rtept lat="48.821198" lon="-121.610194">
         <ele>2310</ele>
      </rtept>
      <rtept lat="48.821166" lon="-121.610192">
         <ele>2310</ele>
      </rtept>
      <rtept lat="48.821094" lon="-121.610174">
         <ele>2310</ele>
      </rtept>
      <rtept lat="48.821059" lon="-121.610171">
         <ele>2310</ele>
      </rtept>
      <rtept lat="48.820947" lon="-121.610138">
         <ele>2310</ele>
      </rtept>
      <rtept lat="48.820915" lon="-121.610132">
         <ele>2300</ele>
      </rtept>
      <rtept lat="48.820867" lon="-121.610136">
         <ele>2300</ele>
      </rtept>
      <rtept lat="48.820828" lon="-121.610141">
         <ele>2300</ele>
      </rtept>
      <rtept lat="48.820788" lon="-121.610138">
         <ele>2300</ele>
      </rtept>
      <rtept lat="48.820746" lon="-121.610144">
         <ele>2300</ele>
      </rtept>
      <rtept lat="48.820709" lon="-121.610147">
         <ele>2300</ele>
      </rtept>
      <rtept lat="48.820677" lon="-121.610133">
         <ele>2300</ele>
      </rtept>
      <rtept lat="48.820649" lon="-121.610117">
         <ele>2300</ele>
      </rtept>
      <rtept lat="48.82062" lon="-121.610107">
         <ele>2300</ele>
      </rtept>
      <rtept lat="48.820545" lon="-121.610095">
         <ele>2300</ele>
      </rtept>
      <rtept lat="48.820512" lon="-121.610086">
         <ele>2300</ele>
      </rtept>
      <rtept lat="48.820439" lon="-121.610081">
         <ele>2300</ele>
      </rtept>
      <rtept lat="48.820409" lon="-121.610075">
         <ele>2300</ele>
      </rtept>
      <rtept lat="48.820321" lon="-121.610058">
         <ele>2290</ele>
      </rtept>
      <rtept lat="48.82029" lon="-121.610051">
         <ele>2290</ele>
      </rtept>
      <rtept lat="48.82026" lon="-121.610034">
         <ele>2290</ele>
      </rtept>
      <rtept lat="48.820236" lon="-121.610013">
         <ele>2290</ele>
      </rtept>
      <rtept lat="48.820202" lon="-121.61">
         <ele>2290</ele>
      </rtept>
      <rtept lat="48.82017" lon="-121.609984">
         <ele>2290</ele>
      </rtept>
      <rtept lat="48.820138" lon="-121.609977">
         <ele>2290</ele>
      </rtept>
      <rtept lat="48.820077" lon="-121.609948">
         <ele>2290</ele>
      </rtept>
      <rtept lat="48.820051" lon="-121.609932">
         <ele>2290</ele>
      </rtept>
      <rtept lat="48.819991" lon="-121.609922">
         <ele>2290</ele>
      </rtept>
      <rtept lat="48.819936" lon="-121.609909">
         <ele>2290</ele>
      </rtept>
      <rtept lat="48.819909" lon="-121.609904">
         <ele>2290</ele>
      </rtept>
      <rtept lat="48.819882" lon="-121.609897">
         <ele>2290</ele>
      </rtept>
      <rtept lat="48.819768" lon="-121.609883">
         <ele>2290</ele>
      </rtept>
      <rtept lat="48.819733" lon="-121.609887">
         <ele>2290</ele>
      </rtept>
      <rtept lat="48.819705" lon="-121.609889">
         <ele>2290</ele>
      </rtept>
      <rtept lat="48.819677" lon="-121.609888">
         <ele>2290</ele>
      </rtept>
      <rtept lat="48.819646" lon="-121.609886">
         <ele>2290</ele>
      </rtept>
      <rtept lat="48.819623" lon="-121.609877">
         <ele>2290</ele>
      </rtept>
      <rtept lat="48.819595" lon="-121.609879">
         <ele>2290</ele>
      </rtept>
      <rtept lat="48.819568" lon="-121.609876">
         <ele>2290</ele>
      </rtept>
      <rtept lat="48.819548" lon="-121.609863">
         <ele>2290</ele>
      </rtept>
      <rtept lat="48.819427" lon="-121.609859">
         <ele>2290</ele>
      </rtept>
      <rtept lat="48.819335" lon="-121.609859">
         <ele>2290</ele>
      </rtept>
      <rtept lat="48.81922" lon="-121.609853">
         <ele>2290</ele>
      </rtept>
      <rtept lat="48.81912" lon="-121.609871">
         <ele>2290</ele>
      </rtept>
      <rtept lat="48.819041" lon="-121.60989">
         <ele>2290</ele>
      </rtept>
      <rtept lat="48.819008" lon="-121.609894">
         <ele>2290</ele>
      </rtept>
      <rtept lat="48.81898" lon="-121.609888">
         <ele>2290</ele>
      </rtept>
      <rtept lat="48.818952" lon="-121.609883">
         <ele>2290</ele>
      </rtept>
      <rtept lat="48.818925" lon="-121.609887">
         <ele>2290</ele>
      </rtept>
      <rtept lat="48.818894" lon="-121.609892">
         <ele>2290</ele>
      </rtept>
      <rtept lat="48.818867" lon="-121.60989">
         <ele>2290</ele>
      </rtept>
      <rtept lat="48.818834" lon="-121.609895">
         <ele>2290</ele>
      </rtept>
      <rtept lat="48.818804" lon="-121.609895">
         <ele>2290</ele>
      </rtept>
      <rtept lat="48.818775" lon="-121.609891">
         <ele>2290</ele>
      </rtept>
      <rtept lat="48.818747" lon="-121.609888">
         <ele>2290</ele>
      </rtept>
      <rtept lat="48.81872" lon="-121.609884">
         <ele>2290</ele>
      </rtept>
      <rtept lat="48.818694" lon="-121.609874">
         <ele>2290</ele>
      </rtept>
      <rtept lat="48.81867" lon="-121.609864">
         <ele>2290</ele>
      </rtept>
      <rtept lat="48.818646" lon="-121.609856">
         <ele>2290</ele>
      </rtept>
      <rtept lat="48.81862" lon="-121.609849">
         <ele>2290</ele>
      </rtept>
      <rtept lat="48.818593" lon="-121.609849">
         <ele>2290</ele>
      </rtept>
      <rtept lat="48.818568" lon="-121.609838">
         <ele>2290</ele>
      </rtept>
      <rtept lat="48.818543" lon="-121.609832">
         <ele>2290</ele>
      </rtept>
      <rtept lat="48.818514" lon="-121.609827">
         <ele>2290</ele>
      </rtept>
      <rtept lat="48.818488" lon="-121.609815">
         <ele>2290</ele>
      </rtept>
      <rtept lat="48.818465" lon="-121.609807">
         <ele>2290</ele>
      </rtept>
      <rtept lat="48.818439" lon="-121.609806">
         <ele>2290</ele>
      </rtept>
      <rtept lat="48.818413" lon="-121.609802">
         <ele>2290</ele>
      </rtept>
      <rtept lat="48.818388" lon="-121.609796">
         <ele>2290</ele>
      </rtept>
      <rtept lat="48.818361" lon="-121.609792">
         <ele>2290</ele>
      </rtept>
      <rtept lat="48.818336" lon="-121.609789">
         <ele>2290</ele>
      </rtept>
      <rtept lat="48.818314" lon="-121.609789">
         <ele>2290</ele>
      </rtept>
      <rtept lat="48.818292" lon="-121.609783">
         <ele>2290</ele>
      </rtept>
      <rtept lat="48.818271" lon="-121.609777">
         <ele>2290</ele>
      </rtept>
      <rtept lat="48.818247" lon="-121.609773">
         <ele>2290</ele>
      </rtept>
      <rtept lat="48.818225" lon="-121.609771">
         <ele>2290</ele>
      </rtept>
      <rtept lat="48.818204" lon="-121.60976">
         <ele>2290</ele>
      </rtept>
      <rtept lat="48.818181" lon="-121.609758">
         <ele>2300</ele>
      </rtept>
      <rtept lat="48.81816" lon="-121.609756">
         <ele>2300</ele>
      </rtept>
      <rtept lat="48.818138" lon="-121.609751">
         <ele>2300</ele>
      </rtept>
      <rtept lat="48.818116" lon="-121.609742">
         <ele>2300</ele>
      </rtept>
      <rtept lat="48.818094" lon="-121.60974">
         <ele>2300</ele>
      </rtept>
      <rtept lat="48.818071" lon="-121.609734">
         <ele>2300</ele>
      </rtept>
      <rtept lat="48.818048" lon="-121.609725">
         <ele>2300</ele>
      </rtept>
      <rtept lat="48.818025" lon="-121.609723">
         <ele>2300</ele>
      </rtept>
      <rtept lat="48.817998" lon="-121.60972">
         <ele>2300</ele>
      </rtept>
      <rtept lat="48.817974" lon="-121.609714">
         <ele>2300</ele>
      </rtept>
      <rtept lat="48.817952" lon="-121.609711">
         <ele>2300</ele>
      </rtept>
      <rtept lat="48.817932" lon="-121.609705">
         <ele>2300</ele>
      </rtept>
      <rtept lat="48.817908" lon="-121.609702">
         <ele>2300</ele>
      </rtept>
      <rtept lat="48.817888" lon="-121.609695">
         <ele>2300</ele>
      </rtept>
      <rtept lat="48.817866" lon="-121.609692">
         <ele>2300</ele>
      </rtept>
      <rtept lat="48.817844" lon="-121.609686">
         <ele>2300</ele>
      </rtept>
      <rtept lat="48.81782" lon="-121.609683">
         <ele>2300</ele>
      </rtept>
      <rtept lat="48.817798" lon="-121.60968">
         <ele>2300</ele>
      </rtept>
      <rtept lat="48.817774" lon="-121.609676">
         <ele>2300</ele>
      </rtept>
      <rtept lat="48.817752" lon="-121.609672">
         <ele>2300</ele>
      </rtept>
      <rtept lat="48.817731" lon="-121.609668">
         <ele>2300</ele>
      </rtept>
      <rtept lat="48.817709" lon="-121.60966">
         <ele>2300</ele>
      </rtept>
      <rtept lat="48.81769" lon="-121.609655">
         <ele>2300</ele>
      </rtept>
      <rtept lat="48.817669" lon="-121.609648">
         <ele>2300</ele>
      </rtept>
      <rtept lat="48.817645" lon="-121.609639">
         <ele>2300</ele>
      </rtept>
      <rtept lat="48.817625" lon="-121.609632">
         <ele>2300</ele>
      </rtept>
      <rtept lat="48.817602" lon="-121.609625">
         <ele>2300</ele>
      </rtept>
      <rtept lat="48.817582" lon="-121.609614">
         <ele>2300</ele>
      </rtept>
      <rtept lat="48.817557" lon="-121.60961">
         <ele>2300</ele>
      </rtept>
      <rtept lat="48.817534" lon="-121.609605">
         <ele>2300</ele>
      </rtept>
      <rtept lat="48.817511" lon="-121.609593">
         <ele>2300</ele>
      </rtept>
      <rtept lat="48.817486" lon="-121.609583">
         <ele>2300</ele>
      </rtept>
      <rtept lat="48.817461" lon="-121.60958">
         <ele>2300</ele>
      </rtept>
      <rtept lat="48.817435" lon="-121.609572">
         <ele>2300</ele>
      </rtept>
      <rtept lat="48.817409" lon="-121.609568">
         <ele>2300</ele>
      </rtept>
      <rtept lat="48.817386" lon="-121.609557">
         <ele>2300</ele>
      </rtept>
      <rtept lat="48.817364" lon="-121.609544">
         <ele>2300</ele>
      </rtept>
      <rtept lat="48.817341" lon="-121.609537">
         <ele>2300</ele>
      </rtept>
      <rtept lat="48.817315" lon="-121.60953">
         <ele>2300</ele>
      </rtept>
      <rtept lat="48.817288" lon="-121.609524">
         <ele>2300</ele>
      </rtept>
      <rtept lat="48.817258" lon="-121.609523">
         <ele>2300</ele>
      </rtept>
      <rtept lat="48.81723" lon="-121.609522">
         <ele>2300</ele>
      </rtept>
      <rtept lat="48.8172" lon="-121.609521">
         <ele>2300</ele>
      </rtept>
      <rtept lat="48.817176" lon="-121.609515">
         <ele>2300</ele>
      </rtept>
      <rtept lat="48.817147" lon="-121.609509">
         <ele>2300</ele>
      </rtept>
      <rtept lat="48.817118" lon="-121.609501">
         <ele>2300</ele>
      </rtept>
      <rtept lat="48.817092" lon="-121.609494">
         <ele>2300</ele>
      </rtept>
      <rtept lat="48.817063" lon="-121.60949">
         <ele>2300</ele>
      </rtept>
      <rtept lat="48.817033" lon="-121.609486">
         <ele>2300</ele>
      </rtept>
      <rtept lat="48.817009" lon="-121.609475">
         <ele>2300</ele>
      </rtept>
      <rtept lat="48.816977" lon="-121.609474">
         <ele>2300</ele>
      </rtept>
      <rtept lat="48.816945" lon="-121.609472">
         <ele>2300</ele>
      </rtept>
      <rtept lat="48.81692" lon="-121.609467">
         <ele>2300</ele>
      </rtept>
      <rtept lat="48.816892" lon="-121.609462">
         <ele>2300</ele>
      </rtept>
      <rtept lat="48.816861" lon="-121.609463">
         <ele>2300</ele>
      </rtept>
      <rtept lat="48.816832" lon="-121.609457">
         <ele>2300</ele>
      </rtept>
      <rtept lat="48.816802" lon="-121.609451">
         <ele>2300</ele>
      </rtept>
      <rtept lat="48.816766" lon="-121.609453">
         <ele>2300</ele>
      </rtept>
      <rtept lat="48.816725" lon="-121.609467">
         <ele>2300</ele>
      </rtept>
      <rtept lat="48.816684" lon="-121.609475">
         <ele>2300</ele>
      </rtept>
      <rtept lat="48.816644" lon="-121.609481">
         <ele>2300</ele>
      </rtept>
      <rtept lat="48.816609" lon="-121.609481">
         <ele>2300</ele>
      </rtept>
      <rtept lat="48.816571" lon="-121.609483">
         <ele>2300</ele>
      </rtept>
      <rtept lat="48.816535" lon="-121.609489">
         <ele>2300</ele>
      </rtept>
      <rtept lat="48.8165" lon="-121.609502">
         <ele>2300</ele>
      </rtept>
      <rtept lat="48.816465" lon="-121.609515">
         <ele>2300</ele>
      </rtept>
      <rtept lat="48.816434" lon="-121.609533">
         <ele>2300</ele>
      </rtept>
      <rtept lat="48.816409" lon="-121.609547">
         <ele>2300</ele>
      </rtept>
      <rtept lat="48.816382" lon="-121.609558">
         <ele>2290</ele>
      </rtept>
      <rtept lat="48.816355" lon="-121.609569">
         <ele>2290</ele>
      </rtept>
      <rtept lat="48.816331" lon="-121.609587">
         <ele>2290</ele>
      </rtept>
      <rtept lat="48.81631" lon="-121.609599">
         <ele>2290</ele>
      </rtept>
      <rtept lat="48.816289" lon="-121.609611">
         <ele>2290</ele>
      </rtept>
      <rtept lat="48.816265" lon="-121.609629">
         <ele>2290</ele>
      </rtept>
      <rtept lat="48.81624" lon="-121.609646">
         <ele>2290</ele>
      </rtept>
      <rtept lat="48.816216" lon="-121.609672">
         <ele>2290</ele>
      </rtept>
      <rtept lat="48.816189" lon="-121.609691">
         <ele>2290</ele>
      </rtept>
      <rtept lat="48.816168" lon="-121.609708">
         <ele>2290</ele>
      </rtept>
      <rtept lat="48.816145" lon="-121.609727">
         <ele>2290</ele>
      </rtept>
      <rtept lat="48.816122" lon="-121.609739">
         <ele>2290</ele>
      </rtept>
      <rtept lat="48.816096" lon="-121.609758">
         <ele>2290</ele>
      </rtept>
      <rtept lat="48.816067" lon="-121.609777">
         <ele>2290</ele>
      </rtept>
      <rtept lat="48.816036" lon="-121.609797">
         <ele>2290</ele>
      </rtept>
      <rtept lat="48.816005" lon="-121.609818">
         <ele>2290</ele>
      </rtept>
      <rtept lat="48.815977" lon="-121.609833">
         <ele>2290</ele>
      </rtept>
      <rtept lat="48.815947" lon="-121.609851">
         <ele>2290</ele>
      </rtept>
      <rtept lat="48.815918" lon="-121.609869">
         <ele>2290</ele>
      </rtept>
      <rtept lat="48.815892" lon="-121.609884">
         <ele>2290</ele>
      </rtept>
      <rtept lat="48.815863" lon="-121.609902">
         <ele>2290</ele>
      </rtept>
      <rtept lat="48.815833" lon="-121.609923">
         <ele>2290</ele>
      </rtept>
      <rtept lat="48.815804" lon="-121.609942">
         <ele>2290</ele>
      </rtept>
      <rtept lat="48.81578" lon="-121.609959">
         <ele>2290</ele>
      </rtept>
      <rtept lat="48.81575" lon="-121.609977">
         <ele>2290</ele>
      </rtept>
      <rtept lat="48.815715" lon="-121.609995">
         <ele>2280</ele>
      </rtept>
      <rtept lat="48.815681" lon="-121.610012">
         <ele>2280</ele>
      </rtept>
      <rtept lat="48.815648" lon="-121.610033">
         <ele>2280</ele>
      </rtept>
      <rtept lat="48.815617" lon="-121.610047">
         <ele>2280</ele>
      </rtept>
      <rtept lat="48.81559" lon="-121.610062">
         <ele>2280</ele>
      </rtept>
      <rtept lat="48.815558" lon="-121.610083">
         <ele>2280</ele>
      </rtept>
      <rtept lat="48.815525" lon="-121.610104">
         <ele>2280</ele>
      </rtept>
      <rtept lat="48.815493" lon="-121.610119">
         <ele>2280</ele>
      </rtept>
      <rtept lat="48.815461" lon="-121.610132">
         <ele>2280</ele>
      </rtept>
      <rtept lat="48.815428" lon="-121.610143">
         <ele>2280</ele>
      </rtept>
      <rtept lat="48.815396" lon="-121.610154">
         <ele>2280</ele>
      </rtept>
      <rtept lat="48.81537" lon="-121.610163">
         <ele>2280</ele>
      </rtept>
      <rtept lat="48.815343" lon="-121.610168">
         <ele>2280</ele>
      </rtept>
      <rtept lat="48.815318" lon="-121.610165">
         <ele>2270</ele>
      </rtept>
      <rtept lat="48.815292" lon="-121.610164">
         <ele>2270</ele>
      </rtept>
      <rtept lat="48.815262" lon="-121.610169">
         <ele>2270</ele>
      </rtept>
      <rtept lat="48.815227" lon="-121.610173">
         <ele>2270</ele>
      </rtept>
      <rtept lat="48.815193" lon="-121.610176">
         <ele>2270</ele>
      </rtept>
      <rtept lat="48.815168" lon="-121.610176">
         <ele>2270</ele>
      </rtept>
      <rtept lat="48.815141" lon="-121.610178">
         <ele>2270</ele>
      </rtept>
      <rtept lat="48.815107" lon="-121.610188">
         <ele>2270</ele>
      </rtept>
      <rtept lat="48.815077" lon="-121.610189">
         <ele>2270</ele>
      </rtept>
      <rtept lat="48.815046" lon="-121.610193">
         <ele>2270</ele>
      </rtept>
      <rtept lat="48.815016" lon="-121.61019">
         <ele>2270</ele>
      </rtept>
      <rtept lat="48.814986" lon="-121.610189">
         <ele>2260</ele>
      </rtept>
      <rtept lat="48.814956" lon="-121.6102">
         <ele>2260</ele>
      </rtept>
      <rtept lat="48.814922" lon="-121.610207">
         <ele>2260</ele>
      </rtept>
      <rtept lat="48.814887" lon="-121.610209">
         <ele>2260</ele>
      </rtept>
      <rtept lat="48.814856" lon="-121.610212">
         <ele>2260</ele>
      </rtept>
      <rtept lat="48.814825" lon="-121.61021">
         <ele>2260</ele>
      </rtept>
      <rtept lat="48.814794" lon="-121.610213">
         <ele>2260</ele>
      </rtept>
      <rtept lat="48.814764" lon="-121.61021">
         <ele>2260</ele>
      </rtept>
      <rtept lat="48.814735" lon="-121.610207">
         <ele>2260</ele>
      </rtept>
      <rtept lat="48.8147" lon="-121.61021">
         <ele>2260</ele>
      </rtept>
      <rtept lat="48.814665" lon="-121.610211">
         <ele>2260</ele>
      </rtept>
      <rtept lat="48.814636" lon="-121.610217">
         <ele>2260</ele>
      </rtept>
      <rtept lat="48.814612" lon="-121.610225">
         <ele>2260</ele>
      </rtept>
      <rtept lat="48.814578" lon="-121.610241">
         <ele>2260</ele>
      </rtept>
      <rtept lat="48.814518" lon="-121.610222">
         <ele>2260</ele>
      </rtept>
      <rtept lat="48.814494" lon="-121.610212">
         <ele>2260</ele>
      </rtept>
      <rtept lat="48.814431" lon="-121.610192">
         <ele>2250</ele>
      </rtept>
      <rtept lat="48.814402" lon="-121.610187">
         <ele>2250</ele>
      </rtept>
      <rtept lat="48.814308" lon="-121.610158">
         <ele>2250</ele>
      </rtept>
      <rtept lat="48.814274" lon="-121.610154">
         <ele>2250</ele>
      </rtept>
      <rtept lat="48.814244" lon="-121.610147">
         <ele>2250</ele>
      </rtept>
      <rtept lat="48.81422" lon="-121.610141">
         <ele>2250</ele>
      </rtept>
      <rtept lat="48.814185" lon="-121.61014">
         <ele>2250</ele>
      </rtept>
      <rtept lat="48.81416" lon="-121.610138">
         <ele>2250</ele>
      </rtept>
      <rtept lat="48.814105" lon="-121.610136">
         <ele>2250</ele>
      </rtept>
      <rtept lat="48.81408" lon="-121.610134">
         <ele>2250</ele>
      </rtept>
      <rtept lat="48.814052" lon="-121.610129">
         <ele>2250</ele>
      </rtept>
      <rtept lat="48.814024" lon="-121.61013">
         <ele>2250</ele>
      </rtept>
      <rtept lat="48.814" lon="-121.610124">
         <ele>2250</ele>
      </rtept>
      <rtept lat="48.813912" lon="-121.610145">
         <ele>2250</ele>
      </rtept>
      <rtept lat="48.813822" lon="-121.610187">
         <ele>2250</ele>
      </rtept>
      <rtept lat="48.813747" lon="-121.610293">
         <ele>2250</ele>
      </rtept>
      <rtept lat="48.813644" lon="-121.610341">
         <ele>2250</ele>
      </rtept>
      <rtept lat="48.813546" lon="-121.610352">
         <ele>2240</ele>
      </rtept>
      <rtept lat="48.813501" lon="-121.610346">
         <ele>2240</ele>
      </rtept>
      <rtept lat="48.81346" lon="-121.610347">
         <ele>2240</ele>
      </rtept>
      <rtept lat="48.81342" lon="-121.610355">
         <ele>2240</ele>
      </rtept>
      <rtept lat="48.813388" lon="-121.610361">
         <ele>2240</ele>
      </rtept>
      <rtept lat="48.813356" lon="-121.61037">
         <ele>2240</ele>
      </rtept>
      <rtept lat="48.813324" lon="-121.610379">
         <ele>2240</ele>
      </rtept>
      <rtept lat="48.813296" lon="-121.61039">
         <ele>2240</ele>
      </rtept>
      <rtept lat="48.813264" lon="-121.610401">
         <ele>2240</ele>
      </rtept>
      <rtept lat="48.813234" lon="-121.610412">
         <ele>2230</ele>
      </rtept>
      <rtept lat="48.813204" lon="-121.610416">
         <ele>2230</ele>
      </rtept>
      <rtept lat="48.813171" lon="-121.610427">
         <ele>2230</ele>
      </rtept>
      <rtept lat="48.813138" lon="-121.610439">
         <ele>2230</ele>
      </rtept>
      <rtept lat="48.813108" lon="-121.610445">
         <ele>2230</ele>
      </rtept>
      <rtept lat="48.813084" lon="-121.610436">
         <ele>2230</ele>
      </rtept>
      <rtept lat="48.81305" lon="-121.610441">
         <ele>2230</ele>
      </rtept>
      <rtept lat="48.813012" lon="-121.610449">
         <ele>2230</ele>
      </rtept>
      <rtept lat="48.812978" lon="-121.610462">
         <ele>2230</ele>
      </rtept>
      <rtept lat="48.812949" lon="-121.61047">
         <ele>2230</ele>
      </rtept>
      <rtept lat="48.812922" lon="-121.610479">
         <ele>2230</ele>
      </rtept>
      <rtept lat="48.812895" lon="-121.610492">
         <ele>2230</ele>
      </rtept>
      <rtept lat="48.812864" lon="-121.610499">
         <ele>2220</ele>
      </rtept>
      <rtept lat="48.812828" lon="-121.610512">
         <ele>2220</ele>
      </rtept>
      <rtept lat="48.812792" lon="-121.610519">
         <ele>2220</ele>
      </rtept>
      <rtept lat="48.812679" lon="-121.610534">
         <ele>2220</ele>
      </rtept>
      <rtept lat="48.812636" lon="-121.610544">
         <ele>2220</ele>
      </rtept>
      <rtept lat="48.812512" lon="-121.610549">
         <ele>2220</ele>
      </rtept>
      <rtept lat="48.812388" lon="-121.610562">
         <ele>2220</ele>
      </rtept>
      <rtept lat="48.812295" lon="-121.610629">
         <ele>2220</ele>
      </rtept>
      <rtept lat="48.812276" lon="-121.61063">
         <ele>2210</ele>
      </rtept>
      <rtept lat="48.812244" lon="-121.610638">
         <ele>2210</ele>
      </rtept>
      <rtept lat="48.812214" lon="-121.610646">
         <ele>2210</ele>
      </rtept>
      <rtept lat="48.812188" lon="-121.610646">
         <ele>2210</ele>
      </rtept>
      <rtept lat="48.812159" lon="-121.610648">
         <ele>2210</ele>
      </rtept>
      <rtept lat="48.812047" lon="-121.610656">
         <ele>2210</ele>
      </rtept>
      <rtept lat="48.811918" lon="-121.610694">
         <ele>2210</ele>
      </rtept>
      <rtept lat="48.811803" lon="-121.610733">
         <ele>2210</ele>
      </rtept>
      <rtept lat="48.811695" lon="-121.610771">
         <ele>2200</ele>
      </rtept>
      <rtept lat="48.811662" lon="-121.610783">
         <ele>2200</ele>
      </rtept>
      <rtept lat="48.8116" lon="-121.610802">
         <ele>2200</ele>
      </rtept>
      <rtept lat="48.811571" lon="-121.610816">
         <ele>2200</ele>
      </rtept>
      <rtept lat="48.811542" lon="-121.610826">
         <ele>2200</ele>
      </rtept>
      <rtept lat="48.81151" lon="-121.610834">
         <ele>2200</ele>
      </rtept>
      <rtept lat="48.811477" lon="-121.610844">
         <ele>2200</ele>
      </rtept>
      <rtept lat="48.811444" lon="-121.610857">
         <ele>2200</ele>
      </rtept>
      <rtept lat="48.811412" lon="-121.610875">
         <ele>2200</ele>
      </rtept>
      <rtept lat="48.811385" lon="-121.610874">
         <ele>2200</ele>
      </rtept>
      <rtept lat="48.811358" lon="-121.610871">
         <ele>2200</ele>
      </rtept>
      <rtept lat="48.811328" lon="-121.610867">
         <ele>2190</ele>
      </rtept>
      <rtept lat="48.811294" lon="-121.61087">
         <ele>2190</ele>
      </rtept>
      <rtept lat="48.81126" lon="-121.61087">
         <ele>2190</ele>
      </rtept>
      <rtept lat="48.811227" lon="-121.610871">
         <ele>2190</ele>
      </rtept>
      <rtept lat="48.811191" lon="-121.610872">
         <ele>2190</ele>
      </rtept>
      <rtept lat="48.811095" lon="-121.610887">
         <ele>2190</ele>
      </rtept>
      <rtept lat="48.810984" lon="-121.610901">
         <ele>2180</ele>
      </rtept>
      <rtept lat="48.810864" lon="-121.610905">
         <ele>2180</ele>
      </rtept>
      <rtept lat="48.810785" lon="-121.610972">
         <ele>2180</ele>
      </rtept>
      <rtept lat="48.810679" lon="-121.611018">
         <ele>2180</ele>
      </rtept>
      <rtept lat="48.810569" lon="-121.611034">
         <ele>2180</ele>
      </rtept>
      <rtept lat="48.810536" lon="-121.611043">
         <ele>2180</ele>
      </rtept>
      <rtept lat="48.810501" lon="-121.61105">
         <ele>2180</ele>
      </rtept>
      <rtept lat="48.810467" lon="-121.611047">
         <ele>2180</ele>
      </rtept>
      <rtept lat="48.810431" lon="-121.611054">
         <ele>2180</ele>
      </rtept>
      <rtept lat="48.810396" lon="-121.611061">
         <ele>2180</ele>
      </rtept>
      <rtept lat="48.810364" lon="-121.611063">
         <ele>2180</ele>
      </rtept>
      <rtept lat="48.81033" lon="-121.611068">
         <ele>2180</ele>
      </rtept>
      <rtept lat="48.810293" lon="-121.611066">
         <ele>2170</ele>
      </rtept>
      <rtept lat="48.810259" lon="-121.611074">
         <ele>2170</ele>
      </rtept>
      <rtept lat="48.810229" lon="-121.611073">
         <ele>2170</ele>
      </rtept>
      <rtept lat="48.810197" lon="-121.611072">
         <ele>2170</ele>
      </rtept>
      <rtept lat="48.810162" lon="-121.611074">
         <ele>2170</ele>
      </rtept>
      <rtept lat="48.810124" lon="-121.611073">
         <ele>2170</ele>
      </rtept>
      <rtept lat="48.810085" lon="-121.611078">
         <ele>2170</ele>
      </rtept>
      <rtept lat="48.810043" lon="-121.61108">
         <ele>2170</ele>
      </rtept>
      <rtept lat="48.810008" lon="-121.611085">
         <ele>2170</ele>
      </rtept>
      <rtept lat="48.809975" lon="-121.611088">
         <ele>2170</ele>
      </rtept>
      <rtept lat="48.809941" lon="-121.611094">
         <ele>2160</ele>
      </rtept>
      <rtept lat="48.809907" lon="-121.611092">
         <ele>2160</ele>
      </rtept>
      <rtept lat="48.80987" lon="-121.611102">
         <ele>2160</ele>
      </rtept>
      <rtept lat="48.809835" lon="-121.611109">
         <ele>2160</ele>
      </rtept>
      <rtept lat="48.809801" lon="-121.611112">
         <ele>2160</ele>
      </rtept>
      <rtept lat="48.809764" lon="-121.61112">
         <ele>2160</ele>
      </rtept>
      <rtept lat="48.809725" lon="-121.61113">
         <ele>2160</ele>
      </rtept>
      <rtept lat="48.809688" lon="-121.61114">
         <ele>2160</ele>
      </rtept>
      <rtept lat="48.809655" lon="-121.611151">
         <ele>2160</ele>
      </rtept>
      <rtept lat="48.809626" lon="-121.611161">
         <ele>2160</ele>
      </rtept>
      <rtept lat="48.809558" lon="-121.611179">
         <ele>2150</ele>
      </rtept>
      <rtept lat="48.809524" lon="-121.611186">
         <ele>2150</ele>
      </rtept>
      <rtept lat="48.809493" lon="-121.611179">
         <ele>2150</ele>
      </rtept>
      <rtept lat="48.809464" lon="-121.611174">
         <ele>2150</ele>
      </rtept>
      <rtept lat="48.809435" lon="-121.61117">
         <ele>2150</ele>
      </rtept>
      <rtept lat="48.8094" lon="-121.611167">
         <ele>2150</ele>
      </rtept>
      <rtept lat="48.809281" lon="-121.61119">
         <ele>2150</ele>
      </rtept>
      <rtept lat="48.809188" lon="-121.611235">
         <ele>2140</ele>
      </rtept>
      <rtept lat="48.809158" lon="-121.611237">
         <ele>2140</ele>
      </rtept>
      <rtept lat="48.809128" lon="-121.611242">
         <ele>2140</ele>
      </rtept>
      <rtept lat="48.809065" lon="-121.611242">
         <ele>2140</ele>
      </rtept>
      <rtept lat="48.809001" lon="-121.611241">
         <ele>2140</ele>
      </rtept>
      <rtept lat="48.808907" lon="-121.611264">
         <ele>2140</ele>
      </rtept>
      <rtept lat="48.808811" lon="-121.611267">
         <ele>2140</ele>
      </rtept>
      <rtept lat="48.808714" lon="-121.611275">
         <ele>2130</ele>
      </rtept>
      <rtept lat="48.808565" lon="-121.611283">
         <ele>2130</ele>
      </rtept>
      <rtept lat="48.808469" lon="-121.611305">
         <ele>2120</ele>
      </rtept>
      <rtept lat="48.808371" lon="-121.611351">
         <ele>2120</ele>
      </rtept>
      <rtept lat="48.808317" lon="-121.611343">
         <ele>2120</ele>
      </rtept>
      <rtept lat="48.808284" lon="-121.61126">
         <ele>2110</ele>
      </rtept>
      <rtept lat="48.808268" lon="-121.61128">
         <ele>2110</ele>
      </rtept>
      <rtept lat="48.808243" lon="-121.611308">
         <ele>2110</ele>
      </rtept>
      <rtept lat="48.808223" lon="-121.611331">
         <ele>2110</ele>
      </rtept>
      <rtept lat="48.808207" lon="-121.611347">
         <ele>2110</ele>
      </rtept>
      <rtept lat="48.808194" lon="-121.611366">
         <ele>2110</ele>
      </rtept>
      <rtept lat="48.80818" lon="-121.611393">
         <ele>2110</ele>
      </rtept>
      <rtept lat="48.808167" lon="-121.611413">
         <ele>2110</ele>
      </rtept>
      <rtept lat="48.808153" lon="-121.611435">
         <ele>2110</ele>
      </rtept>
      <rtept lat="48.808135" lon="-121.611462">
         <ele>2110</ele>
      </rtept>
      <rtept lat="48.808118" lon="-121.611483">
         <ele>2110</ele>
      </rtept>
      <rtept lat="48.808098" lon="-121.611487">
         <ele>2110</ele>
      </rtept>
      <rtept lat="48.808073" lon="-121.611481">
         <ele>2110</ele>
      </rtept>
      <rtept lat="48.808049" lon="-121.611476">
         <ele>2110</ele>
      </rtept>
      <rtept lat="48.808026" lon="-121.611479">
         <ele>2110</ele>
      </rtept>
      <rtept lat="48.808001" lon="-121.611487">
         <ele>2100</ele>
      </rtept>
      <rtept lat="48.807974" lon="-121.61148">
         <ele>2100</ele>
      </rtept>
      <rtept lat="48.807938" lon="-121.611469">
         <ele>2100</ele>
      </rtept>
      <rtept lat="48.807919" lon="-121.611464">
         <ele>2100</ele>
      </rtept>
      <rtept lat="48.807901" lon="-121.611459">
         <ele>2100</ele>
      </rtept>
      <rtept lat="48.807862" lon="-121.611437">
         <ele>2100</ele>
      </rtept>
      <rtept lat="48.807841" lon="-121.611411">
         <ele>2090</ele>
      </rtept>
      <rtept lat="48.807811" lon="-121.61139">
         <ele>2090</ele>
      </rtept>
      <rtept lat="48.80778" lon="-121.61137">
         <ele>2090</ele>
      </rtept>
      <rtept lat="48.80775" lon="-121.611351">
         <ele>2090</ele>
      </rtept>
      <rtept lat="48.807721" lon="-121.611336">
         <ele>2090</ele>
      </rtept>
      <rtept lat="48.807692" lon="-121.611318">
         <ele>2090</ele>
      </rtept>
      <rtept lat="48.807663" lon="-121.611291">
         <ele>2080</ele>
      </rtept>
      <rtept lat="48.807632" lon="-121.61126">
         <ele>2080</ele>
      </rtept>
      <rtept lat="48.807602" lon="-121.611231">
         <ele>2080</ele>
      </rtept>
      <rtept lat="48.807574" lon="-121.611208">
         <ele>2080</ele>
      </rtept>
      <rtept lat="48.807546" lon="-121.611187">
         <ele>2080</ele>
      </rtept>
      <rtept lat="48.80752" lon="-121.611164">
         <ele>2080</ele>
      </rtept>
      <rtept lat="48.807489" lon="-121.611151">
         <ele>2070</ele>
      </rtept>
      <rtept lat="48.807457" lon="-121.611139">
         <ele>2070</ele>
      </rtept>
      <rtept lat="48.807425" lon="-121.61112">
         <ele>2070</ele>
      </rtept>
      <rtept lat="48.807396" lon="-121.611109">
         <ele>2070</ele>
      </rtept>
      <rtept lat="48.807372" lon="-121.611094">
         <ele>2070</ele>
      </rtept>
      <rtept lat="48.807347" lon="-121.611085">
         <ele>2070</ele>
      </rtept>
      <rtept lat="48.807324" lon="-121.611071">
         <ele>2070</ele>
      </rtept>
      <rtept lat="48.807299" lon="-121.611061">
         <ele>2070</ele>
      </rtept>
      <rtept lat="48.807271" lon="-121.611048">
         <ele>2070</ele>
      </rtept>
      <rtept lat="48.807245" lon="-121.611043">
         <ele>2060</ele>
      </rtept>
      <rtept lat="48.807215" lon="-121.611042">
         <ele>2060</ele>
      </rtept>
      <rtept lat="48.807104" lon="-121.611038">
         <ele>2060</ele>
      </rtept>
      <rtept lat="48.807004" lon="-121.611048">
         <ele>2060</ele>
      </rtept>
      <rtept lat="48.806896" lon="-121.6111">
         <ele>2050</ele>
      </rtept>
      <rtept lat="48.806789" lon="-121.611135">
         <ele>2050</ele>
      </rtept>
      <rtept lat="48.806741" lon="-121.611176">
         <ele>2050</ele>
      </rtept>
      <rtept lat="48.806725" lon="-121.611191">
         <ele>2050</ele>
      </rtept>
      <rtept lat="48.806703" lon="-121.611209">
         <ele>2050</ele>
      </rtept>
      <rtept lat="48.806683" lon="-121.611224">
         <ele>2050</ele>
      </rtept>
      <rtept lat="48.806662" lon="-121.611241">
         <ele>2050</ele>
      </rtept>
      <rtept lat="48.806643" lon="-121.611256">
         <ele>2050</ele>
      </rtept>
      <rtept lat="48.806618" lon="-121.611278">
         <ele>2050</ele>
      </rtept>
      <rtept lat="48.806597" lon="-121.611301">
         <ele>2050</ele>
      </rtept>
      <rtept lat="48.806576" lon="-121.611321">
         <ele>2050</ele>
      </rtept>
      <rtept lat="48.806557" lon="-121.611334">
         <ele>2050</ele>
      </rtept>
      <rtept lat="48.806538" lon="-121.61135">
         <ele>2050</ele>
      </rtept>
      <rtept lat="48.806523" lon="-121.611365">
         <ele>2050</ele>
      </rtept>
      <rtept lat="48.806496" lon="-121.611386">
         <ele>2050</ele>
      </rtept>
      <rtept lat="48.806476" lon="-121.611404">
         <ele>2050</ele>
      </rtept>
      <rtept lat="48.806458" lon="-121.61142">
         <ele>2050</ele>
      </rtept>
      <rtept lat="48.806433" lon="-121.611434">
         <ele>2040</ele>
      </rtept>
      <rtept lat="48.8064" lon="-121.611435">
         <ele>2040</ele>
      </rtept>
      <rtept lat="48.806378" lon="-121.611428">
         <ele>2040</ele>
      </rtept>
      <rtept lat="48.80636" lon="-121.611428">
         <ele>2040</ele>
      </rtept>
      <rtept lat="48.806338" lon="-121.61142">
         <ele>2040</ele>
      </rtept>
      <rtept lat="48.806316" lon="-121.611407">
         <ele>2040</ele>
      </rtept>
      <rtept lat="48.806301" lon="-121.61139">
         <ele>2040</ele>
      </rtept>
      <rtept lat="48.806286" lon="-121.611374">
         <ele>2040</ele>
      </rtept>
      <rtept lat="48.806258" lon="-121.611385">
         <ele>2040</ele>
      </rtept>
      <rtept lat="48.806248" lon="-121.611358">
         <ele>2040</ele>
      </rtept>
      <rtept lat="48.806234" lon="-121.611324">
         <ele>2030</ele>
      </rtept>
      <rtept lat="48.806213" lon="-121.611306">
         <ele>2030</ele>
      </rtept>
      <rtept lat="48.806193" lon="-121.611295">
         <ele>2030</ele>
      </rtept>
      <rtept lat="48.806174" lon="-121.611284">
         <ele>2030</ele>
      </rtept>
      <rtept lat="48.806153" lon="-121.611279">
         <ele>2030</ele>
      </rtept>
      <rtept lat="48.806133" lon="-121.611277">
         <ele>2030</ele>
      </rtept>
      <rtept lat="48.806106" lon="-121.611285">
         <ele>2030</ele>
      </rtept>
      <rtept lat="48.806081" lon="-121.611291">
         <ele>2030</ele>
      </rtept>
      <rtept lat="48.806058" lon="-121.611295">
         <ele>2030</ele>
      </rtept>
      <rtept lat="48.806037" lon="-121.61129">
         <ele>2030</ele>
      </rtept>
      <rtept lat="48.806014" lon="-121.611284">
         <ele>2030</ele>
      </rtept>
      <rtept lat="48.80599" lon="-121.611282">
         <ele>2030</ele>
      </rtept>
      <rtept lat="48.805969" lon="-121.611277">
         <ele>2030</ele>
      </rtept>
      <rtept lat="48.805933" lon="-121.611277">
         <ele>2020</ele>
      </rtept>
      <rtept lat="48.805896" lon="-121.611285">
         <ele>2020</ele>
      </rtept>
      <rtept lat="48.805873" lon="-121.61129">
         <ele>2020</ele>
      </rtept>
      <rtept lat="48.805851" lon="-121.61129">
         <ele>2020</ele>
      </rtept>
      <rtept lat="48.805829" lon="-121.611292">
         <ele>2020</ele>
      </rtept>
      <rtept lat="48.805808" lon="-121.611299">
         <ele>2020</ele>
      </rtept>
      <rtept lat="48.805785" lon="-121.611301">
         <ele>2020</ele>
      </rtept>
      <rtept lat="48.805758" lon="-121.611295">
         <ele>2020</ele>
      </rtept>
      <rtept lat="48.805733" lon="-121.61128">
         <ele>2020</ele>
      </rtept>
      <rtept lat="48.80571" lon="-121.61126">
         <ele>2020</ele>
      </rtept>
      <rtept lat="48.80569" lon="-121.611248">
         <ele>2020</ele>
      </rtept>
      <rtept lat="48.805665" lon="-121.61124">
         <ele>2020</ele>
      </rtept>
      <rtept lat="48.805639" lon="-121.611229">
         <ele>2020</ele>
      </rtept>
      <rtept lat="48.80562" lon="-121.611204">
         <ele>2020</ele>
      </rtept>
      <rtept lat="48.805602" lon="-121.611195">
         <ele>2010</ele>
      </rtept>
      <rtept lat="48.805569" lon="-121.611169">
         <ele>2010</ele>
      </rtept>
      <rtept lat="48.805495" lon="-121.611082">
         <ele>2010</ele>
      </rtept>
      <rtept lat="48.805412" lon="-121.611011">
         <ele>2000</ele>
      </rtept>
      <rtept lat="48.805347" lon="-121.610878">
         <ele>2000</ele>
      </rtept>
      <rtept lat="48.80534" lon="-121.610743">
         <ele>2000</ele>
      </rtept>
      <rtept lat="48.805254" lon="-121.610574">
         <ele>1990</ele>
      </rtept>
      <rtept lat="48.805146" lon="-121.610451">
         <ele>1980</ele>
      </rtept>
      <rtept lat="48.805064" lon="-121.610347">
         <ele>1970</ele>
      </rtept>
      <rtept lat="48.805037" lon="-121.610313">
         <ele>1970</ele>
      </rtept>
      <rtept lat="48.805022" lon="-121.61028">
         <ele>1970</ele>
      </rtept>
      <rtept lat="48.805001" lon="-121.610121">
         <ele>1970</ele>
      </rtept>
      <rtept lat="48.80492" lon="-121.610024">
         <ele>1970</ele>
      </rtept>
      <rtept lat="48.804816" lon="-121.610024">
         <ele>1970</ele>
      </rtept>
      <rtept lat="48.804712" lon="-121.610011">
         <ele>1960</ele>
      </rtept>
      <rtept lat="48.804614" lon="-121.610002">
         <ele>1960</ele>
      </rtept>
      <rtept lat="48.804522" lon="-121.609921">
         <ele>1960</ele>
      </rtept>
      <rtept lat="48.804504" lon="-121.609901">
         <ele>1960</ele>
      </rtept>
      <rtept lat="48.804482" lon="-121.609863">
         <ele>1960</ele>
      </rtept>
      <rtept lat="48.804406" lon="-121.609756">
         <ele>1960</ele>
      </rtept>
      <rtept lat="48.80433" lon="-121.609654">
         <ele>1960</ele>
      </rtept>
      <rtept lat="48.804266" lon="-121.609546">
         <ele>1960</ele>
      </rtept>
      <rtept lat="48.804182" lon="-121.609424">
         <ele>1960</ele>
      </rtept>
      <rtept lat="48.804103" lon="-121.609313">
         <ele>1960</ele>
      </rtept>
      <rtept lat="48.804021" lon="-121.609214">
         <ele>1960</ele>
      </rtept>
      <rtept lat="48.803929" lon="-121.609116">
         <ele>1960</ele>
      </rtept>
      <rtept lat="48.803841" lon="-121.609054">
         <ele>1960</ele>
      </rtept>
      <rtept lat="48.803753" lon="-121.608949">
         <ele>1950</ele>
      </rtept>
      <rtept lat="48.803664" lon="-121.608862">
         <ele>1950</ele>
      </rtept>
      <rtept lat="48.803592" lon="-121.608793">
         <ele>1960</ele>
      </rtept>
      <rtept lat="48.803571" lon="-121.608773">
         <ele>1960</ele>
      </rtept>
      <rtept lat="48.803552" lon="-121.608756">
         <ele>1960</ele>
      </rtept>
      <rtept lat="48.803537" lon="-121.608739">
         <ele>1960</ele>
      </rtept>
      <rtept lat="48.803515" lon="-121.608725">
         <ele>1960</ele>
      </rtept>
      <rtept lat="48.803486" lon="-121.608693">
         <ele>1960</ele>
      </rtept>
      <rtept lat="48.803468" lon="-121.608678">
         <ele>1960</ele>
      </rtept>
      <rtept lat="48.803437" lon="-121.608648">
         <ele>1960</ele>
      </rtept>
      <rtept lat="48.80342" lon="-121.608631">
         <ele>1960</ele>
      </rtept>
      <rtept lat="48.803399" lon="-121.60861">
         <ele>1960</ele>
      </rtept>
      <rtept lat="48.803382" lon="-121.608591">
         <ele>1960</ele>
      </rtept>
      <rtept lat="48.803358" lon="-121.608577">
         <ele>1960</ele>
      </rtept>
      <rtept lat="48.803336" lon="-121.608559">
         <ele>1960</ele>
      </rtept>
      <rtept lat="48.803314" lon="-121.608543">
         <ele>1960</ele>
      </rtept>
      <rtept lat="48.803294" lon="-121.608525">
         <ele>1960</ele>
      </rtept>
      <rtept lat="48.803272" lon="-121.608505">
         <ele>1950</ele>
      </rtept>
      <rtept lat="48.803255" lon="-121.608489">
         <ele>1950</ele>
      </rtept>
      <rtept lat="48.803234" lon="-121.608469">
         <ele>1950</ele>
      </rtept>
      <rtept lat="48.803209" lon="-121.608451">
         <ele>1950</ele>
      </rtept>
      <rtept lat="48.803185" lon="-121.608429">
         <ele>1950</ele>
      </rtept>
      <rtept lat="48.803163" lon="-121.608418">
         <ele>1950</ele>
      </rtept>
      <rtept lat="48.803135" lon="-121.608402">
         <ele>1950</ele>
      </rtept>
      <rtept lat="48.803112" lon="-121.608375">
         <ele>1950</ele>
      </rtept>
      <rtept lat="48.803091" lon="-121.608352">
         <ele>1950</ele>
      </rtept>
      <rtept lat="48.803069" lon="-121.608327">
         <ele>1950</ele>
      </rtept>
      <rtept lat="48.80305" lon="-121.608301">
         <ele>1950</ele>
      </rtept>
      <rtept lat="48.803032" lon="-121.608278">
         <ele>1950</ele>
      </rtept>
      <rtept lat="48.803014" lon="-121.608253">
         <ele>1950</ele>
      </rtept>
      <rtept lat="48.802995" lon="-121.608232">
         <ele>1950</ele>
      </rtept>
      <rtept lat="48.802977" lon="-121.608206">
         <ele>1950</ele>
      </rtept>
      <rtept lat="48.802957" lon="-121.608186">
         <ele>1950</ele>
      </rtept>
      <rtept lat="48.802939" lon="-121.608169">
         <ele>1950</ele>
      </rtept>
      <rtept lat="48.802921" lon="-121.608151">
         <ele>1950</ele>
      </rtept>
      <rtept lat="48.802899" lon="-121.608118">
         <ele>1950</ele>
      </rtept>
      <rtept lat="48.802882" lon="-121.608096">
         <ele>1950</ele>
      </rtept>
      <rtept lat="48.802866" lon="-121.608076">
         <ele>1950</ele>
      </rtept>
      <rtept lat="48.802852" lon="-121.608053">
         <ele>1950</ele>
      </rtept>
      <rtept lat="48.802838" lon="-121.608032">
         <ele>1950</ele>
      </rtept>
      <rtept lat="48.80282" lon="-121.608006">
         <ele>1950</ele>
      </rtept>
      <rtept lat="48.802801" lon="-121.607983">
         <ele>1960</ele>
      </rtept>
      <rtept lat="48.80277" lon="-121.607944">
         <ele>1960</ele>
      </rtept>
      <rtept lat="48.802756" lon="-121.607917">
         <ele>1960</ele>
      </rtept>
      <rtept lat="48.802728" lon="-121.607883">
         <ele>1960</ele>
      </rtept>
      <rtept lat="48.802714" lon="-121.607864">
         <ele>1960</ele>
      </rtept>
      <rtept lat="48.802698" lon="-121.607849">
         <ele>1960</ele>
      </rtept>
      <rtept lat="48.802672" lon="-121.607821">
         <ele>1960</ele>
      </rtept>
      <rtept lat="48.802643" lon="-121.607795">
         <ele>1960</ele>
      </rtept>
      <rtept lat="48.802618" lon="-121.607772">
         <ele>1960</ele>
      </rtept>
      <rtept lat="48.802596" lon="-121.607751">
         <ele>1960</ele>
      </rtept>
      <rtept lat="48.802576" lon="-121.607737">
         <ele>1960</ele>
      </rtept>
      <rtept lat="48.802553" lon="-121.607708">
         <ele>1960</ele>
      </rtept>
      <rtept lat="48.802532" lon="-121.607686">
         <ele>1960</ele>
      </rtept>
      <rtept lat="48.802514" lon="-121.607661">
         <ele>1960</ele>
      </rtept>
      <rtept lat="48.802496" lon="-121.607642">
         <ele>1960</ele>
      </rtept>
      <rtept lat="48.802476" lon="-121.607626">
         <ele>1960</ele>
      </rtept>
      <rtept lat="48.802457" lon="-121.60761">
         <ele>1960</ele>
      </rtept>
      <rtept lat="48.802435" lon="-121.607588">
         <ele>1960</ele>
      </rtept>
      <rtept lat="48.802414" lon="-121.607566">
         <ele>1960</ele>
      </rtept>
      <rtept lat="48.8024" lon="-121.607534">
         <ele>1960</ele>
      </rtept>
      <rtept lat="48.802388" lon="-121.607508">
         <ele>1960</ele>
      </rtept>
      <rtept lat="48.802373" lon="-121.607487">
         <ele>1960</ele>
      </rtept>
      <rtept lat="48.80235" lon="-121.607461">
         <ele>1960</ele>
      </rtept>
      <rtept lat="48.802328" lon="-121.60743">
         <ele>1960</ele>
      </rtept>
      <rtept lat="48.802306" lon="-121.607392">
         <ele>1960</ele>
      </rtept>
      <rtept lat="48.802282" lon="-121.607355">
         <ele>1960</ele>
      </rtept>
      <rtept lat="48.80227" lon="-121.607333">
         <ele>1960</ele>
      </rtept>
      <rtept lat="48.802262" lon="-121.607305">
         <ele>1960</ele>
      </rtept>
      <rtept lat="48.802266" lon="-121.607266">
         <ele>1960</ele>
      </rtept>
      <rtept lat="48.802276" lon="-121.607238">
         <ele>1960</ele>
      </rtept>
      <rtept lat="48.80227" lon="-121.60721">
         <ele>1960</ele>
      </rtept>
      <rtept lat="48.802254" lon="-121.607185">
         <ele>1960</ele>
      </rtept>
      <rtept lat="48.802234" lon="-121.607163">
         <ele>1960</ele>
      </rtept>
      <rtept lat="48.80221" lon="-121.607128">
         <ele>1960</ele>
      </rtept>
      <rtept lat="48.802191" lon="-121.607104">
         <ele>1960</ele>
      </rtept>
      <rtept lat="48.802172" lon="-121.607083">
         <ele>1960</ele>
      </rtept>
      <rtept lat="48.802158" lon="-121.607063">
         <ele>1960</ele>
      </rtept>
      <rtept lat="48.80214" lon="-121.607041">
         <ele>1960</ele>
      </rtept>
      <rtept lat="48.802122" lon="-121.60703">
         <ele>1960</ele>
      </rtept>
      <rtept lat="48.802106" lon="-121.607018">
         <ele>1960</ele>
      </rtept>
      <rtept lat="48.802075" lon="-121.60701">
         <ele>1960</ele>
      </rtept>
      <rtept lat="48.802045" lon="-121.607016">
         <ele>1960</ele>
      </rtept>
      <rtept lat="48.802025" lon="-121.607021">
         <ele>1960</ele>
      </rtept>
      <rtept lat="48.802006" lon="-121.607023">
         <ele>1960</ele>
      </rtept>
      <rtept lat="48.801978" lon="-121.607026">
         <ele>1960</ele>
      </rtept>
      <rtept lat="48.801954" lon="-121.60703">
         <ele>1960</ele>
      </rtept>
      <rtept lat="48.801922" lon="-121.60703">
         <ele>1950</ele>
      </rtept>
      <rtept lat="48.801888" lon="-121.607027">
         <ele>1950</ele>
      </rtept>
      <rtept lat="48.801869" lon="-121.607024">
         <ele>1950</ele>
      </rtept>
      <rtept lat="48.801834" lon="-121.607014">
         <ele>1950</ele>
      </rtept>
      <rtept lat="48.801805" lon="-121.607002">
         <ele>1950</ele>
      </rtept>
      <rtept lat="48.801774" lon="-121.606999">
         <ele>1950</ele>
      </rtept>
      <rtept lat="48.801743" lon="-121.607002">
         <ele>1950</ele>
      </rtept>
      <rtept lat="48.801715" lon="-121.606994">
         <ele>1950</ele>
      </rtept>
      <rtept lat="48.801687" lon="-121.606995">
         <ele>1950</ele>
      </rtept>
      <rtept lat="48.801659" lon="-121.606986">
         <ele>1950</ele>
      </rtept>
      <rtept lat="48.801638" lon="-121.606975">
         <ele>1940</ele>
      </rtept>
      <rtept lat="48.80162" lon="-121.606967">
         <ele>1940</ele>
      </rtept>
      <rtept lat="48.801597" lon="-121.606961">
         <ele>1940</ele>
      </rtept>
      <rtept lat="48.801579" lon="-121.606954">
         <ele>1940</ele>
      </rtept>
      <rtept lat="48.80156" lon="-121.606958">
         <ele>1940</ele>
      </rtept>
      <rtept lat="48.801539" lon="-121.606954">
         <ele>1940</ele>
      </rtept>
      <rtept lat="48.801519" lon="-121.606947">
         <ele>1940</ele>
      </rtept>
      <rtept lat="48.8015" lon="-121.606923">
         <ele>1940</ele>
      </rtept>
      <rtept lat="48.801484" lon="-121.606876">
         <ele>1940</ele>
      </rtept>
      <rtept lat="48.801469" lon="-121.606841">
         <ele>1930</ele>
      </rtept>
      <rtept lat="48.80145" lon="-121.60683">
         <ele>1930</ele>
      </rtept>
      <rtept lat="48.80142" lon="-121.606827">
         <ele>1930</ele>
      </rtept>
      <rtept lat="48.801389" lon="-121.60683">
         <ele>1930</ele>
      </rtept>
      <rtept lat="48.801364" lon="-121.606839">
         <ele>1930</ele>
      </rtept>
      <rtept lat="48.80134" lon="-121.606838">
         <ele>1930</ele>
      </rtept>
      <rtept lat="48.801316" lon="-121.606837">
         <ele>1930</ele>
      </rtept>
      <rtept lat="48.801289" lon="-121.606851">
         <ele>1930</ele>
      </rtept>
      <rtept lat="48.801262" lon="-121.606859">
         <ele>1930</ele>
      </rtept>
      <rtept lat="48.801234" lon="-121.606863">
         <ele>1920</ele>
      </rtept>
      <rtept lat="48.801209" lon="-121.606861">
         <ele>1920</ele>
      </rtept>
      <rtept lat="48.801185" lon="-121.606857">
         <ele>1920</ele>
      </rtept>
      <rtept lat="48.801162" lon="-121.606854">
         <ele>1920</ele>
      </rtept>
      <rtept lat="48.801144" lon="-121.606857">
         <ele>1920</ele>
      </rtept>
      <rtept lat="48.801122" lon="-121.60686">
         <ele>1920</ele>
      </rtept>
      <rtept lat="48.8011" lon="-121.606859">
         <ele>1920</ele>
      </rtept>
      <rtept lat="48.80108" lon="-121.606858">
         <ele>1920</ele>
      </rtept>
      <rtept lat="48.80106" lon="-121.606858">
         <ele>1920</ele>
      </rtept>
      <rtept lat="48.80104" lon="-121.606858">
         <ele>1920</ele>
      </rtept>
      <rtept lat="48.801021" lon="-121.606862">
         <ele>1920</ele>
      </rtept>
      <rtept lat="48.801003" lon="-121.606869">
         <ele>1920</ele>
      </rtept>
      <rtept lat="48.800983" lon="-121.606869">
         <ele>1910</ele>
      </rtept>
      <rtept lat="48.800959" lon="-121.606862">
         <ele>1910</ele>
      </rtept>
      <rtept lat="48.800935" lon="-121.606854">
         <ele>1910</ele>
      </rtept>
      <rtept lat="48.800912" lon="-121.606846">
         <ele>1910</ele>
      </rtept>
      <rtept lat="48.800801" lon="-121.606807">
         <ele>1910</ele>
      </rtept>
      <rtept lat="48.800712" lon="-121.606765">
         <ele>1900</ele>
      </rtept>
      <rtept lat="48.800605" lon="-121.606739">
         <ele>1900</ele>
      </rtept>
      <rtept lat="48.800503" lon="-121.606715">
         <ele>1890</ele>
      </rtept>
      <rtept lat="48.800412" lon="-121.60664">
         <ele>1890</ele>
      </rtept>
      <rtept lat="48.800313" lon="-121.606623">
         <ele>1880</ele>
      </rtept>
      <rtept lat="48.800216" lon="-121.606617">
         <ele>1880</ele>
      </rtept>
      <rtept lat="48.800121" lon="-121.606614">
         <ele>1880</ele>
      </rtept>
      <rtept lat="48.800014" lon="-121.606552">
         <ele>1870</ele>
      </rtept>
      <rtept lat="48.799928" lon="-121.606442">
         <ele>1870</ele>
      </rtept>
      <rtept lat="48.799841" lon="-121.606372">
         <ele>1870</ele>
      </rtept>
      <rtept lat="48.799749" lon="-121.606302">
         <ele>1860</ele>
      </rtept>
      <rtept lat="48.799676" lon="-121.606213">
         <ele>1860</ele>
      </rtept>
      <rtept lat="48.799586" lon="-121.606155">
         <ele>1860</ele>
      </rtept>
      <rtept lat="48.799487" lon="-121.606133">
         <ele>1860</ele>
      </rtept>
      <rtept lat="48.79941" lon="-121.60606">
         <ele>1850</ele>
      </rtept>
      <rtept lat="48.799436" lon="-121.606072">
         <ele>1850</ele>
      </rtept>
      <rtept lat="48.799422" lon="-121.606099">
         <ele>1850</ele>
      </rtept>
      <rtept lat="48.799442" lon="-121.606085">
         <ele>1850</ele>
      </rtept>
      <rtept lat="48.79946" lon="-121.606099">
         <ele>1860</ele>
      </rtept>
      <rtept lat="48.799467" lon="-121.606071">
         <ele>1850</ele>
      </rtept>
      <rtept lat="48.799458" lon="-121.606137">
         <ele>1860</ele>
      </rtept>
      <rtept lat="48.799439" lon="-121.606116">
         <ele>1860</ele>
      </rtept>
      <rtept lat="48.799423" lon="-121.606079">
         <ele>1850</ele>
      </rtept>
      <rtept lat="48.79941" lon="-121.606035">
         <ele>1850</ele>
      </rtept>
      <rtept lat="48.799397" lon="-121.606">
         <ele>1850</ele>
      </rtept>
      <rtept lat="48.799387" lon="-121.605965">
         <ele>1850</ele>
      </rtept>
      <rtept lat="48.799377" lon="-121.605925">
         <ele>1850</ele>
      </rtept>
      <rtept lat="48.799366" lon="-121.605897">
         <ele>1850</ele>
      </rtept>
      <rtept lat="48.799352" lon="-121.605845">
         <ele>1850</ele>
      </rtept>
      <rtept lat="48.799357" lon="-121.605812">
         <ele>1850</ele>
      </rtept>
      <rtept lat="48.799361" lon="-121.605778">
         <ele>1850</ele>
      </rtept>
      <rtept lat="48.799348" lon="-121.605756">
         <ele>1850</ele>
      </rtept>
      <rtept lat="48.79932" lon="-121.605734">
         <ele>1850</ele>
      </rtept>
      <rtept lat="48.799279" lon="-121.605708">
         <ele>1840</ele>
      </rtept>
      <rtept lat="48.799262" lon="-121.605696">
         <ele>1840</ele>
      </rtept>
      <rtept lat="48.799236" lon="-121.605701">
         <ele>1840</ele>
      </rtept>
      <rtept lat="48.799212" lon="-121.605689">
         <ele>1840</ele>
      </rtept>
      <rtept lat="48.799193" lon="-121.605675">
         <ele>1840</ele>
      </rtept>
      <rtept lat="48.799174" lon="-121.605668">
         <ele>1840</ele>
      </rtept>
      <rtept lat="48.79915" lon="-121.605682">
         <ele>1840</ele>
      </rtept>
      <rtept lat="48.799132" lon="-121.605676">
         <ele>1840</ele>
      </rtept>
      <rtept lat="48.799111" lon="-121.60567">
         <ele>1840</ele>
      </rtept>
      <rtept lat="48.799089" lon="-121.60565">
         <ele>1840</ele>
      </rtept>
      <rtept lat="48.799093" lon="-121.605617">
         <ele>1830</ele>
      </rtept>
      <rtept lat="48.799099" lon="-121.605585">
         <ele>1830</ele>
      </rtept>
      <rtept lat="48.79909" lon="-121.605552">
         <ele>1830</ele>
      </rtept>
      <rtept lat="48.799073" lon="-121.605542">
         <ele>1830</ele>
      </rtept>
      <rtept lat="48.799048" lon="-121.605538">
         <ele>1830</ele>
      </rtept>
      <rtept lat="48.799025" lon="-121.605535">
         <ele>1830</ele>
      </rtept>
      <rtept lat="48.799006" lon="-121.605521">
         <ele>1830</ele>
      </rtept>
      <rtept lat="48.798988" lon="-121.605506">
         <ele>1830</ele>
      </rtept>
      <rtept lat="48.798967" lon="-121.605499">
         <ele>1830</ele>
      </rtept>
      <rtept lat="48.798953" lon="-121.605482">
         <ele>1820</ele>
      </rtept>
      <rtept lat="48.798934" lon="-121.605471">
         <ele>1820</ele>
      </rtept>
      <rtept lat="48.798911" lon="-121.605475">
         <ele>1820</ele>
      </rtept>
      <rtept lat="48.798879" lon="-121.60549">
         <ele>1820</ele>
      </rtept>
      <rtept lat="48.798857" lon="-121.605494">
         <ele>1820</ele>
      </rtept>
      <rtept lat="48.798835" lon="-121.605489">
         <ele>1820</ele>
      </rtept>
      <rtept lat="48.798811" lon="-121.605488">
         <ele>1820</ele>
      </rtept>
      <rtept lat="48.798787" lon="-121.605471">
         <ele>1820</ele>
      </rtept>
      <rtept lat="48.798765" lon="-121.605458">
         <ele>1820</ele>
      </rtept>
      <rtept lat="48.798743" lon="-121.605428">
         <ele>1820</ele>
      </rtept>
      <rtept lat="48.798724" lon="-121.605396">
         <ele>1820</ele>
      </rtept>
      <rtept lat="48.798704" lon="-121.605387">
         <ele>1810</ele>
      </rtept>
      <rtept lat="48.798682" lon="-121.605367">
         <ele>1810</ele>
      </rtept>
      <rtept lat="48.798663" lon="-121.605344">
         <ele>1810</ele>
      </rtept>
      <rtept lat="48.798637" lon="-121.60535">
         <ele>1810</ele>
      </rtept>
      <rtept lat="48.798622" lon="-121.605373">
         <ele>1810</ele>
      </rtept>
      <rtept lat="48.798606" lon="-121.605387">
         <ele>1810</ele>
      </rtept>
      <rtept lat="48.79858" lon="-121.6054">
         <ele>1810</ele>
      </rtept>
      <rtept lat="48.798558" lon="-121.605409">
         <ele>1810</ele>
      </rtept>
      <rtept lat="48.79853" lon="-121.605401">
         <ele>1810</ele>
      </rtept>
      <rtept lat="48.798509" lon="-121.605383">
         <ele>1810</ele>
      </rtept>
      <rtept lat="48.798486" lon="-121.605382">
         <ele>1810</ele>
      </rtept>
      <rtept lat="48.798457" lon="-121.605399">
         <ele>1810</ele>
      </rtept>
      <rtept lat="48.798439" lon="-121.6054">
         <ele>1800</ele>
      </rtept>
      <rtept lat="48.79842" lon="-121.605406">
         <ele>1800</ele>
      </rtept>
      <rtept lat="48.798389" lon="-121.6054">
         <ele>1800</ele>
      </rtept>
      <rtept lat="48.798366" lon="-121.605403">
         <ele>1800</ele>
      </rtept>
      <rtept lat="48.798336" lon="-121.605395">
         <ele>1800</ele>
      </rtept>
      <rtept lat="48.798306" lon="-121.605392">
         <ele>1800</ele>
      </rtept>
      <rtept lat="48.798281" lon="-121.605398">
         <ele>1800</ele>
      </rtept>
      <rtept lat="48.798258" lon="-121.605393">
         <ele>1800</ele>
      </rtept>
      <rtept lat="48.798252" lon="-121.605431">
         <ele>1800</ele>
      </rtept>
      <rtept lat="48.79823" lon="-121.60548">
         <ele>1800</ele>
      </rtept>
      <rtept lat="48.798214" lon="-121.605496">
         <ele>1800</ele>
      </rtept>
      <rtept lat="48.798202" lon="-121.605469">
         <ele>1800</ele>
      </rtept>
      <rtept lat="48.798188" lon="-121.605446">
         <ele>1790</ele>
      </rtept>
      <rtept lat="48.798168" lon="-121.605411">
         <ele>1790</ele>
      </rtept>
      <rtept lat="48.798157" lon="-121.605379">
         <ele>1790</ele>
      </rtept>
      <rtept lat="48.798143" lon="-121.60536">
         <ele>1790</ele>
      </rtept>
      <rtept lat="48.798116" lon="-121.60537">
         <ele>1790</ele>
      </rtept>
      <rtept lat="48.798091" lon="-121.605395">
         <ele>1790</ele>
      </rtept>
      <rtept lat="48.798064" lon="-121.605383">
         <ele>1790</ele>
      </rtept>
      <rtept lat="48.798047" lon="-121.60537">
         <ele>1790</ele>
      </rtept>
      <rtept lat="48.798032" lon="-121.605348">
         <ele>1790</ele>
      </rtept>
      <rtept lat="48.798014" lon="-121.60532">
         <ele>1780</ele>
      </rtept>
      <rtept lat="48.797996" lon="-121.605298">
         <ele>1780</ele>
      </rtept>
      <rtept lat="48.79797" lon="-121.605287">
         <ele>1780</ele>
      </rtept>
      <rtept lat="48.79794" lon="-121.605296">
         <ele>1780</ele>
      </rtept>
      <rtept lat="48.797919" lon="-121.605299">
         <ele>1780</ele>
      </rtept>
      <rtept lat="48.797887" lon="-121.605291">
         <ele>1780</ele>
      </rtept>
      <rtept lat="48.797859" lon="-121.605283">
         <ele>1780</ele>
      </rtept>
      <rtept lat="48.797825" lon="-121.605298">
         <ele>1780</ele>
      </rtept>
      <rtept lat="48.797788" lon="-121.605292">
         <ele>1780</ele>
      </rtept>
      <rtept lat="48.797774" lon="-121.605277">
         <ele>1780</ele>
      </rtept>
      <rtept lat="48.797746" lon="-121.605251">
         <ele>1780</ele>
      </rtept>
      <rtept lat="48.797718" lon="-121.605222">
         <ele>1770</ele>
      </rtept>
      <rtept lat="48.797683" lon="-121.605196">
         <ele>1770</ele>
      </rtept>
      <rtept lat="48.797664" lon="-121.605184">
         <ele>1770</ele>
      </rtept>
      <rtept lat="48.797636" lon="-121.605163">
         <ele>1770</ele>
      </rtept>
      <rtept lat="48.797644" lon="-121.605129">
         <ele>1770</ele>
      </rtept>
      <rtept lat="48.797622" lon="-121.605106">
         <ele>1770</ele>
      </rtept>
      <rtept lat="48.797592" lon="-121.605093">
         <ele>1770</ele>
      </rtept>
      <rtept lat="48.797568" lon="-121.605072">
         <ele>1760</ele>
      </rtept>
      <rtept lat="48.797536" lon="-121.60506">
         <ele>1760</ele>
      </rtept>
      <rtept lat="48.797519" lon="-121.605036">
         <ele>1760</ele>
      </rtept>
      <rtept lat="48.797538" lon="-121.605006">
         <ele>1760</ele>
      </rtept>
      <rtept lat="48.797513" lon="-121.605003">
         <ele>1760</ele>
      </rtept>
      <rtept lat="48.797488" lon="-121.60501">
         <ele>1760</ele>
      </rtept>
      <rtept lat="48.797464" lon="-121.605012">
         <ele>1760</ele>
      </rtept>
      <rtept lat="48.797438" lon="-121.605035">
         <ele>1760</ele>
      </rtept>
      <rtept lat="48.797416" lon="-121.605052">
         <ele>1750</ele>
      </rtept>
      <rtept lat="48.797399" lon="-121.605065">
         <ele>1750</ele>
      </rtept>
      <rtept lat="48.797373" lon="-121.605073">
         <ele>1750</ele>
      </rtept>
      <rtept lat="48.797354" lon="-121.605081">
         <ele>1750</ele>
      </rtept>
      <rtept lat="48.797337" lon="-121.605095">
         <ele>1750</ele>
      </rtept>
      <rtept lat="48.797323" lon="-121.605126">
         <ele>1750</ele>
      </rtept>
      <rtept lat="48.797302" lon="-121.605154">
         <ele>1750</ele>
      </rtept>
      <rtept lat="48.797269" lon="-121.605159">
         <ele>1750</ele>
      </rtept>
      <rtept lat="48.797241" lon="-121.605159">
         <ele>1750</ele>
      </rtept>
      <rtept lat="48.797214" lon="-121.605148">
         <ele>1750</ele>
      </rtept>
      <rtept lat="48.797195" lon="-121.605147">
         <ele>1750</ele>
      </rtept>
      <rtept lat="48.79717" lon="-121.605161">
         <ele>1750</ele>
      </rtept>
      <rtept lat="48.797139" lon="-121.60519">
         <ele>1750</ele>
      </rtept>
      <rtept lat="48.797115" lon="-121.605209">
         <ele>1740</ele>
      </rtept>
      <rtept lat="48.79709" lon="-121.605242">
         <ele>1740</ele>
      </rtept>
      <rtept lat="48.797063" lon="-121.60526">
         <ele>1740</ele>
      </rtept>
      <rtept lat="48.797034" lon="-121.605273">
         <ele>1740</ele>
      </rtept>
      <rtept lat="48.797007" lon="-121.605274">
         <ele>1740</ele>
      </rtept>
      <rtept lat="48.796986" lon="-121.605269">
         <ele>1740</ele>
      </rtept>
      <rtept lat="48.796963" lon="-121.605278">
         <ele>1740</ele>
      </rtept>
      <rtept lat="48.79694" lon="-121.605294">
         <ele>1740</ele>
      </rtept>
      <rtept lat="48.796916" lon="-121.605329">
         <ele>1740</ele>
      </rtept>
      <rtept lat="48.796898" lon="-121.60534">
         <ele>1740</ele>
      </rtept>
      <rtept lat="48.796882" lon="-121.605358">
         <ele>1740</ele>
      </rtept>
      <rtept lat="48.796856" lon="-121.605378">
         <ele>1740</ele>
      </rtept>
      <rtept lat="48.796823" lon="-121.605386">
         <ele>1740</ele>
      </rtept>
      <rtept lat="48.796802" lon="-121.605389">
         <ele>1740</ele>
      </rtept>
      <rtept lat="48.796782" lon="-121.605385">
         <ele>1740</ele>
      </rtept>
      <rtept lat="48.796761" lon="-121.605385">
         <ele>1740</ele>
      </rtept>
      <rtept lat="48.796739" lon="-121.605387">
         <ele>1740</ele>
      </rtept>
      <rtept lat="48.79671" lon="-121.605396">
         <ele>1740</ele>
      </rtept>
      <rtept lat="48.796684" lon="-121.605407">
         <ele>1740</ele>
      </rtept>
      <rtept lat="48.796662" lon="-121.605413">
         <ele>1740</ele>
      </rtept>
      <rtept lat="48.79664" lon="-121.605417">
         <ele>1740</ele>
      </rtept>
      <rtept lat="48.79662" lon="-121.605407">
         <ele>1740</ele>
      </rtept>
      <rtept lat="48.796604" lon="-121.605384">
         <ele>1730</ele>
      </rtept>
      <rtept lat="48.796585" lon="-121.605364">
         <ele>1730</ele>
      </rtept>
      <rtept lat="48.796568" lon="-121.605347">
         <ele>1730</ele>
      </rtept>
      <rtept lat="48.796542" lon="-121.60532">
         <ele>1730</ele>
      </rtept>
      <rtept lat="48.796521" lon="-121.605285">
         <ele>1730</ele>
      </rtept>
      <rtept lat="48.796502" lon="-121.605248">
         <ele>1730</ele>
      </rtept>
      <rtept lat="48.79648" lon="-121.605238">
         <ele>1730</ele>
      </rtept>
      <rtept lat="48.796459" lon="-121.60522">
         <ele>1730</ele>
      </rtept>
      <rtept lat="48.796443" lon="-121.605199">
         <ele>1720</ele>
      </rtept>
      <rtept lat="48.796425" lon="-121.605174">
         <ele>1720</ele>
      </rtept>
      <rtept lat="48.79639" lon="-121.605158">
         <ele>1720</ele>
      </rtept>
      <rtept lat="48.79637" lon="-121.605154">
         <ele>1720</ele>
      </rtept>
      <rtept lat="48.796351" lon="-121.605151">
         <ele>1720</ele>
      </rtept>
      <rtept lat="48.796333" lon="-121.605144">
         <ele>1720</ele>
      </rtept>
      <rtept lat="48.796301" lon="-121.605132">
         <ele>1720</ele>
      </rtept>
      <rtept lat="48.796279" lon="-121.605142">
         <ele>1720</ele>
      </rtept>
      <rtept lat="48.796256" lon="-121.605163">
         <ele>1720</ele>
      </rtept>
      <rtept lat="48.796246" lon="-121.605206">
         <ele>1720</ele>
      </rtept>
      <rtept lat="48.796225" lon="-121.60521">
         <ele>1720</ele>
      </rtept>
      <rtept lat="48.796192" lon="-121.605206">
         <ele>1720</ele>
      </rtept>
      <rtept lat="48.79617" lon="-121.605215">
         <ele>1720</ele>
      </rtept>
      <rtept lat="48.796156" lon="-121.60524">
         <ele>1720</ele>
      </rtept>
      <rtept lat="48.796144" lon="-121.605266">
         <ele>1720</ele>
      </rtept>
      <rtept lat="48.796096" lon="-121.605334">
         <ele>1720</ele>
      </rtept>
      <rtept lat="48.796075" lon="-121.605357">
         <ele>1720</ele>
      </rtept>
      <rtept lat="48.796055" lon="-121.60539">
         <ele>1720</ele>
      </rtept>
      <rtept lat="48.796027" lon="-121.605445">
         <ele>1720</ele>
      </rtept>
      <rtept lat="48.795993" lon="-121.605491">
         <ele>1720</ele>
      </rtept>
      <rtept lat="48.795908" lon="-121.605539">
         <ele>1710</ele>
      </rtept>
      <rtept lat="48.795809" lon="-121.605559">
         <ele>1710</ele>
      </rtept>
      <rtept lat="48.795728" lon="-121.605496">
         <ele>1710</ele>
      </rtept>
      <rtept lat="48.795629" lon="-121.60549">
         <ele>1710</ele>
      </rtept>
      <rtept lat="48.795536" lon="-121.605467">
         <ele>1710</ele>
      </rtept>
      <rtept lat="48.795432" lon="-121.605473">
         <ele>1710</ele>
      </rtept>
      <rtept lat="48.795392" lon="-121.605458">
         <ele>1710</ele>
      </rtept>
      <rtept lat="48.795367" lon="-121.605451">
         <ele>1700</ele>
      </rtept>
      <rtept lat="48.795345" lon="-121.605442">
         <ele>1700</ele>
      </rtept>
      <rtept lat="48.795323" lon="-121.605437">
         <ele>1700</ele>
      </rtept>
      <rtept lat="48.795299" lon="-121.605445">
         <ele>1700</ele>
      </rtept>
      <rtept lat="48.795236" lon="-121.605467">
         <ele>1700</ele>
      </rtept>
      <rtept lat="48.795201" lon="-121.605421">
         <ele>1700</ele>
      </rtept>
      <rtept lat="48.795186" lon="-121.605437">
         <ele>1700</ele>
      </rtept>
      <rtept lat="48.795171" lon="-121.605484">
         <ele>1700</ele>
      </rtept>
      <rtept lat="48.795153" lon="-121.605512">
         <ele>1700</ele>
      </rtept>
      <rtept lat="48.79513" lon="-121.605501">
         <ele>1700</ele>
      </rtept>
      <rtept lat="48.795111" lon="-121.605476">
         <ele>1700</ele>
      </rtept>
      <rtept lat="48.795086" lon="-121.605457">
         <ele>1700</ele>
      </rtept>
      <rtept lat="48.795062" lon="-121.605419">
         <ele>1690</ele>
      </rtept>
      <rtept lat="48.795044" lon="-121.605441">
         <ele>1690</ele>
      </rtept>
      <rtept lat="48.795024" lon="-121.605483">
         <ele>1690</ele>
      </rtept>
      <rtept lat="48.794999" lon="-121.605484">
         <ele>1690</ele>
      </rtept>
      <rtept lat="48.79497" lon="-121.605456">
         <ele>1690</ele>
      </rtept>
      <rtept lat="48.794943" lon="-121.605443">
         <ele>1690</ele>
      </rtept>
      <rtept lat="48.794849" lon="-121.605389">
         <ele>1700</ele>
      </rtept>
      <rtept lat="48.794771" lon="-121.605307">
         <ele>1690</ele>
      </rtept>
      <rtept lat="48.794673" lon="-121.605267">
         <ele>1690</ele>
      </rtept>
      <rtept lat="48.794576" lon="-121.605284">
         <ele>1690</ele>
      </rtept>
      <rtept lat="48.794508" lon="-121.605302">
         <ele>1690</ele>
      </rtept>
      <rtept lat="48.794493" lon="-121.605321">
         <ele>1690</ele>
      </rtept>
      <rtept lat="48.794471" lon="-121.60533">
         <ele>1690</ele>
      </rtept>
      <rtept lat="48.794446" lon="-121.605342">
         <ele>1690</ele>
      </rtept>
      <rtept lat="48.794424" lon="-121.605345">
         <ele>1680</ele>
      </rtept>
      <rtept lat="48.794401" lon="-121.605333">
         <ele>1680</ele>
      </rtept>
      <rtept lat="48.794376" lon="-121.605337">
         <ele>1680</ele>
      </rtept>
      <rtept lat="48.794351" lon="-121.605358">
         <ele>1680</ele>
      </rtept>
      <rtept lat="48.794331" lon="-121.605397">
         <ele>1680</ele>
      </rtept>
      <rtept lat="48.794302" lon="-121.605435">
         <ele>1680</ele>
      </rtept>
      <rtept lat="48.794288" lon="-121.605454">
         <ele>1680</ele>
      </rtept>
      <rtept lat="48.794268" lon="-121.605524">
         <ele>1680</ele>
      </rtept>
      <rtept lat="48.794253" lon="-121.605563">
         <ele>1680</ele>
      </rtept>
      <rtept lat="48.79424" lon="-121.605584">
         <ele>1680</ele>
      </rtept>
      <rtept lat="48.794227" lon="-121.605616">
         <ele>1680</ele>
      </rtept>
      <rtept lat="48.794214" lon="-121.605643">
         <ele>1680</ele>
      </rtept>
      <rtept lat="48.794197" lon="-121.605655">
         <ele>1680</ele>
      </rtept>
      <rtept lat="48.794175" lon="-121.605657">
         <ele>1670</ele>
      </rtept>
      <rtept lat="48.794139" lon="-121.605666">
         <ele>1670</ele>
      </rtept>
      <rtept lat="48.794086" lon="-121.605778">
         <ele>1670</ele>
      </rtept>
      <rtept lat="48.794075" lon="-121.605808">
         <ele>1670</ele>
      </rtept>
      <rtept lat="48.79406" lon="-121.605826">
         <ele>1670</ele>
      </rtept>
      <rtept lat="48.79405" lon="-121.60585">
         <ele>1670</ele>
      </rtept>
      <rtept lat="48.794033" lon="-121.605886">
         <ele>1670</ele>
      </rtept>
      <rtept lat="48.794026" lon="-121.605925">
         <ele>1670</ele>
      </rtept>
      <rtept lat="48.794021" lon="-121.605954">
         <ele>1670</ele>
      </rtept>
      <rtept lat="48.794004" lon="-121.60597">
         <ele>1670</ele>
      </rtept>
      <rtept lat="48.793983" lon="-121.606005">
         <ele>1670</ele>
      </rtept>
      <rtept lat="48.793968" lon="-121.606042">
         <ele>1670</ele>
      </rtept>
      <rtept lat="48.793952" lon="-121.606065">
         <ele>1670</ele>
      </rtept>
      <rtept lat="48.793929" lon="-121.606089">
         <ele>1670</ele>
      </rtept>
      <rtept lat="48.793916" lon="-121.606114">
         <ele>1670</ele>
      </rtept>
      <rtept lat="48.793893" lon="-121.606149">
         <ele>1660</ele>
      </rtept>
      <rtept lat="48.793881" lon="-121.606181">
         <ele>1660</ele>
      </rtept>
      <rtept lat="48.793864" lon="-121.606212">
         <ele>1660</ele>
      </rtept>
      <rtept lat="48.793849" lon="-121.606239">
         <ele>1660</ele>
      </rtept>
      <rtept lat="48.793833" lon="-121.606263">
         <ele>1660</ele>
      </rtept>
      <rtept lat="48.793814" lon="-121.606296">
         <ele>1660</ele>
      </rtept>
      <rtept lat="48.793791" lon="-121.606317">
         <ele>1660</ele>
      </rtept>
      <rtept lat="48.793772" lon="-121.606338">
         <ele>1660</ele>
      </rtept>
      <rtept lat="48.793751" lon="-121.606337">
         <ele>1660</ele>
      </rtept>
      <rtept lat="48.793729" lon="-121.606348">
         <ele>1660</ele>
      </rtept>
      <rtept lat="48.793721" lon="-121.606383">
         <ele>1660</ele>
      </rtept>
      <rtept lat="48.79371" lon="-121.606412">
         <ele>1660</ele>
      </rtept>
      <rtept lat="48.793701" lon="-121.60644">
         <ele>1660</ele>
      </rtept>
      <rtept lat="48.793692" lon="-121.606473">
         <ele>1660</ele>
      </rtept>
      <rtept lat="48.793691" lon="-121.606503">
         <ele>1660</ele>
      </rtept>
      <rtept lat="48.793683" lon="-121.60653">
         <ele>1660</ele>
      </rtept>
      <rtept lat="48.793673" lon="-121.606578">
         <ele>1660</ele>
      </rtept>
      <rtept lat="48.793664" lon="-121.606602">
         <ele>1660</ele>
      </rtept>
      <rtept lat="48.793654" lon="-121.606638">
         <ele>1650</ele>
      </rtept>
      <rtept lat="48.793651" lon="-121.606692">
         <ele>1660</ele>
      </rtept>
      <rtept lat="48.793637" lon="-121.606739">
         <ele>1650</ele>
      </rtept>
      <rtept lat="48.793626" lon="-121.606765">
         <ele>1650</ele>
      </rtept>
      <rtept lat="48.793627" lon="-121.6068">
         <ele>1660</ele>
      </rtept>
      <rtept lat="48.793623" lon="-121.606845">
         <ele>1660</ele>
      </rtept>
      <rtept lat="48.793614" lon="-121.60687">
         <ele>1660</ele>
      </rtept>
      <rtept lat="48.793601" lon="-121.606906">
         <ele>1660</ele>
      </rtept>
      <rtept lat="48.793595" lon="-121.606933">
         <ele>1660</ele>
      </rtept>
      <rtept lat="48.793575" lon="-121.606972">
         <ele>1660</ele>
      </rtept>
      <rtept lat="48.793549" lon="-121.607008">
         <ele>1650</ele>
      </rtept>
      <rtept lat="48.793534" lon="-121.607033">
         <ele>1650</ele>
      </rtept>
      <rtept lat="48.793522" lon="-121.607062">
         <ele>1650</ele>
      </rtept>
      <rtept lat="48.793509" lon="-121.607094">
         <ele>1650</ele>
      </rtept>
      <rtept lat="48.793493" lon="-121.607115">
         <ele>1650</ele>
      </rtept>
      <rtept lat="48.793471" lon="-121.607129">
         <ele>1650</ele>
      </rtept>
      <rtept lat="48.793444" lon="-121.607146">
         <ele>1650</ele>
      </rtept>
      <rtept lat="48.793421" lon="-121.607162">
         <ele>1650</ele>
      </rtept>
      <rtept lat="48.79339" lon="-121.607181">
         <ele>1650</ele>
      </rtept>
      <rtept lat="48.79336" lon="-121.607199">
         <ele>1650</ele>
      </rtept>
      <rtept lat="48.793334" lon="-121.607205">
         <ele>1650</ele>
      </rtept>
      <rtept lat="48.793301" lon="-121.607227">
         <ele>1650</ele>
      </rtept>
      <rtept lat="48.793266" lon="-121.607244">
         <ele>1650</ele>
      </rtept>
      <rtept lat="48.79323" lon="-121.60726">
         <ele>1650</ele>
      </rtept>
      <rtept lat="48.793192" lon="-121.607282">
         <ele>1650</ele>
      </rtept>
      <rtept lat="48.793159" lon="-121.607296">
         <ele>1650</ele>
      </rtept>
      <rtept lat="48.793129" lon="-121.607312">
         <ele>1650</ele>
      </rtept>
      <rtept lat="48.793106" lon="-121.607312">
         <ele>1650</ele>
      </rtept>
      <rtept lat="48.793088" lon="-121.607308">
         <ele>1650</ele>
      </rtept>
      <rtept lat="48.793065" lon="-121.607313">
         <ele>1650</ele>
      </rtept>
      <rtept lat="48.793042" lon="-121.607317">
         <ele>1650</ele>
      </rtept>
      <rtept lat="48.792946" lon="-121.607294">
         <ele>1650</ele>
      </rtept>
      <rtept lat="48.792861" lon="-121.607201">
         <ele>1650</ele>
      </rtept>
      <rtept lat="48.792833" lon="-121.607172">
         <ele>1650</ele>
      </rtept>
      <rtept lat="48.792851" lon="-121.607161">
         <ele>1640</ele>
      </rtept>
      <rtept lat="48.792841" lon="-121.607118">
         <ele>1640</ele>
      </rtept>
      <rtept lat="48.792829" lon="-121.607097">
         <ele>1640</ele>
      </rtept>
      <rtept lat="48.792805" lon="-121.607061">
         <ele>1640</ele>
      </rtept>
      <rtept lat="48.792792" lon="-121.607039">
         <ele>1640</ele>
      </rtept>
      <rtept lat="48.792777" lon="-121.607017">
         <ele>1640</ele>
      </rtept>
      <rtept lat="48.792761" lon="-121.60699">
         <ele>1640</ele>
      </rtept>
      <rtept lat="48.792741" lon="-121.606972">
         <ele>1640</ele>
      </rtept>
      <rtept lat="48.79272" lon="-121.606952">
         <ele>1640</ele>
      </rtept>
      <rtept lat="48.792695" lon="-121.606939">
         <ele>1640</ele>
      </rtept>
      <rtept lat="48.792668" lon="-121.60693">
         <ele>1640</ele>
      </rtept>
      <rtept lat="48.792647" lon="-121.606923">
         <ele>1640</ele>
      </rtept>
      <rtept lat="48.792629" lon="-121.606928">
         <ele>1640</ele>
      </rtept>
      <rtept lat="48.792602" lon="-121.606933">
         <ele>1640</ele>
      </rtept>
      <rtept lat="48.792577" lon="-121.606937">
         <ele>1640</ele>
      </rtept>
      <rtept lat="48.792555" lon="-121.606954">
         <ele>1640</ele>
      </rtept>
      <rtept lat="48.792535" lon="-121.606971">
         <ele>1640</ele>
      </rtept>
      <rtept lat="48.792516" lon="-121.606969">
         <ele>1640</ele>
      </rtept>
      <rtept lat="48.792497" lon="-121.606964">
         <ele>1640</ele>
      </rtept>
      <rtept lat="48.792477" lon="-121.606926">
         <ele>1640</ele>
      </rtept>
      <rtept lat="48.792467" lon="-121.606902">
         <ele>1640</ele>
      </rtept>
      <rtept lat="48.792446" lon="-121.60686">
         <ele>1640</ele>
      </rtept>
      <rtept lat="48.792439" lon="-121.60683">
         <ele>1640</ele>
      </rtept>
      <rtept lat="48.792434" lon="-121.606788">
         <ele>1640</ele>
      </rtept>
      <rtept lat="48.792427" lon="-121.606762">
         <ele>1640</ele>
      </rtept>
      <rtept lat="48.792408" lon="-121.606732">
         <ele>1640</ele>
      </rtept>
      <rtept lat="48.792386" lon="-121.606718">
         <ele>1640</ele>
      </rtept>
      <rtept lat="48.792363" lon="-121.606698">
         <ele>1640</ele>
      </rtept>
      <rtept lat="48.792344" lon="-121.60671">
         <ele>1640</ele>
      </rtept>
      <rtept lat="48.792313" lon="-121.606722">
         <ele>1640</ele>
      </rtept>
      <rtept lat="48.792289" lon="-121.606738">
         <ele>1640</ele>
      </rtept>
      <rtept lat="48.792272" lon="-121.60676">
         <ele>1640</ele>
      </rtept>
      <rtept lat="48.79225" lon="-121.606778">
         <ele>1640</ele>
      </rtept>
      <rtept lat="48.792225" lon="-121.606802">
         <ele>1640</ele>
      </rtept>
      <rtept lat="48.792208" lon="-121.606826">
         <ele>1630</ele>
      </rtept>
      <rtept lat="48.7922" lon="-121.606852">
         <ele>1630</ele>
      </rtept>
      <rtept lat="48.792184" lon="-121.606862">
         <ele>1630</ele>
      </rtept>
      <rtept lat="48.792159" lon="-121.60688">
         <ele>1630</ele>
      </rtept>
      <rtept lat="48.792141" lon="-121.606894">
         <ele>1630</ele>
      </rtept>
      <rtept lat="48.792122" lon="-121.606912">
         <ele>1630</ele>
      </rtept>
      <rtept lat="48.792108" lon="-121.60693">
         <ele>1630</ele>
      </rtept>
      <rtept lat="48.792107" lon="-121.606962">
         <ele>1620</ele>
      </rtept>
      <rtept lat="48.792091" lon="-121.606982">
         <ele>1620</ele>
      </rtept>
      <rtept lat="48.792071" lon="-121.606978">
         <ele>1620</ele>
      </rtept>
      <rtept lat="48.792051" lon="-121.606954">
         <ele>1620</ele>
      </rtept>
      <rtept lat="48.792034" lon="-121.606968">
         <ele>1620</ele>
      </rtept>
      <rtept lat="48.79201" lon="-121.606988">
         <ele>1620</ele>
      </rtept>
      <rtept lat="48.791994" lon="-121.607032">
         <ele>1620</ele>
      </rtept>
      <rtept lat="48.79199" lon="-121.607059">
         <ele>1620</ele>
      </rtept>
      <rtept lat="48.791978" lon="-121.607083">
         <ele>1610</ele>
      </rtept>
      <rtept lat="48.791949" lon="-121.60711">
         <ele>1610</ele>
      </rtept>
      <rtept lat="48.791935" lon="-121.607142">
         <ele>1610</ele>
      </rtept>
      <rtept lat="48.791946" lon="-121.60718">
         <ele>1610</ele>
      </rtept>
      <rtept lat="48.79195" lon="-121.607225">
         <ele>1610</ele>
      </rtept>
      <rtept lat="48.791932" lon="-121.607308">
         <ele>1600</ele>
      </rtept>
      <rtept lat="48.791907" lon="-121.607321">
         <ele>1600</ele>
      </rtept>
      <rtept lat="48.791877" lon="-121.607332">
         <ele>1600</ele>
      </rtept>
      <rtept lat="48.791857" lon="-121.607349">
         <ele>1600</ele>
      </rtept>
      <rtept lat="48.791844" lon="-121.607374">
         <ele>1600</ele>
      </rtept>
      <rtept lat="48.791832" lon="-121.607406">
         <ele>1590</ele>
      </rtept>
      <rtept lat="48.791822" lon="-121.607429">
         <ele>1590</ele>
      </rtept>
      <rtept lat="48.791809" lon="-121.607451">
         <ele>1590</ele>
      </rtept>
      <rtept lat="48.791787" lon="-121.607468">
         <ele>1590</ele>
      </rtept>
      <rtept lat="48.791764" lon="-121.607477">
         <ele>1590</ele>
      </rtept>
      <rtept lat="48.791743" lon="-121.607494">
         <ele>1590</ele>
      </rtept>
      <rtept lat="48.79172" lon="-121.607511">
         <ele>1590</ele>
      </rtept>
      <rtept lat="48.791696" lon="-121.607533">
         <ele>1590</ele>
      </rtept>
      <rtept lat="48.791677" lon="-121.607549">
         <ele>1590</ele>
      </rtept>
      <rtept lat="48.791651" lon="-121.607573">
         <ele>1580</ele>
      </rtept>
      <rtept lat="48.791622" lon="-121.607582">
         <ele>1580</ele>
      </rtept>
      <rtept lat="48.791592" lon="-121.6076">
         <ele>1580</ele>
      </rtept>
      <rtept lat="48.791555" lon="-121.607604">
         <ele>1580</ele>
      </rtept>
      <rtept lat="48.791515" lon="-121.607617">
         <ele>1580</ele>
      </rtept>
      <rtept lat="48.791487" lon="-121.607642">
         <ele>1580</ele>
      </rtept>
      <rtept lat="48.791464" lon="-121.607665">
         <ele>1580</ele>
      </rtept>
      <rtept lat="48.791442" lon="-121.607686">
         <ele>1580</ele>
      </rtept>
      <rtept lat="48.791423" lon="-121.607691">
         <ele>1580</ele>
      </rtept>
      <rtept lat="48.791403" lon="-121.607687">
         <ele>1580</ele>
      </rtept>
      <rtept lat="48.791371" lon="-121.607703">
         <ele>1580</ele>
      </rtept>
      <rtept lat="48.791352" lon="-121.60772">
         <ele>1570</ele>
      </rtept>
      <rtept lat="48.791334" lon="-121.607731">
         <ele>1570</ele>
      </rtept>
      <rtept lat="48.791312" lon="-121.607748">
         <ele>1570</ele>
      </rtept>
      <rtept lat="48.791282" lon="-121.607758">
         <ele>1570</ele>
      </rtept>
      <rtept lat="48.791256" lon="-121.607752">
         <ele>1570</ele>
      </rtept>
      <rtept lat="48.791238" lon="-121.607761">
         <ele>1570</ele>
      </rtept>
      <rtept lat="48.791205" lon="-121.607756">
         <ele>1570</ele>
      </rtept>
      <rtept lat="48.791197" lon="-121.60773">
         <ele>1570</ele>
      </rtept>
      <rtept lat="48.791185" lon="-121.607709">
         <ele>1570</ele>
      </rtept>
      <rtept lat="48.791167" lon="-121.607723">
         <ele>1570</ele>
      </rtept>
      <rtept lat="48.791162" lon="-121.607749">
         <ele>1570</ele>
      </rtept>
      <rtept lat="48.791158" lon="-121.607779">
         <ele>1570</ele>
      </rtept>
      <rtept lat="48.791136" lon="-121.607779">
         <ele>1570</ele>
      </rtept>
      <rtept lat="48.791112" lon="-121.607799">
         <ele>1570</ele>
      </rtept>
      <rtept lat="48.791078" lon="-121.60782">
         <ele>1570</ele>
      </rtept>
      <rtept lat="48.791053" lon="-121.60784">
         <ele>1570</ele>
      </rtept>
      <rtept lat="48.791035" lon="-121.607865">
         <ele>1560</ele>
      </rtept>
      <rtept lat="48.791018" lon="-121.607893">
         <ele>1560</ele>
      </rtept>
      <rtept lat="48.791002" lon="-121.607917">
         <ele>1560</ele>
      </rtept>
      <rtept lat="48.790986" lon="-121.607942">
         <ele>1560</ele>
      </rtept>
      <rtept lat="48.790982" lon="-121.60798">
         <ele>1560</ele>
      </rtept>
      <rtept lat="48.791002" lon="-121.607999">
         <ele>1560</ele>
      </rtept>
      <rtept lat="48.790992" lon="-121.608039">
         <ele>1560</ele>
      </rtept>
      <rtept lat="48.790976" lon="-121.608062">
         <ele>1550</ele>
      </rtept>
      <rtept lat="48.790961" lon="-121.608083">
         <ele>1550</ele>
      </rtept>
      <rtept lat="48.790941" lon="-121.608117">
         <ele>1550</ele>
      </rtept>
      <rtept lat="48.790938" lon="-121.608144">
         <ele>1550</ele>
      </rtept>
      <rtept lat="48.790924" lon="-121.608169">
         <ele>1550</ele>
      </rtept>
      <rtept lat="48.790902" lon="-121.608182">
         <ele>1550</ele>
      </rtept>
      <rtept lat="48.79088" lon="-121.608197">
         <ele>1550</ele>
      </rtept>
      <rtept lat="48.790854" lon="-121.608211">
         <ele>1550</ele>
      </rtept>
      <rtept lat="48.790828" lon="-121.608223">
         <ele>1550</ele>
      </rtept>
      <rtept lat="48.790798" lon="-121.608234">
         <ele>1550</ele>
      </rtept>
      <rtept lat="48.790768" lon="-121.608245">
         <ele>1550</ele>
      </rtept>
      <rtept lat="48.790738" lon="-121.608241">
         <ele>1550</ele>
      </rtept>
      <rtept lat="48.790708" lon="-121.608255">
         <ele>1550</ele>
      </rtept>
      <rtept lat="48.79069" lon="-121.608296">
         <ele>1550</ele>
      </rtept>
      <rtept lat="48.790666" lon="-121.608376">
         <ele>1540</ele>
      </rtept>
      <rtept lat="48.790626" lon="-121.608531">
         <ele>1540</ele>
      </rtept>
      <rtept lat="48.790564" lon="-121.608665">
         <ele>1540</ele>
      </rtept>
      <rtept lat="48.790528" lon="-121.608737">
         <ele>1530</ele>
      </rtept>
      <rtept lat="48.790507" lon="-121.608727">
         <ele>1530</ele>
      </rtept>
      <rtept lat="48.790488" lon="-121.608707">
         <ele>1530</ele>
      </rtept>
      <rtept lat="48.790468" lon="-121.608696">
         <ele>1530</ele>
      </rtept>
      <rtept lat="48.790444" lon="-121.608697">
         <ele>1530</ele>
      </rtept>
      <rtept lat="48.790414" lon="-121.608684">
         <ele>1530</ele>
      </rtept>
      <rtept lat="48.790388" lon="-121.608683">
         <ele>1530</ele>
      </rtept>
      <rtept lat="48.790366" lon="-121.608691">
         <ele>1530</ele>
      </rtept>
      <rtept lat="48.790348" lon="-121.608696">
         <ele>1530</ele>
      </rtept>
      <rtept lat="48.790333" lon="-121.608719">
         <ele>1530</ele>
      </rtept>
      <rtept lat="48.790319" lon="-121.608753">
         <ele>1530</ele>
      </rtept>
      <rtept lat="48.790304" lon="-121.608789">
         <ele>1530</ele>
      </rtept>
      <rtept lat="48.790283" lon="-121.60884">
         <ele>1530</ele>
      </rtept>
      <rtept lat="48.79026" lon="-121.608869">
         <ele>1530</ele>
      </rtept>
      <rtept lat="48.790238" lon="-121.608897">
         <ele>1520</ele>
      </rtept>
      <rtept lat="48.790224" lon="-121.608932">
         <ele>1520</ele>
      </rtept>
      <rtept lat="48.790208" lon="-121.608958">
         <ele>1520</ele>
      </rtept>
      <rtept lat="48.79019" lon="-121.60898">
         <ele>1520</ele>
      </rtept>
      <rtept lat="48.790172" lon="-121.609005">
         <ele>1520</ele>
      </rtept>
      <rtept lat="48.790149" lon="-121.609028">
         <ele>1520</ele>
      </rtept>
      <rtept lat="48.790124" lon="-121.609057">
         <ele>1520</ele>
      </rtept>
      <rtept lat="48.790096" lon="-121.609065">
         <ele>1520</ele>
      </rtept>
      <rtept lat="48.790072" lon="-121.609046">
         <ele>1520</ele>
      </rtept>
      <rtept lat="48.790052" lon="-121.609026">
         <ele>1520</ele>
      </rtept>
      <rtept lat="48.790034" lon="-121.60902">
         <ele>1520</ele>
      </rtept>
      <rtept lat="48.790018" lon="-121.609034">
         <ele>1520</ele>
      </rtept>
      <rtept lat="48.789998" lon="-121.609049">
         <ele>1510</ele>
      </rtept>
      <rtept lat="48.789976" lon="-121.609076">
         <ele>1510</ele>
      </rtept>
      <rtept lat="48.789952" lon="-121.609104">
         <ele>1510</ele>
      </rtept>
      <rtept lat="48.789926" lon="-121.609113">
         <ele>1510</ele>
      </rtept>
      <rtept lat="48.789898" lon="-121.609141">
         <ele>1510</ele>
      </rtept>
      <rtept lat="48.789896" lon="-121.609179">
         <ele>1510</ele>
      </rtept>
      <rtept lat="48.789892" lon="-121.60926">
         <ele>1510</ele>
      </rtept>
      <rtept lat="48.78988" lon="-121.609301">
         <ele>1510</ele>
      </rtept>
      <rtept lat="48.789864" lon="-121.609322">
         <ele>1500</ele>
      </rtept>
      <rtept lat="48.789842" lon="-121.609335">
         <ele>1500</ele>
      </rtept>
      <rtept lat="48.789821" lon="-121.609355">
         <ele>1500</ele>
      </rtept>
      <rtept lat="48.7898" lon="-121.609362">
         <ele>1500</ele>
      </rtept>
      <rtept lat="48.789771" lon="-121.609378">
         <ele>1500</ele>
      </rtept>
      <rtept lat="48.789755" lon="-121.609414">
         <ele>1500</ele>
      </rtept>
      <rtept lat="48.789738" lon="-121.609457">
         <ele>1500</ele>
      </rtept>
      <rtept lat="48.789713" lon="-121.609469">
         <ele>1500</ele>
      </rtept>
      <rtept lat="48.789687" lon="-121.609478">
         <ele>1500</ele>
      </rtept>
      <rtept lat="48.789662" lon="-121.609492">
         <ele>1500</ele>
      </rtept>
      <rtept lat="48.789628" lon="-121.609512">
         <ele>1500</ele>
      </rtept>
      <rtept lat="48.789595" lon="-121.609541">
         <ele>1500</ele>
      </rtept>
      <rtept lat="48.789557" lon="-121.609572">
         <ele>1500</ele>
      </rtept>
      <rtept lat="48.78952" lon="-121.609607">
         <ele>1500</ele>
      </rtept>
      <rtept lat="48.789486" lon="-121.609639">
         <ele>1500</ele>
      </rtept>
      <rtept lat="48.78946" lon="-121.609672">
         <ele>1500</ele>
      </rtept>
      <rtept lat="48.789447" lon="-121.609715">
         <ele>1500</ele>
      </rtept>
      <rtept lat="48.789416" lon="-121.609883">
         <ele>1500</ele>
      </rtept>
      <rtept lat="48.789401" lon="-121.609921">
         <ele>1500</ele>
      </rtept>
      <rtept lat="48.789359" lon="-121.609998">
         <ele>1500</ele>
      </rtept>
      <rtept lat="48.789336" lon="-121.610029">
         <ele>1500</ele>
      </rtept>
      <rtept lat="48.789311" lon="-121.610055">
         <ele>1500</ele>
      </rtept>
      <rtept lat="48.789282" lon="-121.610082">
         <ele>1500</ele>
      </rtept>
      <rtept lat="48.789259" lon="-121.6101">
         <ele>1500</ele>
      </rtept>
      <rtept lat="48.789233" lon="-121.610122">
         <ele>1490</ele>
      </rtept>
      <rtept lat="48.789202" lon="-121.610144">
         <ele>1490</ele>
      </rtept>
      <rtept lat="48.78917" lon="-121.610168">
         <ele>1490</ele>
      </rtept>
      <rtept lat="48.789142" lon="-121.610199">
         <ele>1490</ele>
      </rtept>
      <rtept lat="48.789114" lon="-121.61023">
         <ele>1490</ele>
      </rtept>
      <rtept lat="48.789083" lon="-121.610265">
         <ele>1490</ele>
      </rtept>
      <rtept lat="48.789057" lon="-121.610305">
         <ele>1490</ele>
      </rtept>
      <rtept lat="48.789038" lon="-121.610351">
         <ele>1490</ele>
      </rtept>
      <rtept lat="48.789017" lon="-121.610388">
         <ele>1490</ele>
      </rtept>
      <rtept lat="48.788987" lon="-121.610412">
         <ele>1480</ele>
      </rtept>
      <rtept lat="48.788958" lon="-121.610421">
         <ele>1480</ele>
      </rtept>
      <rtept lat="48.788933" lon="-121.610424">
         <ele>1480</ele>
      </rtept>
      <rtept lat="48.788901" lon="-121.610428">
         <ele>1480</ele>
      </rtept>
      <rtept lat="48.788871" lon="-121.610426">
         <ele>1480</ele>
      </rtept>
      <rtept lat="48.788841" lon="-121.610428">
         <ele>1480</ele>
      </rtept>
      <rtept lat="48.788811" lon="-121.610433">
         <ele>1480</ele>
      </rtept>
      <rtept lat="48.788788" lon="-121.610437">
         <ele>1480</ele>
      </rtept>
      <rtept lat="48.788761" lon="-121.610443">
         <ele>1480</ele>
      </rtept>
      <rtept lat="48.788731" lon="-121.610452">
         <ele>1480</ele>
      </rtept>
      <rtept lat="48.788703" lon="-121.610454">
         <ele>1480</ele>
      </rtept>
      <rtept lat="48.788672" lon="-121.610459">
         <ele>1480</ele>
      </rtept>
      <rtept lat="48.788644" lon="-121.610455">
         <ele>1480</ele>
      </rtept>
      <rtept lat="48.788616" lon="-121.610446">
         <ele>1480</ele>
      </rtept>
      <rtept lat="48.78859" lon="-121.610441">
         <ele>1480</ele>
      </rtept>
      <rtept lat="48.788562" lon="-121.610438">
         <ele>1480</ele>
      </rtept>
      <rtept lat="48.788536" lon="-121.610432">
         <ele>1480</ele>
      </rtept>
      <rtept lat="48.788507" lon="-121.610439">
         <ele>1480</ele>
      </rtept>
      <rtept lat="48.788473" lon="-121.610447">
         <ele>1480</ele>
      </rtept>
      <rtept lat="48.788448" lon="-121.610451">
         <ele>1470</ele>
      </rtept>
      <rtept lat="48.788423" lon="-121.610474">
         <ele>1470</ele>
      </rtept>
      <rtept lat="48.788364" lon="-121.610584">
         <ele>1470</ele>
      </rtept>
      <rtept lat="48.788267" lon="-121.61066">
         <ele>1470</ele>
      </rtept>
      <rtept lat="48.788228" lon="-121.610693">
         <ele>1470</ele>
      </rtept>
      <rtept lat="48.7882" lon="-121.61072">
         <ele>1470</ele>
      </rtept>
      <rtept lat="48.788179" lon="-121.610798">
         <ele>1470</ele>
      </rtept>
      <rtept lat="48.788166" lon="-121.610876">
         <ele>1470</ele>
      </rtept>
      <rtept lat="48.788117" lon="-121.610961">
         <ele>1460</ele>
      </rtept>
      <rtept lat="48.788068" lon="-121.611042">
         <ele>1460</ele>
      </rtept>
      <rtept lat="48.788053" lon="-121.611061">
         <ele>1460</ele>
      </rtept>
      <rtept lat="48.788036" lon="-121.611075">
         <ele>1460</ele>
      </rtept>
      <rtept lat="48.788019" lon="-121.611084">
         <ele>1460</ele>
      </rtept>
      <rtept lat="48.788" lon="-121.61109">
         <ele>1460</ele>
      </rtept>
      <rtept lat="48.78797" lon="-121.611114">
         <ele>1460</ele>
      </rtept>
      <rtept lat="48.787941" lon="-121.611106">
         <ele>1460</ele>
      </rtept>
      <rtept lat="48.787909" lon="-121.611104">
         <ele>1460</ele>
      </rtept>
      <rtept lat="48.787878" lon="-121.611101">
         <ele>1460</ele>
      </rtept>
      <rtept lat="48.78785" lon="-121.611088">
         <ele>1460</ele>
      </rtept>
      <rtept lat="48.787824" lon="-121.611073">
         <ele>1460</ele>
      </rtept>
      <rtept lat="48.787807" lon="-121.611042">
         <ele>1460</ele>
      </rtept>
      <rtept lat="48.787793" lon="-121.611018">
         <ele>1460</ele>
      </rtept>
      <rtept lat="48.787785" lon="-121.610991">
         <ele>1460</ele>
      </rtept>
      <rtept lat="48.787756" lon="-121.610976">
         <ele>1460</ele>
      </rtept>
      <rtept lat="48.787734" lon="-121.610979">
         <ele>1460</ele>
      </rtept>
      <rtept lat="48.787703" lon="-121.610986">
         <ele>1460</ele>
      </rtept>
      <rtept lat="48.787671" lon="-121.610999">
         <ele>1460</ele>
      </rtept>
      <rtept lat="48.787659" lon="-121.611022">
         <ele>1460</ele>
      </rtept>
      <rtept lat="48.787591" lon="-121.611114">
         <ele>1460</ele>
      </rtept>
      <rtept lat="48.78756" lon="-121.611135">
         <ele>1460</ele>
      </rtept>
      <rtept lat="48.787539" lon="-121.611141">
         <ele>1460</ele>
      </rtept>
      <rtept lat="48.787515" lon="-121.611152">
         <ele>1460</ele>
      </rtept>
      <rtept lat="48.787486" lon="-121.611161">
         <ele>1460</ele>
      </rtept>
      <rtept lat="48.787462" lon="-121.611172">
         <ele>1460</ele>
      </rtept>
      <rtept lat="48.787438" lon="-121.611187">
         <ele>1460</ele>
      </rtept>
      <rtept lat="48.787408" lon="-121.611201">
         <ele>1460</ele>
      </rtept>
      <rtept lat="48.787375" lon="-121.611218">
         <ele>1460</ele>
      </rtept>
      <rtept lat="48.787346" lon="-121.611233">
         <ele>1460</ele>
      </rtept>
      <rtept lat="48.787276" lon="-121.611324">
         <ele>1450</ele>
      </rtept>
      <rtept lat="48.787243" lon="-121.611354">
         <ele>1450</ele>
      </rtept>
      <rtept lat="48.787205" lon="-121.611357">
         <ele>1450</ele>
      </rtept>
      <rtept lat="48.787181" lon="-121.611371">
         <ele>1450</ele>
      </rtept>
      <rtept lat="48.787157" lon="-121.611391">
         <ele>1450</ele>
      </rtept>
      <rtept lat="48.787133" lon="-121.611426">
         <ele>1450</ele>
      </rtept>
      <rtept lat="48.787111" lon="-121.611456">
         <ele>1450</ele>
      </rtept>
      <rtept lat="48.787091" lon="-121.611483">
         <ele>1450</ele>
      </rtept>
      <rtept lat="48.787067" lon="-121.611513">
         <ele>1450</ele>
      </rtept>
      <rtept lat="48.787038" lon="-121.61154">
         <ele>1450</ele>
      </rtept>
      <rtept lat="48.787009" lon="-121.611557">
         <ele>1450</ele>
      </rtept>
      <rtept lat="48.786983" lon="-121.611563">
         <ele>1450</ele>
      </rtept>
      <rtept lat="48.786956" lon="-121.61157">
         <ele>1450</ele>
      </rtept>
      <rtept lat="48.7869" lon="-121.611579">
         <ele>1450</ele>
      </rtept>
      <rtept lat="48.786874" lon="-121.611583">
         <ele>1450</ele>
      </rtept>
      <rtept lat="48.78685" lon="-121.611596">
         <ele>1450</ele>
      </rtept>
      <rtept lat="48.786832" lon="-121.611624">
         <ele>1450</ele>
      </rtept>
      <rtept lat="48.786808" lon="-121.611646">
         <ele>1450</ele>
      </rtept>
      <rtept lat="48.786776" lon="-121.611667">
         <ele>1450</ele>
      </rtept>
      <rtept lat="48.786746" lon="-121.611685">
         <ele>1450</ele>
      </rtept>
      <rtept lat="48.786712" lon="-121.611691">
         <ele>1450</ele>
      </rtept>
      <rtept lat="48.786683" lon="-121.611695">
         <ele>1450</ele>
      </rtept>
      <rtept lat="48.78666" lon="-121.611712">
         <ele>1450</ele>
      </rtept>
      <rtept lat="48.786634" lon="-121.611732">
         <ele>1450</ele>
      </rtept>
      <rtept lat="48.786606" lon="-121.611734">
         <ele>1450</ele>
      </rtept>
      <rtept lat="48.786578" lon="-121.611729">
         <ele>1450</ele>
      </rtept>
      <rtept lat="48.786552" lon="-121.611733">
         <ele>1450</ele>
      </rtept>
      <rtept lat="48.786526" lon="-121.611738">
         <ele>1450</ele>
      </rtept>
      <rtept lat="48.786505" lon="-121.61175">
         <ele>1450</ele>
      </rtept>
      <rtept lat="48.786439" lon="-121.611846">
         <ele>1450</ele>
      </rtept>
      <rtept lat="48.786403" lon="-121.611858">
         <ele>1450</ele>
      </rtept>
      <rtept lat="48.78637" lon="-121.611863">
         <ele>1450</ele>
      </rtept>
      <rtept lat="48.786345" lon="-121.611866">
         <ele>1450</ele>
      </rtept>
      <rtept lat="48.786325" lon="-121.611871">
         <ele>1450</ele>
      </rtept>
      <rtept lat="48.786299" lon="-121.61188">
         <ele>1450</ele>
      </rtept>
      <rtept lat="48.786273" lon="-121.61189">
         <ele>1450</ele>
      </rtept>
      <rtept lat="48.786247" lon="-121.6119">
         <ele>1450</ele>
      </rtept>
      <rtept lat="48.78622" lon="-121.611914">
         <ele>1450</ele>
      </rtept>
      <rtept lat="48.786197" lon="-121.611935">
         <ele>1450</ele>
      </rtept>
      <rtept lat="48.786172" lon="-121.611955">
         <ele>1450</ele>
      </rtept>
      <rtept lat="48.786145" lon="-121.611961">
         <ele>1450</ele>
      </rtept>
      <rtept lat="48.786117" lon="-121.611964">
         <ele>1450</ele>
      </rtept>
      <rtept lat="48.786092" lon="-121.611948">
         <ele>1450</ele>
      </rtept>
      <rtept lat="48.786065" lon="-121.611948">
         <ele>1440</ele>
      </rtept>
      <rtept lat="48.786033" lon="-121.611957">
         <ele>1440</ele>
      </rtept>
      <rtept lat="48.786001" lon="-121.611981">
         <ele>1440</ele>
      </rtept>
      <rtept lat="48.785965" lon="-121.611991">
         <ele>1440</ele>
      </rtept>
      <rtept lat="48.785923" lon="-121.612001">
         <ele>1440</ele>
      </rtept>
      <rtept lat="48.785884" lon="-121.61202">
         <ele>1440</ele>
      </rtept>
      <rtept lat="48.785863" lon="-121.612046">
         <ele>1440</ele>
      </rtept>
      <rtept lat="48.785829" lon="-121.612064">
         <ele>1440</ele>
      </rtept>
      <rtept lat="48.785798" lon="-121.612076">
         <ele>1440</ele>
      </rtept>
      <rtept lat="48.785713" lon="-121.612146">
         <ele>1440</ele>
      </rtept>
      <rtept lat="48.785648" lon="-121.612202">
         <ele>1440</ele>
      </rtept>
      <rtept lat="48.78562" lon="-121.612225">
         <ele>1440</ele>
      </rtept>
      <rtept lat="48.785589" lon="-121.612253">
         <ele>1440</ele>
      </rtept>
      <rtept lat="48.785561" lon="-121.612272">
         <ele>1440</ele>
      </rtept>
      <rtept lat="48.785531" lon="-121.612287">
         <ele>1440</ele>
      </rtept>
      <rtept lat="48.785502" lon="-121.612302">
         <ele>1440</ele>
      </rtept>
      <rtept lat="48.785471" lon="-121.612314">
         <ele>1440</ele>
      </rtept>
      <rtept lat="48.785442" lon="-121.612318">
         <ele>1440</ele>
      </rtept>
      <rtept lat="48.785421" lon="-121.612334">
         <ele>1440</ele>
      </rtept>
      <rtept lat="48.785397" lon="-121.612344">
         <ele>1440</ele>
      </rtept>
      <rtept lat="48.785375" lon="-121.612346">
         <ele>1440</ele>
      </rtept>
      <rtept lat="48.78535" lon="-121.612351">
         <ele>1440</ele>
      </rtept>
      <rtept lat="48.785328" lon="-121.612372">
         <ele>1440</ele>
      </rtept>
      <rtept lat="48.785303" lon="-121.61239">
         <ele>1440</ele>
      </rtept>
      <rtept lat="48.785274" lon="-121.612418">
         <ele>1440</ele>
      </rtept>
      <rtept lat="48.785253" lon="-121.61245">
         <ele>1440</ele>
      </rtept>
      <rtept lat="48.785229" lon="-121.612472">
         <ele>1440</ele>
      </rtept>
      <rtept lat="48.785209" lon="-121.612493">
         <ele>1440</ele>
      </rtept>
      <rtept lat="48.785187" lon="-121.612517">
         <ele>1440</ele>
      </rtept>
      <rtept lat="48.785162" lon="-121.612541">
         <ele>1440</ele>
      </rtept>
      <rtept lat="48.785138" lon="-121.61256">
         <ele>1440</ele>
      </rtept>
      <rtept lat="48.785113" lon="-121.612577">
         <ele>1440</ele>
      </rtept>
      <rtept lat="48.785086" lon="-121.612588">
         <ele>1440</ele>
      </rtept>
      <rtept lat="48.785055" lon="-121.612584">
         <ele>1440</ele>
      </rtept>
      <rtept lat="48.785027" lon="-121.612582">
         <ele>1440</ele>
      </rtept>
      <rtept lat="48.784997" lon="-121.612589">
         <ele>1440</ele>
      </rtept>
      <rtept lat="48.784966" lon="-121.612595">
         <ele>1440</ele>
      </rtept>
      <rtept lat="48.784945" lon="-121.612605">
         <ele>1440</ele>
      </rtept>
      <rtept lat="48.784911" lon="-121.612613">
         <ele>1440</ele>
      </rtept>
      <rtept lat="48.78488" lon="-121.612604">
         <ele>1440</ele>
      </rtept>
      <rtept lat="48.784854" lon="-121.612588">
         <ele>1440</ele>
      </rtept>
      <rtept lat="48.784828" lon="-121.61257">
         <ele>1440</ele>
      </rtept>
      <rtept lat="48.784756" lon="-121.612557">
         <ele>1440</ele>
      </rtept>
      <rtept lat="48.784635" lon="-121.612531">
         <ele>1440</ele>
      </rtept>
      <rtept lat="48.784601" lon="-121.61253">
         <ele>1440</ele>
      </rtept>
      <rtept lat="48.784537" lon="-121.612529">
         <ele>1440</ele>
      </rtept>
      <rtept lat="48.784465" lon="-121.612502">
         <ele>1440</ele>
      </rtept>
      <rtept lat="48.784426" lon="-121.612483">
         <ele>1440</ele>
      </rtept>
      <rtept lat="48.784396" lon="-121.612467">
         <ele>1440</ele>
      </rtept>
      <rtept lat="48.784372" lon="-121.612435">
         <ele>1440</ele>
      </rtept>
      <rtept lat="48.784357" lon="-121.612395">
         <ele>1440</ele>
      </rtept>
      <rtept lat="48.784351" lon="-121.612363">
         <ele>1440</ele>
      </rtept>
      <rtept lat="48.784339" lon="-121.612338">
         <ele>1440</ele>
      </rtept>
      <rtept lat="48.784323" lon="-121.612319">
         <ele>1440</ele>
      </rtept>
      <rtept lat="48.784304" lon="-121.612306">
         <ele>1440</ele>
      </rtept>
      <rtept lat="48.78428" lon="-121.612314">
         <ele>1440</ele>
      </rtept>
      <rtept lat="48.784257" lon="-121.612333">
         <ele>1440</ele>
      </rtept>
      <rtept lat="48.784229" lon="-121.612346">
         <ele>1430</ele>
      </rtept>
      <rtept lat="48.784204" lon="-121.612343">
         <ele>1430</ele>
      </rtept>
      <rtept lat="48.78418" lon="-121.612327">
         <ele>1430</ele>
      </rtept>
      <rtept lat="48.784156" lon="-121.612303">
         <ele>1430</ele>
      </rtept>
      <rtept lat="48.784124" lon="-121.612297">
         <ele>1430</ele>
      </rtept>
      <rtept lat="48.784088" lon="-121.612293">
         <ele>1430</ele>
      </rtept>
      <rtept lat="48.784057" lon="-121.612282">
         <ele>1430</ele>
      </rtept>
      <rtept lat="48.784034" lon="-121.612268">
         <ele>1430</ele>
      </rtept>
      <rtept lat="48.784007" lon="-121.612269">
         <ele>1430</ele>
      </rtept>
      <rtept lat="48.783988" lon="-121.612279">
         <ele>1430</ele>
      </rtept>
      <rtept lat="48.783972" lon="-121.6123">
         <ele>1430</ele>
      </rtept>
      <rtept lat="48.783956" lon="-121.612318">
         <ele>1430</ele>
      </rtept>
      <rtept lat="48.783881" lon="-121.612364">
         <ele>1430</ele>
      </rtept>
      <rtept lat="48.783871" lon="-121.612391">
         <ele>1420</ele>
      </rtept>
      <rtept lat="48.783847" lon="-121.612442">
         <ele>1420</ele>
      </rtept>
      <rtept lat="48.783826" lon="-121.61246">
         <ele>1420</ele>
      </rtept>
      <rtept lat="48.783807" lon="-121.612479">
         <ele>1420</ele>
      </rtept>
      <rtept lat="48.783787" lon="-121.612497">
         <ele>1420</ele>
      </rtept>
      <rtept lat="48.783758" lon="-121.612498">
         <ele>1420</ele>
      </rtept>
      <rtept lat="48.783729" lon="-121.612499">
         <ele>1420</ele>
      </rtept>
      <rtept lat="48.783699" lon="-121.612518">
         <ele>1420</ele>
      </rtept>
      <rtept lat="48.78367" lon="-121.61252">
         <ele>1420</ele>
      </rtept>
      <rtept lat="48.78364" lon="-121.612518">
         <ele>1420</ele>
      </rtept>
      <rtept lat="48.78361" lon="-121.612507">
         <ele>1420</ele>
      </rtept>
      <rtept lat="48.78358" lon="-121.612503">
         <ele>1410</ele>
      </rtept>
      <rtept lat="48.783551" lon="-121.612487">
         <ele>1410</ele>
      </rtept>
      <rtept lat="48.783527" lon="-121.612476">
         <ele>1410</ele>
      </rtept>
      <rtept lat="48.783492" lon="-121.612469">
         <ele>1410</ele>
      </rtept>
      <rtept lat="48.783457" lon="-121.612476">
         <ele>1410</ele>
      </rtept>
      <rtept lat="48.783425" lon="-121.612476">
         <ele>1410</ele>
      </rtept>
      <rtept lat="48.783399" lon="-121.612481">
         <ele>1410</ele>
      </rtept>
      <rtept lat="48.78337" lon="-121.612471">
         <ele>1410</ele>
      </rtept>
      <rtept lat="48.783346" lon="-121.612468">
         <ele>1410</ele>
      </rtept>
      <rtept lat="48.783325" lon="-121.612477">
         <ele>1410</ele>
      </rtept>
      <rtept lat="48.783242" lon="-121.61249">
         <ele>1410</ele>
      </rtept>
      <rtept lat="48.783218" lon="-121.612495">
         <ele>1410</ele>
      </rtept>
      <rtept lat="48.783197" lon="-121.612503">
         <ele>1410</ele>
      </rtept>
      <rtept lat="48.783178" lon="-121.612495">
         <ele>1410</ele>
      </rtept>
      <rtept lat="48.783152" lon="-121.612453">
         <ele>1410</ele>
      </rtept>
      <rtept lat="48.783136" lon="-121.612429">
         <ele>1410</ele>
      </rtept>
      <rtept lat="48.783114" lon="-121.612414">
         <ele>1410</ele>
      </rtept>
      <rtept lat="48.783092" lon="-121.612413">
         <ele>1410</ele>
      </rtept>
      <rtept lat="48.783073" lon="-121.612415">
         <ele>1410</ele>
      </rtept>
      <rtept lat="48.783051" lon="-121.612426">
         <ele>1400</ele>
      </rtept>
      <rtept lat="48.783028" lon="-121.612443">
         <ele>1400</ele>
      </rtept>
      <rtept lat="48.782998" lon="-121.612461">
         <ele>1400</ele>
      </rtept>
      <rtept lat="48.782926" lon="-121.612491">
         <ele>1400</ele>
      </rtept>
      <rtept lat="48.782848" lon="-121.612556">
         <ele>1400</ele>
      </rtept>
      <rtept lat="48.782806" lon="-121.612604">
         <ele>1400</ele>
      </rtept>
      <rtept lat="48.782773" lon="-121.612612">
         <ele>1390</ele>
      </rtept>
      <rtept lat="48.782743" lon="-121.61261">
         <ele>1390</ele>
      </rtept>
      <rtept lat="48.78272" lon="-121.612591">
         <ele>1390</ele>
      </rtept>
      <rtept lat="48.782696" lon="-121.612589">
         <ele>1390</ele>
      </rtept>
      <rtept lat="48.782674" lon="-121.612611">
         <ele>1390</ele>
      </rtept>
      <rtept lat="48.782664" lon="-121.612642">
         <ele>1390</ele>
      </rtept>
      <rtept lat="48.78266" lon="-121.612672">
         <ele>1390</ele>
      </rtept>
      <rtept lat="48.78255" lon="-121.612697">
         <ele>1390</ele>
      </rtept>
      <rtept lat="48.782478" lon="-121.612668">
         <ele>1390</ele>
      </rtept>
      <rtept lat="48.782444" lon="-121.612657">
         <ele>1390</ele>
      </rtept>
      <rtept lat="48.782363" lon="-121.612583">
         <ele>1390</ele>
      </rtept>
      <rtept lat="48.782339" lon="-121.612535">
         <ele>1390</ele>
      </rtept>
      <rtept lat="48.782311" lon="-121.612499">
         <ele>1390</ele>
      </rtept>
      <rtept lat="48.78229" lon="-121.612488">
         <ele>1390</ele>
      </rtept>
      <rtept lat="48.782241" lon="-121.612607">
         <ele>1390</ele>
      </rtept>
      <rtept lat="48.782219" lon="-121.612623">
         <ele>1390</ele>
      </rtept>
      <rtept lat="48.782131" lon="-121.612699">
         <ele>1390</ele>
      </rtept>
      <rtept lat="48.782112" lon="-121.612701">
         <ele>1390</ele>
      </rtept>
      <rtept lat="48.782066" lon="-121.612733">
         <ele>1390</ele>
      </rtept>
      <rtept lat="48.78204" lon="-121.612732">
         <ele>1390</ele>
      </rtept>
      <rtept lat="48.782017" lon="-121.61273">
         <ele>1390</ele>
      </rtept>
      <rtept lat="48.781996" lon="-121.612732">
         <ele>1390</ele>
      </rtept>
      <rtept lat="48.781974" lon="-121.61273">
         <ele>1390</ele>
      </rtept>
      <rtept lat="48.781941" lon="-121.612742">
         <ele>1390</ele>
      </rtept>
      <rtept lat="48.781919" lon="-121.61275">
         <ele>1390</ele>
      </rtept>
      <rtept lat="48.781895" lon="-121.612754">
         <ele>1390</ele>
      </rtept>
      <rtept lat="48.781876" lon="-121.612752">
         <ele>1390</ele>
      </rtept>
      <rtept lat="48.781857" lon="-121.612747">
         <ele>1390</ele>
      </rtept>
      <rtept lat="48.781839" lon="-121.612734">
         <ele>1390</ele>
      </rtept>
      <rtept lat="48.781822" lon="-121.612723">
         <ele>1390</ele>
      </rtept>
      <rtept lat="48.781801" lon="-121.612712">
         <ele>1390</ele>
      </rtept>
      <rtept lat="48.781779" lon="-121.612698">
         <ele>1390</ele>
      </rtept>
      <rtept lat="48.781759" lon="-121.612694">
         <ele>1390</ele>
      </rtept>
      <rtept lat="48.781733" lon="-121.612684">
         <ele>1390</ele>
      </rtept>
      <rtept lat="48.781706" lon="-121.612679">
         <ele>1390</ele>
      </rtept>
      <rtept lat="48.781684" lon="-121.612679">
         <ele>1400</ele>
      </rtept>
      <rtept lat="48.781663" lon="-121.612684">
         <ele>1400</ele>
      </rtept>
      <rtept lat="48.781634" lon="-121.612716">
         <ele>1400</ele>
      </rtept>
      <rtept lat="48.781619" lon="-121.61274">
         <ele>1400</ele>
      </rtept>
      <rtept lat="48.781535" lon="-121.612843">
         <ele>1400</ele>
      </rtept>
      <rtept lat="48.781482" lon="-121.61288">
         <ele>1400</ele>
      </rtept>
      <rtept lat="48.781458" lon="-121.612912">
         <ele>1400</ele>
      </rtept>
      <rtept lat="48.781433" lon="-121.612935">
         <ele>1400</ele>
      </rtept>
      <rtept lat="48.781403" lon="-121.612955">
         <ele>1400</ele>
      </rtept>
      <rtept lat="48.781374" lon="-121.612966">
         <ele>1400</ele>
      </rtept>
      <rtept lat="48.781348" lon="-121.612984">
         <ele>1400</ele>
      </rtept>
      <rtept lat="48.781254" lon="-121.612997">
         <ele>1400</ele>
      </rtept>
      <rtept lat="48.781185" lon="-121.612997">
         <ele>1400</ele>
      </rtept>
      <rtept lat="48.781161" lon="-121.613007">
         <ele>1400</ele>
      </rtept>
      <rtept lat="48.781134" lon="-121.613026">
         <ele>1400</ele>
      </rtept>
      <rtept lat="48.781107" lon="-121.613034">
         <ele>1400</ele>
      </rtept>
      <rtept lat="48.781081" lon="-121.613046">
         <ele>1400</ele>
      </rtept>
      <rtept lat="48.781059" lon="-121.613065">
         <ele>1400</ele>
      </rtept>
      <rtept lat="48.781043" lon="-121.61309">
         <ele>1400</ele>
      </rtept>
      <rtept lat="48.78103" lon="-121.613121">
         <ele>1400</ele>
      </rtept>
      <rtept lat="48.781014" lon="-121.613145">
         <ele>1400</ele>
      </rtept>
      <rtept lat="48.780995" lon="-121.613158">
         <ele>1400</ele>
      </rtept>
      <rtept lat="48.780973" lon="-121.613177">
         <ele>1400</ele>
      </rtept>
      <rtept lat="48.780941" lon="-121.613205">
         <ele>1400</ele>
      </rtept>
      <rtept lat="48.780901" lon="-121.61322">
         <ele>1400</ele>
      </rtept>
      <rtept lat="48.780859" lon="-121.613235">
         <ele>1400</ele>
      </rtept>
      <rtept lat="48.780824" lon="-121.613233">
         <ele>1400</ele>
      </rtept>
      <rtept lat="48.780767" lon="-121.613217">
         <ele>1400</ele>
      </rtept>
      <rtept lat="48.780739" lon="-121.61321">
         <ele>1400</ele>
      </rtept>
      <rtept lat="48.780715" lon="-121.613183">
         <ele>1400</ele>
      </rtept>
      <rtept lat="48.780701" lon="-121.613148">
         <ele>1400</ele>
      </rtept>
      <rtept lat="48.780694" lon="-121.61311">
         <ele>1400</ele>
      </rtept>
      <rtept lat="48.780683" lon="-121.613052">
         <ele>1400</ele>
      </rtept>
      <rtept lat="48.780674" lon="-121.613024">
         <ele>1400</ele>
      </rtept>
      <rtept lat="48.780661" lon="-121.613001">
         <ele>1400</ele>
      </rtept>
      <rtept lat="48.780645" lon="-121.61298">
         <ele>1400</ele>
      </rtept>
      <rtept lat="48.780626" lon="-121.612952">
         <ele>1400</ele>
      </rtept>
      <rtept lat="48.780609" lon="-121.612929">
         <ele>1390</ele>
      </rtept>
      <rtept lat="48.780591" lon="-121.612911">
         <ele>1390</ele>
      </rtept>
      <rtept lat="48.780571" lon="-121.612893">
         <ele>1390</ele>
      </rtept>
      <rtept lat="48.78055" lon="-121.612877">
         <ele>1390</ele>
      </rtept>
      <rtept lat="48.780535" lon="-121.612862">
         <ele>1390</ele>
      </rtept>
      <rtept lat="48.780507" lon="-121.612821">
         <ele>1390</ele>
      </rtept>
      <rtept lat="48.780485" lon="-121.612812">
         <ele>1390</ele>
      </rtept>
      <rtept lat="48.780463" lon="-121.612792">
         <ele>1390</ele>
      </rtept>
      <rtept lat="48.780449" lon="-121.612766">
         <ele>1390</ele>
      </rtept>
      <rtept lat="48.780434" lon="-121.612732">
         <ele>1390</ele>
      </rtept>
      <rtept lat="48.780423" lon="-121.612695">
         <ele>1390</ele>
      </rtept>
      <rtept lat="48.78041" lon="-121.61266">
         <ele>1380</ele>
      </rtept>
      <rtept lat="48.780401" lon="-121.612632">
         <ele>1380</ele>
      </rtept>
      <rtept lat="48.780392" lon="-121.612609">
         <ele>1380</ele>
      </rtept>
      <rtept lat="48.78035" lon="-121.612595">
         <ele>1380</ele>
      </rtept>
      <rtept lat="48.780328" lon="-121.612604">
         <ele>1380</ele>
      </rtept>
      <rtept lat="48.780308" lon="-121.612602">
         <ele>1380</ele>
      </rtept>
      <rtept lat="48.780286" lon="-121.612598">
         <ele>1380</ele>
      </rtept>
      <rtept lat="48.780262" lon="-121.612601">
         <ele>1380</ele>
      </rtept>
      <rtept lat="48.780244" lon="-121.612595">
         <ele>1380</ele>
      </rtept>
      <rtept lat="48.780221" lon="-121.612593">
         <ele>1380</ele>
      </rtept>
      <rtept lat="48.78019" lon="-121.612592">
         <ele>1380</ele>
      </rtept>
      <rtept lat="48.780161" lon="-121.612598">
         <ele>1380</ele>
      </rtept>
      <rtept lat="48.780135" lon="-121.612607">
         <ele>1380</ele>
      </rtept>
      <rtept lat="48.780105" lon="-121.612614">
         <ele>1370</ele>
      </rtept>
      <rtept lat="48.780077" lon="-121.612623">
         <ele>1370</ele>
      </rtept>
      <rtept lat="48.780051" lon="-121.612633">
         <ele>1370</ele>
      </rtept>
      <rtept lat="48.780026" lon="-121.612642">
         <ele>1370</ele>
      </rtept>
      <rtept lat="48.779995" lon="-121.612658">
         <ele>1370</ele>
      </rtept>
      <rtept lat="48.779887" lon="-121.61271">
         <ele>1370</ele>
      </rtept>
      <rtept lat="48.779864" lon="-121.612725">
         <ele>1370</ele>
      </rtept>
      <rtept lat="48.779842" lon="-121.612739">
         <ele>1370</ele>
      </rtept>
      <rtept lat="48.779824" lon="-121.61276">
         <ele>1370</ele>
      </rtept>
      <rtept lat="48.779802" lon="-121.612767">
         <ele>1370</ele>
      </rtept>
      <rtept lat="48.779778" lon="-121.612778">
         <ele>1370</ele>
      </rtept>
      <rtept lat="48.77975" lon="-121.6128">
         <ele>1370</ele>
      </rtept>
      <rtept lat="48.779719" lon="-121.61283">
         <ele>1370</ele>
      </rtept>
      <rtept lat="48.779696" lon="-121.612851">
         <ele>1370</ele>
      </rtept>
      <rtept lat="48.77967" lon="-121.612859">
         <ele>1370</ele>
      </rtept>
      <rtept lat="48.779644" lon="-121.612869">
         <ele>1360</ele>
      </rtept>
      <rtept lat="48.779622" lon="-121.61287">
         <ele>1360</ele>
      </rtept>
      <rtept lat="48.779588" lon="-121.612882">
         <ele>1360</ele>
      </rtept>
      <rtept lat="48.779561" lon="-121.612901">
         <ele>1360</ele>
      </rtept>
      <rtept lat="48.779535" lon="-121.61292">
         <ele>1360</ele>
      </rtept>
      <rtept lat="48.779514" lon="-121.612932">
         <ele>1360</ele>
      </rtept>
      <rtept lat="48.779475" lon="-121.612917">
         <ele>1360</ele>
      </rtept>
      <rtept lat="48.779444" lon="-121.612884">
         <ele>1360</ele>
      </rtept>
      <rtept lat="48.779434" lon="-121.61283">
         <ele>1360</ele>
      </rtept>
      <rtept lat="48.779427" lon="-121.612801">
         <ele>1360</ele>
      </rtept>
      <rtept lat="48.779412" lon="-121.612778">
         <ele>1360</ele>
      </rtept>
      <rtept lat="48.77938" lon="-121.612745">
         <ele>1350</ele>
      </rtept>
      <rtept lat="48.779363" lon="-121.612716">
         <ele>1350</ele>
      </rtept>
      <rtept lat="48.779353" lon="-121.612677">
         <ele>1350</ele>
      </rtept>
      <rtept lat="48.779346" lon="-121.612632">
         <ele>1350</ele>
      </rtept>
      <rtept lat="48.779339" lon="-121.612595">
         <ele>1350</ele>
      </rtept>
      <rtept lat="48.779335" lon="-121.612552">
         <ele>1350</ele>
      </rtept>
      <rtept lat="48.779305" lon="-121.612422">
         <ele>1350</ele>
      </rtept>
      <rtept lat="48.779303" lon="-121.61235">
         <ele>1350</ele>
      </rtept>
      <rtept lat="48.779296" lon="-121.612308">
         <ele>1350</ele>
      </rtept>
      <rtept lat="48.779292" lon="-121.612269">
         <ele>1350</ele>
      </rtept>
      <rtept lat="48.77929" lon="-121.612221">
         <ele>1350</ele>
      </rtept>
      <rtept lat="48.779289" lon="-121.612176">
         <ele>1340</ele>
      </rtept>
      <rtept lat="48.779284" lon="-121.612136">
         <ele>1340</ele>
      </rtept>
      <rtept lat="48.779284" lon="-121.612084">
         <ele>1340</ele>
      </rtept>
      <rtept lat="48.779286" lon="-121.612036">
         <ele>1340</ele>
      </rtept>
      <rtept lat="48.779293" lon="-121.611875">
         <ele>1340</ele>
      </rtept>
      <rtept lat="48.779291" lon="-121.611822">
         <ele>1340</ele>
      </rtept>
      <rtept lat="48.779287" lon="-121.611752">
         <ele>1340</ele>
      </rtept>
      <rtept lat="48.77929" lon="-121.611712">
         <ele>1340</ele>
      </rtept>
      <rtept lat="48.779291" lon="-121.611566">
         <ele>1340</ele>
      </rtept>
      <rtept lat="48.779265" lon="-121.611541">
         <ele>1340</ele>
      </rtept>
      <rtept lat="48.779243" lon="-121.611517">
         <ele>1340</ele>
      </rtept>
      <rtept lat="48.779216" lon="-121.611507">
         <ele>1340</ele>
      </rtept>
      <rtept lat="48.779179" lon="-121.611498">
         <ele>1330</ele>
      </rtept>
      <rtept lat="48.779158" lon="-121.611491">
         <ele>1330</ele>
      </rtept>
      <rtept lat="48.779137" lon="-121.611484">
         <ele>1330</ele>
      </rtept>
      <rtept lat="48.779119" lon="-121.61148">
         <ele>1330</ele>
      </rtept>
      <rtept lat="48.77902" lon="-121.611494">
         <ele>1330</ele>
      </rtept>
      <rtept lat="48.778932" lon="-121.611446">
         <ele>1320</ele>
      </rtept>
      <rtept lat="48.778917" lon="-121.611387">
         <ele>1320</ele>
      </rtept>
      <rtept lat="48.778892" lon="-121.611377">
         <ele>1320</ele>
      </rtept>
      <rtept lat="48.778882" lon="-121.61135">
         <ele>1320</ele>
      </rtept>
      <rtept lat="48.778842" lon="-121.611293">
         <ele>1320</ele>
      </rtept>
      <rtept lat="48.778822" lon="-121.611254">
         <ele>1320</ele>
      </rtept>
      <rtept lat="48.778829" lon="-121.611215">
         <ele>1320</ele>
      </rtept>
      <rtept lat="48.778793" lon="-121.611079">
         <ele>1310</ele>
      </rtept>
      <rtept lat="48.778737" lon="-121.610981">
         <ele>1310</ele>
      </rtept>
      <rtept lat="48.778721" lon="-121.610956">
         <ele>1310</ele>
      </rtept>
      <rtept lat="48.778704" lon="-121.610947">
         <ele>1310</ele>
      </rtept>
      <rtept lat="48.778675" lon="-121.610932">
         <ele>1310</ele>
      </rtept>
      <rtept lat="48.778601" lon="-121.610927">
         <ele>1310</ele>
      </rtept>
      <rtept lat="48.778514" lon="-121.610816">
         <ele>1310</ele>
      </rtept>
      <rtept lat="48.778447" lon="-121.610706">
         <ele>1300</ele>
      </rtept>
      <rtept lat="48.778334" lon="-121.610733">
         <ele>1300</ele>
      </rtept>
      <rtept lat="48.778304" lon="-121.610602">
         <ele>1300</ele>
      </rtept>
      <rtept lat="48.778284" lon="-121.610576">
         <ele>1300</ele>
      </rtept>
      <rtept lat="48.778234" lon="-121.61051">
         <ele>1290</ele>
      </rtept>
      <rtept lat="48.7782" lon="-121.610478">
         <ele>1290</ele>
      </rtept>
      <rtept lat="48.778184" lon="-121.610457">
         <ele>1290</ele>
      </rtept>
      <rtept lat="48.778161" lon="-121.610426">
         <ele>1290</ele>
      </rtept>
      <rtept lat="48.778147" lon="-121.610374">
         <ele>1290</ele>
      </rtept>
      <rtept lat="48.77812" lon="-121.610281">
         <ele>1290</ele>
      </rtept>
      <rtept lat="48.778112" lon="-121.61024">
         <ele>1290</ele>
      </rtept>
      <rtept lat="48.778114" lon="-121.610192">
         <ele>1290</ele>
      </rtept>
      <rtept lat="48.778113" lon="-121.61015">
         <ele>1290</ele>
      </rtept>
      <rtept lat="48.77812" lon="-121.610065">
         <ele>1280</ele>
      </rtept>
      <rtept lat="48.778132" lon="-121.610028">
         <ele>1280</ele>
      </rtept>
      <rtept lat="48.778142" lon="-121.609994">
         <ele>1280</ele>
      </rtept>
      <rtept lat="48.778149" lon="-121.609968">
         <ele>1280</ele>
      </rtept>
      <rtept lat="48.778156" lon="-121.609918">
         <ele>1280</ele>
      </rtept>
      <rtept lat="48.778157" lon="-121.609889">
         <ele>1280</ele>
      </rtept>
      <rtept lat="48.778173" lon="-121.609841">
         <ele>1280</ele>
      </rtept>
      <rtept lat="48.778166" lon="-121.609797">
         <ele>1280</ele>
      </rtept>
      <rtept lat="48.778164" lon="-121.609765">
         <ele>1280</ele>
      </rtept>
      <rtept lat="48.778152" lon="-121.609739">
         <ele>1280</ele>
      </rtept>
      <rtept lat="48.77813" lon="-121.609676">
         <ele>1280</ele>
      </rtept>
      <rtept lat="48.77806" lon="-121.609585">
         <ele>1270</ele>
      </rtept>
      <rtept lat="48.77797" lon="-121.609556">
         <ele>1270</ele>
      </rtept>
      <rtept lat="48.77788" lon="-121.609503">
         <ele>1270</ele>
      </rtept>
      <rtept lat="48.77786" lon="-121.609442">
         <ele>1270</ele>
      </rtept>
      <rtept lat="48.777849" lon="-121.609417">
         <ele>1270</ele>
      </rtept>
      <rtept lat="48.777776" lon="-121.609327">
         <ele>1260</ele>
      </rtept>
      <rtept lat="48.777691" lon="-121.609279">
         <ele>1260</ele>
      </rtept>
      <rtept lat="48.777592" lon="-121.60929">
         <ele>1260</ele>
      </rtept>
      <rtept lat="48.777507" lon="-121.60939">
         <ele>1260</ele>
      </rtept>
      <rtept lat="48.777414" lon="-121.609435">
         <ele>1260</ele>
      </rtept>
      <rtept lat="48.777316" lon="-121.609452">
         <ele>1250</ele>
      </rtept>
      <rtept lat="48.777292" lon="-121.609441">
         <ele>1250</ele>
      </rtept>
      <rtept lat="48.777199" lon="-121.609415">
         <ele>1250</ele>
      </rtept>
      <rtept lat="48.777105" lon="-121.609363">
         <ele>1250</ele>
      </rtept>
      <rtept lat="48.777009" lon="-121.609407">
         <ele>1250</ele>
      </rtept>
      <rtept lat="48.77694" lon="-121.609289">
         <ele>1240</ele>
      </rtept>
      <rtept lat="48.776901" lon="-121.609161">
         <ele>1240</ele>
      </rtept>
      <rtept lat="48.776827" lon="-121.609082">
         <ele>1240</ele>
      </rtept>
      <rtept lat="48.776785" lon="-121.608937">
         <ele>1240</ele>
      </rtept>
      <rtept lat="48.776705" lon="-121.608855">
         <ele>1240</ele>
      </rtept>
      <rtept lat="48.776656" lon="-121.608739">
         <ele>1230</ele>
      </rtept>
      <rtept lat="48.776555" lon="-121.608826">
         <ele>1230</ele>
      </rtept>
      <rtept lat="48.776455" lon="-121.608847">
         <ele>1230</ele>
      </rtept>
      <rtept lat="48.776418" lon="-121.608836">
         <ele>1230</ele>
      </rtept>
      <rtept lat="48.776336" lon="-121.608758">
         <ele>1230</ele>
      </rtept>
      <rtept lat="48.776241" lon="-121.608646">
         <ele>1220</ele>
      </rtept>
      <rtept lat="48.776212" lon="-121.608593">
         <ele>1220</ele>
      </rtept>
      <rtept lat="48.776187" lon="-121.608556">
         <ele>1220</ele>
      </rtept>
      <rtept lat="48.776128" lon="-121.608415">
         <ele>1220</ele>
      </rtept>
      <rtept lat="48.776119" lon="-121.60826">
         <ele>1220</ele>
      </rtept>
      <rtept lat="48.776065" lon="-121.608124">
         <ele>1220</ele>
      </rtept>
      <rtept lat="48.776014" lon="-121.607984">
         <ele>1220</ele>
      </rtept>
      <rtept lat="48.775909" lon="-121.608018">
         <ele>1210</ele>
      </rtept>
      <rtept lat="48.775821" lon="-121.608047">
         <ele>1210</ele>
      </rtept>
      <rtept lat="48.775721" lon="-121.60796">
         <ele>1210</ele>
      </rtept>
      <rtept lat="48.775625" lon="-121.607935">
         <ele>1210</ele>
      </rtept>
      <rtept lat="48.77553" lon="-121.607956">
         <ele>1200</ele>
      </rtept>
      <rtept lat="48.775454" lon="-121.607845">
         <ele>1200</ele>
      </rtept>
      <rtept lat="48.775374" lon="-121.607743">
         <ele>1200</ele>
      </rtept>
      <rtept lat="48.775267" lon="-121.607724">
         <ele>1200</ele>
      </rtept>
      <rtept lat="48.775177" lon="-121.607683">
         <ele>1190</ele>
      </rtept>
      <rtept lat="48.775102" lon="-121.607578">
         <ele>1190</ele>
      </rtept>
      <rtept lat="48.775003" lon="-121.607593">
         <ele>1190</ele>
      </rtept>
      <rtept lat="48.774913" lon="-121.607605">
         <ele>1190</ele>
      </rtept>
      <rtept lat="48.774821" lon="-121.607616">
         <ele>1190</ele>
      </rtept>
      <rtept lat="48.774731" lon="-121.607594">
         <ele>1190</ele>
      </rtept>
      <rtept lat="48.774631" lon="-121.607554">
         <ele>1190</ele>
      </rtept>
      <rtept lat="48.774552" lon="-121.607433">
         <ele>1190</ele>
      </rtept>
      <rtept lat="48.774452" lon="-121.607445">
         <ele>1180</ele>
      </rtept>
      <rtept lat="48.774357" lon="-121.607445">
         <ele>1180</ele>
      </rtept>
      <rtept lat="48.77427" lon="-121.607377">
         <ele>1180</ele>
      </rtept>
      <rtept lat="48.774195" lon="-121.607295">
         <ele>1180</ele>
      </rtept>
      <rtept lat="48.774103" lon="-121.607341">
         <ele>1180</ele>
      </rtept>
      <rtept lat="48.774004" lon="-121.607365">
         <ele>1170</ele>
      </rtept>
      <rtept lat="48.773912" lon="-121.607333">
         <ele>1170</ele>
      </rtept>
      <rtept lat="48.773886" lon="-121.607312">
         <ele>1170</ele>
      </rtept>
      <rtept lat="48.77387" lon="-121.607293">
         <ele>1170</ele>
      </rtept>
      <rtept lat="48.773856" lon="-121.607328">
         <ele>1170</ele>
      </rtept>
      <rtept lat="48.77377" lon="-121.607379">
         <ele>1170</ele>
      </rtept>
      <rtept lat="48.773736" lon="-121.607386">
         <ele>1170</ele>
      </rtept>
      <rtept lat="48.773708" lon="-121.60741">
         <ele>1160</ele>
      </rtept>
      <rtept lat="48.773676" lon="-121.60743">
         <ele>1160</ele>
      </rtept>
      <rtept lat="48.77365" lon="-121.607446">
         <ele>1160</ele>
      </rtept>
      <rtept lat="48.773582" lon="-121.607464">
         <ele>1160</ele>
      </rtept>
      <rtept lat="48.773571" lon="-121.60744">
         <ele>1160</ele>
      </rtept>
      <rtept lat="48.773554" lon="-121.607419">
         <ele>1160</ele>
      </rtept>
      <rtept lat="48.773458" lon="-121.607367">
         <ele>1160</ele>
      </rtept>
      <rtept lat="48.773345" lon="-121.607349">
         <ele>1150</ele>
      </rtept>
      <rtept lat="48.773242" lon="-121.607311">
         <ele>1150</ele>
      </rtept>
      <rtept lat="48.773154" lon="-121.60723">
         <ele>1150</ele>
      </rtept>
      <rtept lat="48.773079" lon="-121.607154">
         <ele>1140</ele>
      </rtept>
      <rtept lat="48.773057" lon="-121.6071">
         <ele>1140</ele>
      </rtept>
      <rtept lat="48.773056" lon="-121.60707">
         <ele>1140</ele>
      </rtept>
      <rtept lat="48.77301" lon="-121.606933">
         <ele>1140</ele>
      </rtept>
      <rtept lat="48.772999" lon="-121.606797">
         <ele>1140</ele>
      </rtept>
      <rtept lat="48.773035" lon="-121.606703">
         <ele>1140</ele>
      </rtept>
      <rtept lat="48.773051" lon="-121.606669">
         <ele>1140</ele>
      </rtept>
      <rtept lat="48.77308" lon="-121.60664">
         <ele>1140</ele>
      </rtept>
      <rtept lat="48.773109" lon="-121.606616">
         <ele>1140</ele>
      </rtept>
      <rtept lat="48.773122" lon="-121.606569">
         <ele>1140</ele>
      </rtept>
      <rtept lat="48.773115" lon="-121.606522">
         <ele>1140</ele>
      </rtept>
      <rtept lat="48.773126" lon="-121.606482">
         <ele>1130</ele>
      </rtept>
      <rtept lat="48.773146" lon="-121.606447">
         <ele>1130</ele>
      </rtept>
      <rtept lat="48.773165" lon="-121.606396">
         <ele>1130</ele>
      </rtept>
      <rtept lat="48.773186" lon="-121.606341">
         <ele>1130</ele>
      </rtept>
      <rtept lat="48.773243" lon="-121.606193">
         <ele>1130</ele>
      </rtept>
      <rtept lat="48.773267" lon="-121.606043">
         <ele>1130</ele>
      </rtept>
      <rtept lat="48.77333" lon="-121.605915">
         <ele>1130</ele>
      </rtept>
      <rtept lat="48.773398" lon="-121.605765">
         <ele>1130</ele>
      </rtept>
      <rtept lat="48.773499" lon="-121.605617">
         <ele>1130</ele>
      </rtept>
      <rtept lat="48.773577" lon="-121.605468">
         <ele>1120</ele>
      </rtept>
      <rtept lat="48.77364" lon="-121.605334">
         <ele>1120</ele>
      </rtept>
      <rtept lat="48.773701" lon="-121.605194">
         <ele>1120</ele>
      </rtept>
      <rtept lat="48.773779" lon="-121.605109">
         <ele>1120</ele>
      </rtept>
      <rtept lat="48.773831" lon="-121.604994">
         <ele>1110</ele>
      </rtept>
      <rtept lat="48.773913" lon="-121.604887">
         <ele>1110</ele>
      </rtept>
      <rtept lat="48.773992" lon="-121.60479">
         <ele>1110</ele>
      </rtept>
      <rtept lat="48.774076" lon="-121.604708">
         <ele>1100</ele>
      </rtept>
      <rtept lat="48.774174" lon="-121.604635">
         <ele>1100</ele>
      </rtept>
      <rtept lat="48.774256" lon="-121.60457">
         <ele>1100</ele>
      </rtept>
      <rtept lat="48.774211" lon="-121.604441">
         <ele>1100</ele>
      </rtept>
      <rtept lat="48.774107" lon="-121.604379">
         <ele>1100</ele>
      </rtept>
      <rtept lat="48.774014" lon="-121.604317">
         <ele>1090</ele>
      </rtept>
      <rtept lat="48.773912" lon="-121.604238">
         <ele>1090</ele>
      </rtept>
      <rtept lat="48.7738" lon="-121.604226">
         <ele>1090</ele>
      </rtept>
      <rtept lat="48.7737" lon="-121.604213">
         <ele>1090</ele>
      </rtept>
      <rtept lat="48.773604" lon="-121.604224">
         <ele>1090</ele>
      </rtept>
      <rtept lat="48.773493" lon="-121.604195">
         <ele>1080</ele>
      </rtept>
      <rtept lat="48.773546" lon="-121.604046">
         <ele>1080</ele>
      </rtept>
      <rtept lat="48.773638" lon="-121.603954">
         <ele>1080</ele>
      </rtept>
      <rtept lat="48.773712" lon="-121.60381">
         <ele>1070</ele>
      </rtept>
      <rtept lat="48.773804" lon="-121.603736">
         <ele>1070</ele>
      </rtept>
      <rtept lat="48.773914" lon="-121.603665">
         <ele>1070</ele>
      </rtept>
      <rtept lat="48.774009" lon="-121.603596">
         <ele>1070</ele>
      </rtept>
      <rtept lat="48.773906" lon="-121.603577">
         <ele>1070</ele>
      </rtept>
      <rtept lat="48.773837" lon="-121.603484">
         <ele>1060</ele>
      </rtept>
      <rtept lat="48.77373" lon="-121.603399">
         <ele>1060</ele>
      </rtept>
      <rtept lat="48.773637" lon="-121.603397">
         <ele>1060</ele>
      </rtept>
      <rtept lat="48.773524" lon="-121.603391">
         <ele>1060</ele>
      </rtept>
      <rtept lat="48.773431" lon="-121.603385">
         <ele>1060</ele>
      </rtept>
      <rtept lat="48.773476" lon="-121.603261">
         <ele>1050</ele>
      </rtept>
      <rtept lat="48.773591" lon="-121.603235">
         <ele>1050</ele>
      </rtept>
      <rtept lat="48.773718" lon="-121.603201">
         <ele>1050</ele>
      </rtept>
      <rtept lat="48.773803" lon="-121.60315">
         <ele>1050</ele>
      </rtept>
      <rtept lat="48.773892" lon="-121.60311">
         <ele>1050</ele>
      </rtept>
      <rtept lat="48.77379" lon="-121.603057">
         <ele>1050</ele>
      </rtept>
      <rtept lat="48.773706" lon="-121.602992">
         <ele>1050</ele>
      </rtept>
      <rtept lat="48.773613" lon="-121.602989">
         <ele>1040</ele>
      </rtept>
      <rtept lat="48.773515" lon="-121.602969">
         <ele>1040</ele>
      </rtept>
      <rtept lat="48.773419" lon="-121.602963">
         <ele>1040</ele>
      </rtept>
      <rtept lat="48.773322" lon="-121.602986">
         <ele>1040</ele>
      </rtept>
      <rtept lat="48.773215" lon="-121.603021">
         <ele>1040</ele>
      </rtept>
      <rtept lat="48.773096" lon="-121.603037">
         <ele>1040</ele>
      </rtept>
      <rtept lat="48.772984" lon="-121.603049">
         <ele>1030</ele>
      </rtept>
      <rtept lat="48.772876" lon="-121.603045">
         <ele>1030</ele>
      </rtept>
      <rtept lat="48.772782" lon="-121.603058">
         <ele>1030</ele>
      </rtept>
      <rtept lat="48.772682" lon="-121.603114">
         <ele>1030</ele>
      </rtept>
      <rtept lat="48.772584" lon="-121.603152">
         <ele>1030</ele>
      </rtept>
      <rtept lat="48.77247" lon="-121.603114">
         <ele>1030</ele>
      </rtept>
      <rtept lat="48.772381" lon="-121.603052">
         <ele>1030</ele>
      </rtept>
      <rtept lat="48.772292" lon="-121.602986">
         <ele>1030</ele>
      </rtept>
      <rtept lat="48.772191" lon="-121.602926">
         <ele>1020</ele>
      </rtept>
      <rtept lat="48.772092" lon="-121.602899">
         <ele>1020</ele>
      </rtept>
      <rtept lat="48.771969" lon="-121.602902">
         <ele>1020</ele>
      </rtept>
      <rtept lat="48.771858" lon="-121.602928">
         <ele>1020</ele>
      </rtept>
      <rtept lat="48.771759" lon="-121.602968">
         <ele>1020</ele>
      </rtept>
      <rtept lat="48.771668" lon="-121.603026">
         <ele>1020</ele>
      </rtept>
      <rtept lat="48.771543" lon="-121.603072">
         <ele>1010</ele>
      </rtept>
      <rtept lat="48.771448" lon="-121.60314">
         <ele>1010</ele>
      </rtept>
      <rtept lat="48.771323" lon="-121.603182">
         <ele>1010</ele>
      </rtept>
      <rtept lat="48.771271" lon="-121.603031">
         <ele>1000</ele>
      </rtept>
      <rtept lat="48.771305" lon="-121.602867">
         <ele>1000</ele>
      </rtept>
      <rtept lat="48.771363" lon="-121.602724">
         <ele>1000</ele>
      </rtept>
      <rtept lat="48.77142" lon="-121.602619">
         <ele>1000</ele>
      </rtept>
      <rtept lat="48.771496" lon="-121.602515">
         <ele>990</ele>
      </rtept>
      <rtept lat="48.771562" lon="-121.602403">
         <ele>990</ele>
      </rtept>
      <rtept lat="48.77165" lon="-121.602289">
         <ele>990</ele>
      </rtept>
      <rtept lat="48.771711" lon="-121.602169">
         <ele>990</ele>
      </rtept>
      <rtept lat="48.771797" lon="-121.602061">
         <ele>990</ele>
      </rtept>
      <rtept lat="48.771883" lon="-121.601999">
         <ele>990</ele>
      </rtept>
      <rtept lat="48.771997" lon="-121.601979">
         <ele>990</ele>
      </rtept>
      <rtept lat="48.772124" lon="-121.601961">
         <ele>990</ele>
      </rtept>
      <rtept lat="48.772241" lon="-121.60203">
         <ele>990</ele>
      </rtept>
      <rtept lat="48.772352" lon="-121.602035">
         <ele>990</ele>
      </rtept>
      <rtept lat="48.772435" lon="-121.60198">
         <ele>990</ele>
      </rtept>
      <rtept lat="48.772527" lon="-121.601894">
         <ele>990</ele>
      </rtept>
      <rtept lat="48.772593" lon="-121.601795">
         <ele>980</ele>
      </rtept>
      <rtept lat="48.772649" lon="-121.601671">
         <ele>980</ele>
      </rtept>
      <rtept lat="48.772702" lon="-121.601526">
         <ele>980</ele>
      </rtept>
      <rtept lat="48.772759" lon="-121.601367">
         <ele>980</ele>
      </rtept>
      <rtept lat="48.772829" lon="-121.601237">
         <ele>970</ele>
      </rtept>
      <rtept lat="48.772907" lon="-121.601145">
         <ele>970</ele>
      </rtept>
      <rtept lat="48.772997" lon="-121.601086">
         <ele>970</ele>
      </rtept>
      <rtept lat="48.773092" lon="-121.601049">
         <ele>970</ele>
      </rtept>
      <rtept lat="48.773194" lon="-121.601015">
         <ele>970</ele>
      </rtept>
      <rtept lat="48.773299" lon="-121.60098">
         <ele>970</ele>
      </rtept>
      <rtept lat="48.773408" lon="-121.600924">
         <ele>960</ele>
      </rtept>
      <rtept lat="48.773516" lon="-121.600874">
         <ele>960</ele>
      </rtept>
      <rtept lat="48.773612" lon="-121.600858">
         <ele>960</ele>
      </rtept>
      <rtept lat="48.773717" lon="-121.600776">
         <ele>960</ele>
      </rtept>
      <rtept lat="48.773788" lon="-121.600666">
         <ele>960</ele>
      </rtept>
      <rtept lat="48.773837" lon="-121.600533">
         <ele>950</ele>
      </rtept>
      <rtept lat="48.773913" lon="-121.600459">
         <ele>950</ele>
      </rtept>
      <rtept lat="48.774" lon="-121.600332">
         <ele>950</ele>
      </rtept>
      <rtept lat="48.774092" lon="-121.600285">
         <ele>940</ele>
      </rtept>
      <rtept lat="48.774177" lon="-121.600234">
         <ele>940</ele>
      </rtept>
      <rtept lat="48.774253" lon="-121.600156">
         <ele>940</ele>
      </rtept>
      <rtept lat="48.774312" lon="-121.600044">
         <ele>940</ele>
      </rtept>
      <rtept lat="48.77426" lon="-121.599911">
         <ele>930</ele>
      </rtept>
      <rtept lat="48.774157" lon="-121.599837">
         <ele>930</ele>
      </rtept>
      <rtept lat="48.774054" lon="-121.599759">
         <ele>930</ele>
      </rtept>
      <rtept lat="48.773958" lon="-121.59984">
         <ele>930</ele>
      </rtept>
      <rtept lat="48.773882" lon="-121.599915">
         <ele>930</ele>
      </rtept>
      <rtept lat="48.773798" lon="-121.599972">
         <ele>930</ele>
      </rtept>
      <rtept lat="48.773711" lon="-121.600054">
         <ele>930</ele>
      </rtept>
      <rtept lat="48.773623" lon="-121.60014">
         <ele>930</ele>
      </rtept>
      <rtept lat="48.773529" lon="-121.60022">
         <ele>940</ele>
      </rtept>
      <rtept lat="48.773425" lon="-121.600233">
         <ele>940</ele>
      </rtept>
      <rtept lat="48.773327" lon="-121.60021">
         <ele>930</ele>
      </rtept>
      <rtept lat="48.773226" lon="-121.600155">
         <ele>930</ele>
      </rtept>
      <rtept lat="48.773124" lon="-121.600135">
         <ele>930</ele>
      </rtept>
      <rtept lat="48.773021" lon="-121.600052">
         <ele>930</ele>
      </rtept>
      <rtept lat="48.772913" lon="-121.600016">
         <ele>930</ele>
      </rtept>
      <rtept lat="48.772816" lon="-121.599967">
         <ele>930</ele>
      </rtept>
      <rtept lat="48.772704" lon="-121.599985">
         <ele>930</ele>
      </rtept>
      <rtept lat="48.772586" lon="-121.599959">
         <ele>920</ele>
      </rtept>
      <rtept lat="48.772481" lon="-121.599938">
         <ele>920</ele>
      </rtept>
      <rtept lat="48.772388" lon="-121.599958">
         <ele>920</ele>
      </rtept>
      <rtept lat="48.77227" lon="-121.599962">
         <ele>920</ele>
      </rtept>
      <rtept lat="48.772178" lon="-121.599957">
         <ele>920</ele>
      </rtept>
      <rtept lat="48.772063" lon="-121.59997">
         <ele>920</ele>
      </rtept>
      <rtept lat="48.771956" lon="-121.600006">
         <ele>920</ele>
      </rtept>
      <rtept lat="48.771847" lon="-121.600031">
         <ele>920</ele>
      </rtept>
      <rtept lat="48.771744" lon="-121.600091">
         <ele>920</ele>
      </rtept>
      <rtept lat="48.771636" lon="-121.600097">
         <ele>910</ele>
      </rtept>
      <rtept lat="48.771543" lon="-121.60016">
         <ele>910</ele>
      </rtept>
      <rtept lat="48.771449" lon="-121.600197">
         <ele>910</ele>
      </rtept>
      <rtept lat="48.771351" lon="-121.600225">
         <ele>900</ele>
      </rtept>
      <rtept lat="48.771233" lon="-121.600262">
         <ele>900</ele>
      </rtept>
      <rtept lat="48.771108" lon="-121.600283">
         <ele>900</ele>
      </rtept>
      <rtept lat="48.770993" lon="-121.600287">
         <ele>900</ele>
      </rtept>
      <rtept lat="48.770888" lon="-121.600304">
         <ele>900</ele>
      </rtept>
      <rtept lat="48.770789" lon="-121.600385">
         <ele>900</ele>
      </rtept>
      <rtept lat="48.770696" lon="-121.600485">
         <ele>910</ele>
      </rtept>
      <rtept lat="48.770578" lon="-121.600527">
         <ele>900</ele>
      </rtept>
      <rtept lat="48.770468" lon="-121.600612">
         <ele>900</ele>
      </rtept>
      <rtept lat="48.770356" lon="-121.600664">
         <ele>900</ele>
      </rtept>
      <rtept lat="48.77024" lon="-121.600709">
         <ele>900</ele>
      </rtept>
      <rtept lat="48.770146" lon="-121.600771">
         <ele>900</ele>
      </rtept>
      <rtept lat="48.770053" lon="-121.600853">
         <ele>900</ele>
      </rtept>
      <rtept lat="48.76995" lon="-121.60092">
         <ele>900</ele>
      </rtept>
      <rtept lat="48.769837" lon="-121.600964">
         <ele>890</ele>
      </rtept>
      <rtept lat="48.769737" lon="-121.601032">
         <ele>890</ele>
      </rtept>
      <rtept lat="48.769634" lon="-121.601104">
         <ele>890</ele>
      </rtept>
      <rtept lat="48.769548" lon="-121.601162">
         <ele>890</ele>
      </rtept>
      <rtept lat="48.76945" lon="-121.601219">
         <ele>890</ele>
      </rtept>
      <rtept lat="48.769339" lon="-121.601333">
         <ele>890</ele>
      </rtept>
      <rtept lat="48.769255" lon="-121.601399">
         <ele>890</ele>
      </rtept>
      <rtept lat="48.769193" lon="-121.601542">
         <ele>900</ele>
      </rtept>
      <rtept lat="48.769139" lon="-121.601721">
         <ele>900</ele>
      </rtept>
      <rtept lat="48.769088" lon="-121.601833">
         <ele>890</ele>
      </rtept>
      <rtept lat="48.769091" lon="-121.601991">
         <ele>890</ele>
      </rtept>
      <rtept lat="48.769107" lon="-121.602169">
         <ele>890</ele>
      </rtept>
      <rtept lat="48.769137" lon="-121.602323">
         <ele>880</ele>
      </rtept>
      <rtept lat="48.769223" lon="-121.602473">
         <ele>880</ele>
      </rtept>
      <rtept lat="48.769294" lon="-121.602627">
         <ele>880</ele>
      </rtept>
      <rtept lat="48.769359" lon="-121.602732">
         <ele>880</ele>
      </rtept>
      <rtept lat="48.769345" lon="-121.602874">
         <ele>880</ele>
      </rtept>
      <rtept lat="48.769343" lon="-121.603052">
         <ele>880</ele>
      </rtept>
      <rtept lat="48.76933" lon="-121.603206">
         <ele>880</ele>
      </rtept>
      <rtept lat="48.769316" lon="-121.603371">
         <ele>870</ele>
      </rtept>
      <rtept lat="48.769261" lon="-121.603521">
         <ele>880</ele>
      </rtept>
      <rtept lat="48.769193" lon="-121.603629">
         <ele>880</ele>
      </rtept>
      <rtept lat="48.769112" lon="-121.603745">
         <ele>880</ele>
      </rtept>
      <rtept lat="48.769021" lon="-121.603806">
         <ele>880</ele>
      </rtept>
      <rtept lat="48.768924" lon="-121.603863">
         <ele>870</ele>
      </rtept>
      <rtept lat="48.768814" lon="-121.603921">
         <ele>870</ele>
      </rtept>
      <rtept lat="48.768719" lon="-121.604029">
         <ele>870</ele>
      </rtept>
      <rtept lat="48.768662" lon="-121.604151">
         <ele>870</ele>
      </rtept>
      <rtept lat="48.768562" lon="-121.604293">
         <ele>870</ele>
      </rtept>
      <rtept lat="48.768458" lon="-121.60442">
         <ele>870</ele>
      </rtept>
      <rtept lat="48.76834" lon="-121.604484">
         <ele>860</ele>
      </rtept>
      <rtept lat="48.768247" lon="-121.604501">
         <ele>860</ele>
      </rtept>
      <rtept lat="48.768149" lon="-121.604505">
         <ele>860</ele>
      </rtept>
      <rtept lat="48.768038" lon="-121.604557">
         <ele>860</ele>
      </rtept>
      <rtept lat="48.767934" lon="-121.604643">
         <ele>860</ele>
      </rtept>
      <rtept lat="48.767898" lon="-121.604803">
         <ele>860</ele>
      </rtept>
      <rtept lat="48.767862" lon="-121.604941">
         <ele>860</ele>
      </rtept>
      <rtept lat="48.767835" lon="-121.605089">
         <ele>860</ele>
      </rtept>
      <rtept lat="48.767815" lon="-121.605273">
         <ele>860</ele>
      </rtept>
      <rtept lat="48.767798" lon="-121.605458">
         <ele>860</ele>
      </rtept>
      <rtept lat="48.76778" lon="-121.605668">
         <ele>860</ele>
      </rtept>
      <rtept lat="48.767782" lon="-121.605851">
         <ele>860</ele>
      </rtept>
      <rtept lat="48.767783" lon="-121.606046">
         <ele>860</ele>
      </rtept>
      <rtept lat="48.767767" lon="-121.606194">
         <ele>860</ele>
      </rtept>
      <rtept lat="48.767753" lon="-121.606341">
         <ele>850</ele>
      </rtept>
      <rtept lat="48.767747" lon="-121.60648">
         <ele>850</ele>
      </rtept>
      <rtept lat="48.767765" lon="-121.606648">
         <ele>850</ele>
      </rtept>
      <rtept lat="48.767778" lon="-121.606802">
         <ele>850</ele>
      </rtept>
      <rtept lat="48.767775" lon="-121.606991">
         <ele>840</ele>
      </rtept>
      <rtept lat="48.767741" lon="-121.607192">
         <ele>840</ele>
      </rtept>
      <rtept lat="48.767741" lon="-121.607389">
         <ele>830</ele>
      </rtept>
      <rtept lat="48.767754" lon="-121.607525">
         <ele>830</ele>
      </rtept>
      <rtept lat="48.767747" lon="-121.607721">
         <ele>830</ele>
      </rtept>
      <rtept lat="48.767751" lon="-121.60787">
         <ele>830</ele>
      </rtept>
      <rtept lat="48.767763" lon="-121.608061">
         <ele>830</ele>
      </rtept>
      <rtept lat="48.767756" lon="-121.608203">
         <ele>830</ele>
      </rtept>
      <rtept lat="48.767756" lon="-121.608403">
         <ele>830</ele>
      </rtept>
      <rtept lat="48.767757" lon="-121.608578">
         <ele>830</ele>
      </rtept>
      <rtept lat="48.767761" lon="-121.608727">
         <ele>830</ele>
      </rtept>
      <rtept lat="48.767762" lon="-121.608878">
         <ele>830</ele>
      </rtept>
      <rtept lat="48.767757" lon="-121.609023">
         <ele>830</ele>
      </rtept>
      <rtept lat="48.767751" lon="-121.609207">
         <ele>830</ele>
      </rtept>
      <rtept lat="48.767749" lon="-121.609387">
         <ele>830</ele>
      </rtept>
      <rtept lat="48.76774" lon="-121.60955">
         <ele>830</ele>
      </rtept>
      <rtept lat="48.767731" lon="-121.60973">
         <ele>820</ele>
      </rtept>
      <rtept lat="48.767739" lon="-121.609905">
         <ele>820</ele>
      </rtept>
      <rtept lat="48.767751" lon="-121.610064">
         <ele>820</ele>
      </rtept>
      <rtept lat="48.767726" lon="-121.61024">
         <ele>820</ele>
      </rtept>
      <rtept lat="48.767702" lon="-121.610433">
         <ele>820</ele>
      </rtept>
      <rtept lat="48.767692" lon="-121.610608">
         <ele>810</ele>
      </rtept>
      <rtept lat="48.767702" lon="-121.610749">
         <ele>810</ele>
      </rtept>
      <rtept lat="48.767707" lon="-121.610941">
         <ele>810</ele>
      </rtept>
      <rtept lat="48.767656" lon="-121.611081">
         <ele>810</ele>
      </rtept>
      <rtept lat="48.76759" lon="-121.611204">
         <ele>810</ele>
      </rtept>
      <rtept lat="48.767541" lon="-121.611319">
         <ele>810</ele>
      </rtept>
      <rtept lat="48.767501" lon="-121.61145">
         <ele>810</ele>
      </rtept>
      <rtept lat="48.767474" lon="-121.611603">
         <ele>810</ele>
      </rtept>
      <rtept lat="48.767454" lon="-121.611741">
         <ele>810</ele>
      </rtept>
      <rtept lat="48.767433" lon="-121.611898">
         <ele>810</ele>
      </rtept>
      <rtept lat="48.767437" lon="-121.612111">
         <ele>810</ele>
      </rtept>
      <rtept lat="48.767437" lon="-121.612279">
         <ele>800</ele>
      </rtept>
      <rtept lat="48.767441" lon="-121.612421">
         <ele>800</ele>
      </rtept>
      <rtept lat="48.767464" lon="-121.612563">
         <ele>800</ele>
      </rtept>
      <rtept lat="48.76751" lon="-121.612748">
         <ele>800</ele>
      </rtept>
      <rtept lat="48.767566" lon="-121.612891">
         <ele>800</ele>
      </rtept>
      <rtept lat="48.767658" lon="-121.613019">
         <ele>800</ele>
      </rtept>
      <rtept lat="48.767735" lon="-121.613159">
         <ele>800</ele>
      </rtept>
      <rtept lat="48.767837" lon="-121.613263">
         <ele>800</ele>
      </rtept>
      <rtept lat="48.767916" lon="-121.613374">
         <ele>790</ele>
      </rtept>
      <rtept lat="48.768007" lon="-121.613468">
         <ele>790</ele>
      </rtept>
      <rtept lat="48.7681" lon="-121.613556">
         <ele>790</ele>
      </rtept>
      <rtept lat="48.768184" lon="-121.61362">
         <ele>790</ele>
      </rtept>
      <rtept lat="48.768292" lon="-121.613714">
         <ele>790</ele>
      </rtept>
      <rtept lat="48.768388" lon="-121.613838">
         <ele>790</ele>
      </rtept>
      <rtept lat="48.768468" lon="-121.613954">
         <ele>790</ele>
      </rtept>
      <rtept lat="48.768542" lon="-121.614041">
         <ele>790</ele>
      </rtept>
      <rtept lat="48.768624" lon="-121.614172">
         <ele>790</ele>
      </rtept>
      <rtept lat="48.768682" lon="-121.614305">
         <ele>780</ele>
      </rtept>
      <rtept lat="48.768763" lon="-121.614437">
         <ele>780</ele>
      </rtept>
      <rtept lat="48.768814" lon="-121.61457">
         <ele>780</ele>
      </rtept>
      <rtept lat="48.768878" lon="-121.614711">
         <ele>780</ele>
      </rtept>
      <rtept lat="48.768958" lon="-121.614846">
         <ele>770</ele>
      </rtept>
      <rtept lat="48.769021" lon="-121.614994">
         <ele>770</ele>
      </rtept>
      <rtept lat="48.769078" lon="-121.615144">
         <ele>770</ele>
      </rtept>
      <rtept lat="48.769158" lon="-121.615244">
         <ele>770</ele>
      </rtept>
      <rtept lat="48.769262" lon="-121.615353">
         <ele>770</ele>
      </rtept>
      <rtept lat="48.769359" lon="-121.615441">
         <ele>770</ele>
      </rtept>
      <rtept lat="48.769448" lon="-121.61553">
         <ele>770</ele>
      </rtept>
      <rtept lat="48.769516" lon="-121.61571">
         <ele>770</ele>
      </rtept>
      <rtept lat="48.769578" lon="-121.615863">
         <ele>770</ele>
      </rtept>
      <rtept lat="48.769623" lon="-121.616026">
         <ele>770</ele>
      </rtept>
      <rtept lat="48.769634" lon="-121.616186">
         <ele>770</ele>
      </rtept>
      <rtept lat="48.769633" lon="-121.616345">
         <ele>770</ele>
      </rtept>
      <rtept lat="48.769622" lon="-121.616537">
         <ele>770</ele>
      </rtept>
      <rtept lat="48.769582" lon="-121.616695">
         <ele>770</ele>
      </rtept>
      <rtept lat="48.769636" lon="-121.616851">
         <ele>770</ele>
      </rtept>
      <rtept lat="48.769618" lon="-121.616994">
         <ele>770</ele>
      </rtept>
      <rtept lat="48.769569" lon="-121.617128">
         <ele>770</ele>
      </rtept>
      <rtept lat="48.76955" lon="-121.617267">
         <ele>770</ele>
      </rtept>
      <rtept lat="48.769496" lon="-121.617379">
         <ele>770</ele>
      </rtept>
      <rtept lat="48.769454" lon="-121.617545">
         <ele>770</ele>
      </rtept>
      <rtept lat="48.769413" lon="-121.617705">
         <ele>770</ele>
      </rtept>
      <rtept lat="48.769376" lon="-121.617834">
         <ele>770</ele>
      </rtept>
      <rtept lat="48.76934" lon="-121.617991">
         <ele>770</ele>
      </rtept>
      <rtept lat="48.769238" lon="-121.618098">
         <ele>770</ele>
      </rtept>
      <rtept lat="48.769154" lon="-121.618188">
         <ele>770</ele>
      </rtept>
      <rtept lat="48.76907" lon="-121.618288">
         <ele>770</ele>
      </rtept>
      <rtept lat="48.768975" lon="-121.6183">
         <ele>770</ele>
      </rtept>
      <rtept lat="48.768912" lon="-121.618311">
         <ele>770</ele>
      </rtept>
      <rtept lat="48.768819" lon="-121.618297">
         <ele>770</ele>
      </rtept>
      <rtept lat="48.7687" lon="-121.618299">
         <ele>770</ele>
      </rtept>
      <rtept lat="48.768595" lon="-121.618323">
         <ele>770</ele>
      </rtept>
      <rtept lat="48.768483" lon="-121.618302">
         <ele>770</ele>
      </rtept>
      <rtept lat="48.768397" lon="-121.618242">
         <ele>770</ele>
      </rtept>
      <rtept lat="48.768322" lon="-121.618144">
         <ele>770</ele>
      </rtept>
      <rtept lat="48.768213" lon="-121.61807">
         <ele>770</ele>
      </rtept>
      <rtept lat="48.768115" lon="-121.618022">
         <ele>770</ele>
      </rtept>
      <rtept lat="48.768006" lon="-121.61797">
         <ele>770</ele>
      </rtept>
      <rtept lat="48.767906" lon="-121.617941">
         <ele>770</ele>
      </rtept>
      <rtept lat="48.767805" lon="-121.617911">
         <ele>770</ele>
      </rtept>
      <rtept lat="48.767697" lon="-121.617901">
         <ele>770</ele>
      </rtept>
      <rtept lat="48.767604" lon="-121.617901">
         <ele>770</ele>
      </rtept>
      <rtept lat="48.767507" lon="-121.617944">
         <ele>770</ele>
      </rtept>
      <rtept lat="48.767407" lon="-121.617979">
         <ele>770</ele>
      </rtept>
      <rtept lat="48.767388" lon="-121.617986">
         <ele>770</ele>
      </rtept>
   </rte>
</gpx>