<?xml version="1.0" encoding="UTF-8"?>
<gpx version="1.1" creator="mountaineer-repo (from CalTopo D6BDE30)" xmlns="http://www.topografix.com/GPX/1/1">
<trk><name>Little Tahoma - Fryingpan/Whitman Glaciers (climb)</name><trkseg>
<trkpt lat="46.888201" lon="-121.610780"><ele>1167.0</ele></trkpt>
<trkpt lat="46.888185" lon="-121.610799"><ele>1172.0</ele></trkpt>
<trkpt lat="46.888184" lon="-121.610780"><ele>1173.0</ele></trkpt>
<trkpt lat="46.888148" lon="-121.610804"><ele>1169.0</ele></trkpt>
<trkpt lat="46.888114" lon="-121.610903"><ele>1165.0</ele></trkpt>
<trkpt lat="46.888085" lon="-121.610932"><ele>1167.0</ele></trkpt>
<trkpt lat="46.888025" lon="-121.610956"><ele>1167.0</ele></trkpt>
<trkpt lat="46.887939" lon="-121.611013"><ele>1167.0</ele></trkpt>
<trkpt lat="46.887886" lon="-121.611106"><ele>1170.0</ele></trkpt>
<trkpt lat="46.887836" lon="-121.611145"><ele>1170.0</ele></trkpt>
<trkpt lat="46.887811" lon="-121.611205"><ele>1170.0</ele></trkpt>
<trkpt lat="46.887805" lon="-121.611270"><ele>1170.0</ele></trkpt>
<trkpt lat="46.887753" lon="-121.611358"><ele>1171.0</ele></trkpt>
<trkpt lat="46.887728" lon="-121.611450"><ele>1175.0</ele></trkpt>
<trkpt lat="46.887617" lon="-121.611674"><ele>1178.0</ele></trkpt>
<trkpt lat="46.887513" lon="-121.611806"><ele>1178.0</ele></trkpt>
<trkpt lat="46.887402" lon="-121.611920"><ele>1179.0</ele></trkpt>
<trkpt lat="46.887325" lon="-121.612036"><ele>1183.0</ele></trkpt>
<trkpt lat="46.887267" lon="-121.612081"><ele>1186.0</ele></trkpt>
<trkpt lat="46.887206" lon="-121.612104"><ele>1185.0</ele></trkpt>
<trkpt lat="46.886992" lon="-121.612256"><ele>1188.0</ele></trkpt>
<trkpt lat="46.886916" lon="-121.612281"><ele>1190.0</ele></trkpt>
<trkpt lat="46.886855" lon="-121.612273"><ele>1192.0</ele></trkpt>
<trkpt lat="46.886792" lon="-121.612288"><ele>1193.0</ele></trkpt>
<trkpt lat="46.886741" lon="-121.612333"><ele>1196.0</ele></trkpt>
<trkpt lat="46.886671" lon="-121.612372"><ele>1190.0</ele></trkpt>
<trkpt lat="46.886640" lon="-121.612415"><ele>1192.0</ele></trkpt>
<trkpt lat="46.886549" lon="-121.612418"><ele>1188.0</ele></trkpt>
<trkpt lat="46.886491" lon="-121.612464"><ele>1192.0</ele></trkpt>
<trkpt lat="46.886450" lon="-121.612518"><ele>1192.0</ele></trkpt>
<trkpt lat="46.886418" lon="-121.612539"><ele>1191.0</ele></trkpt>
<trkpt lat="46.886383" lon="-121.612547"><ele>1192.0</ele></trkpt>
<trkpt lat="46.886303" lon="-121.612600"><ele>1191.0</ele></trkpt>
<trkpt lat="46.886262" lon="-121.612615"><ele>1192.0</ele></trkpt>
<trkpt lat="46.886195" lon="-121.612615"><ele>1191.0</ele></trkpt>
<trkpt lat="46.886096" lon="-121.612642"><ele>1194.0</ele></trkpt>
<trkpt lat="46.886055" lon="-121.612633"><ele>1194.0</ele></trkpt>
<trkpt lat="46.886006" lon="-121.612643"><ele>1194.0</ele></trkpt>
<trkpt lat="46.885893" lon="-121.612741"><ele>1191.0</ele></trkpt>
<trkpt lat="46.885732" lon="-121.612791"><ele>1192.0</ele></trkpt>
<trkpt lat="46.885655" lon="-121.612869"><ele>1192.0</ele></trkpt>
<trkpt lat="46.885565" lon="-121.612932"><ele>1192.0</ele></trkpt>
<trkpt lat="46.885539" lon="-121.612984"><ele>1190.0</ele></trkpt>
<trkpt lat="46.885512" lon="-121.613009"><ele>1191.0</ele></trkpt>
<trkpt lat="46.885425" lon="-121.613061"><ele>1192.0</ele></trkpt>
<trkpt lat="46.885238" lon="-121.613073"><ele>1192.0</ele></trkpt>
<trkpt lat="46.885165" lon="-121.613103"><ele>1192.0</ele></trkpt>
<trkpt lat="46.885106" lon="-121.613149"><ele>1189.0</ele></trkpt>
<trkpt lat="46.885073" lon="-121.613158"><ele>1188.0</ele></trkpt>
<trkpt lat="46.884963" lon="-121.613157"><ele>1188.0</ele></trkpt>
<trkpt lat="46.884900" lon="-121.613173"><ele>1188.0</ele></trkpt>
<trkpt lat="46.884814" lon="-121.613166"><ele>1187.0</ele></trkpt>
<trkpt lat="46.884744" lon="-121.613180"><ele>1186.0</ele></trkpt>
<trkpt lat="46.884432" lon="-121.613155"><ele>1185.0</ele></trkpt>
<trkpt lat="46.884373" lon="-121.613164"><ele>1184.0</ele></trkpt>
<trkpt lat="46.884344" lon="-121.613155"><ele>1184.0</ele></trkpt>
<trkpt lat="46.884239" lon="-121.613184"><ele>1185.0</ele></trkpt>
<trkpt lat="46.884170" lon="-121.613221"><ele>1187.0</ele></trkpt>
<trkpt lat="46.884100" lon="-121.613243"><ele>1186.0</ele></trkpt>
<trkpt lat="46.883978" lon="-121.613342"><ele>1188.0</ele></trkpt>
<trkpt lat="46.883849" lon="-121.613414"><ele>1190.0</ele></trkpt>
<trkpt lat="46.883788" lon="-121.613434"><ele>1189.0</ele></trkpt>
<trkpt lat="46.883660" lon="-121.613585"><ele>1188.0</ele></trkpt>
<trkpt lat="46.883600" lon="-121.613693"><ele>1191.0</ele></trkpt>
<trkpt lat="46.883564" lon="-121.613722"><ele>1192.0</ele></trkpt>
<trkpt lat="46.883409" lon="-121.613793"><ele>1190.0</ele></trkpt>
<trkpt lat="46.883302" lon="-121.613894"><ele>1191.0</ele></trkpt>
<trkpt lat="46.883215" lon="-121.613960"><ele>1188.0</ele></trkpt>
<trkpt lat="46.883154" lon="-121.614030"><ele>1191.0</ele></trkpt>
<trkpt lat="46.883035" lon="-121.614048"><ele>1191.0</ele></trkpt>
<trkpt lat="46.882982" lon="-121.614093"><ele>1191.0</ele></trkpt>
<trkpt lat="46.882945" lon="-121.614146"><ele>1192.0</ele></trkpt>
<trkpt lat="46.882835" lon="-121.614213"><ele>1194.0</ele></trkpt>
<trkpt lat="46.882691" lon="-121.614333"><ele>1194.0</ele></trkpt>
<trkpt lat="46.882622" lon="-121.614354"><ele>1196.0</ele></trkpt>
<trkpt lat="46.882558" lon="-121.614339"><ele>1196.0</ele></trkpt>
<trkpt lat="46.882406" lon="-121.614253"><ele>1197.0</ele></trkpt>
<trkpt lat="46.882339" lon="-121.614234"><ele>1196.0</ele></trkpt>
<trkpt lat="46.882308" lon="-121.614243"><ele>1196.0</ele></trkpt>
<trkpt lat="46.882191" lon="-121.614235"><ele>1194.0</ele></trkpt>
<trkpt lat="46.882136" lon="-121.614262"><ele>1196.0</ele></trkpt>
<trkpt lat="46.882100" lon="-121.614268"><ele>1196.0</ele></trkpt>
<trkpt lat="46.882032" lon="-121.614321"><ele>1194.0</ele></trkpt>
<trkpt lat="46.881890" lon="-121.614359"><ele>1192.0</ele></trkpt>
<trkpt lat="46.881827" lon="-121.614398"><ele>1192.0</ele></trkpt>
<trkpt lat="46.881766" lon="-121.614419"><ele>1192.0</ele></trkpt>
<trkpt lat="46.881687" lon="-121.614479"><ele>1194.0</ele></trkpt>
<trkpt lat="46.881514" lon="-121.614551"><ele>1193.0</ele></trkpt>
<trkpt lat="46.881256" lon="-121.614596"><ele>1194.0</ele></trkpt>
<trkpt lat="46.881172" lon="-121.614629"><ele>1194.0</ele></trkpt>
<trkpt lat="46.881093" lon="-121.614628"><ele>1193.0</ele></trkpt>
<trkpt lat="46.881025" lon="-121.614643"><ele>1195.0</ele></trkpt>
<trkpt lat="46.881001" lon="-121.614675"><ele>1196.0</ele></trkpt>
<trkpt lat="46.880936" lon="-121.614711"><ele>1195.0</ele></trkpt>
<trkpt lat="46.880877" lon="-121.614776"><ele>1195.0</ele></trkpt>
<trkpt lat="46.880824" lon="-121.614882"><ele>1196.0</ele></trkpt>
<trkpt lat="46.880785" lon="-121.614918"><ele>1196.0</ele></trkpt>
<trkpt lat="46.880750" lon="-121.614978"><ele>1196.0</ele></trkpt>
<trkpt lat="46.880719" lon="-121.614988"><ele>1196.0</ele></trkpt>
<trkpt lat="46.880571" lon="-121.615134"><ele>1197.0</ele></trkpt>
<trkpt lat="46.880463" lon="-121.615210"><ele>1192.0</ele></trkpt>
<trkpt lat="46.880413" lon="-121.615275"><ele>1197.0</ele></trkpt>
<trkpt lat="46.880373" lon="-121.615299"><ele>1200.0</ele></trkpt>
<trkpt lat="46.880249" lon="-121.615460"><ele>1199.0</ele></trkpt>
<trkpt lat="46.880154" lon="-121.615558"><ele>1200.0</ele></trkpt>
<trkpt lat="46.880125" lon="-121.615575"><ele>1200.0</ele></trkpt>
<trkpt lat="46.880105" lon="-121.615641"><ele>1197.0</ele></trkpt>
<trkpt lat="46.879852" lon="-121.615888"><ele>1204.0</ele></trkpt>
<trkpt lat="46.879749" lon="-121.615941"><ele>1204.0</ele></trkpt>
<trkpt lat="46.879726" lon="-121.615977"><ele>1201.0</ele></trkpt>
<trkpt lat="46.879599" lon="-121.616048"><ele>1205.0</ele></trkpt>
<trkpt lat="46.879560" lon="-121.616112"><ele>1205.0</ele></trkpt>
<trkpt lat="46.879459" lon="-121.616176"><ele>1207.0</ele></trkpt>
<trkpt lat="46.879318" lon="-121.616287"><ele>1204.0</ele></trkpt>
<trkpt lat="46.879232" lon="-121.616413"><ele>1206.0</ele></trkpt>
<trkpt lat="46.879081" lon="-121.616506"><ele>1206.0</ele></trkpt>
<trkpt lat="46.879005" lon="-121.616589"><ele>1207.0</ele></trkpt>
<trkpt lat="46.878950" lon="-121.616636"><ele>1206.0</ele></trkpt>
<trkpt lat="46.878913" lon="-121.616653"><ele>1207.0</ele></trkpt>
<trkpt lat="46.878878" lon="-121.616693"><ele>1206.0</ele></trkpt>
<trkpt lat="46.878839" lon="-121.616773"><ele>1207.0</ele></trkpt>
<trkpt lat="46.878783" lon="-121.616812"><ele>1208.0</ele></trkpt>
<trkpt lat="46.878767" lon="-121.616850"><ele>1209.0</ele></trkpt>
<trkpt lat="46.878706" lon="-121.616916"><ele>1208.0</ele></trkpt>
<trkpt lat="46.878632" lon="-121.617041"><ele>1209.0</ele></trkpt>
<trkpt lat="46.878601" lon="-121.617124"><ele>1208.0</ele></trkpt>
<trkpt lat="46.878591" lon="-121.617196"><ele>1211.0</ele></trkpt>
<trkpt lat="46.878548" lon="-121.617257"><ele>1212.0</ele></trkpt>
<trkpt lat="46.878445" lon="-121.617502"><ele>1215.0</ele></trkpt>
<trkpt lat="46.878394" lon="-121.617574"><ele>1216.0</ele></trkpt>
<trkpt lat="46.878291" lon="-121.617756"><ele>1212.0</ele></trkpt>
<trkpt lat="46.878274" lon="-121.617857"><ele>1216.0</ele></trkpt>
<trkpt lat="46.878217" lon="-121.617950"><ele>1215.0</ele></trkpt>
<trkpt lat="46.878197" lon="-121.618022"><ele>1216.0</ele></trkpt>
<trkpt lat="46.878170" lon="-121.618074"><ele>1218.0</ele></trkpt>
<trkpt lat="46.878108" lon="-121.618124"><ele>1216.0</ele></trkpt>
<trkpt lat="46.878093" lon="-121.618173"><ele>1216.0</ele></trkpt>
<trkpt lat="46.878047" lon="-121.618246"><ele>1218.0</ele></trkpt>
<trkpt lat="46.878033" lon="-121.618314"><ele>1219.0</ele></trkpt>
<trkpt lat="46.877954" lon="-121.618475"><ele>1221.0</ele></trkpt>
<trkpt lat="46.877737" lon="-121.618735"><ele>1221.0</ele></trkpt>
<trkpt lat="46.877608" lon="-121.618961"><ele>1220.0</ele></trkpt>
<trkpt lat="46.877493" lon="-121.619095"><ele>1223.0</ele></trkpt>
<trkpt lat="46.877482" lon="-121.619163"><ele>1224.0</ele></trkpt>
<trkpt lat="46.877454" lon="-121.619226"><ele>1224.0</ele></trkpt>
<trkpt lat="46.877462" lon="-121.619318"><ele>1227.0</ele></trkpt>
<trkpt lat="46.877429" lon="-121.619418"><ele>1226.0</ele></trkpt>
<trkpt lat="46.877416" lon="-121.619491"><ele>1226.0</ele></trkpt>
<trkpt lat="46.877371" lon="-121.619596"><ele>1227.0</ele></trkpt>
<trkpt lat="46.877311" lon="-121.619691"><ele>1228.0</ele></trkpt>
<trkpt lat="46.877316" lon="-121.619768"><ele>1230.0</ele></trkpt>
<trkpt lat="46.877234" lon="-121.620102"><ele>1230.0</ele></trkpt>
<trkpt lat="46.877230" lon="-121.620306"><ele>1236.0</ele></trkpt>
<trkpt lat="46.877187" lon="-121.620396"><ele>1236.0</ele></trkpt>
<trkpt lat="46.877143" lon="-121.620525"><ele>1238.0</ele></trkpt>
<trkpt lat="46.877175" lon="-121.620641"><ele>1239.0</ele></trkpt>
<trkpt lat="46.877168" lon="-121.620718"><ele>1240.0</ele></trkpt>
<trkpt lat="46.877197" lon="-121.620821"><ele>1241.0</ele></trkpt>
<trkpt lat="46.877195" lon="-121.620886"><ele>1241.0</ele></trkpt>
<trkpt lat="46.877167" lon="-121.621035"><ele>1244.0</ele></trkpt>
<trkpt lat="46.877146" lon="-121.621094"><ele>1245.0</ele></trkpt>
<trkpt lat="46.877137" lon="-121.621168"><ele>1245.0</ele></trkpt>
<trkpt lat="46.877152" lon="-121.621211"><ele>1243.0</ele></trkpt>
<trkpt lat="46.877147" lon="-121.621276"><ele>1245.0</ele></trkpt>
<trkpt lat="46.877184" lon="-121.621426"><ele>1246.0</ele></trkpt>
<trkpt lat="46.877220" lon="-121.621488"><ele>1245.0</ele></trkpt>
<trkpt lat="46.877233" lon="-121.621546"><ele>1249.0</ele></trkpt>
<trkpt lat="46.877233" lon="-121.621600"><ele>1250.0</ele></trkpt>
<trkpt lat="46.877286" lon="-121.621731"><ele>1251.0</ele></trkpt>
<trkpt lat="46.877269" lon="-121.621775"><ele>1252.0</ele></trkpt>
<trkpt lat="46.877270" lon="-121.621808"><ele>1252.0</ele></trkpt>
<trkpt lat="46.877290" lon="-121.621836"><ele>1252.0</ele></trkpt>
<trkpt lat="46.877271" lon="-121.621913"><ele>1251.0</ele></trkpt>
<trkpt lat="46.877233" lon="-121.621977"><ele>1251.0</ele></trkpt>
<trkpt lat="46.877227" lon="-121.622014"><ele>1252.0</ele></trkpt>
<trkpt lat="46.877200" lon="-121.622031"><ele>1252.0</ele></trkpt>
<trkpt lat="46.877184" lon="-121.622060"><ele>1254.0</ele></trkpt>
<trkpt lat="46.877175" lon="-121.622098"><ele>1254.0</ele></trkpt>
<trkpt lat="46.877181" lon="-121.622130"><ele>1254.0</ele></trkpt>
<trkpt lat="46.877148" lon="-121.622174"><ele>1254.0</ele></trkpt>
<trkpt lat="46.877073" lon="-121.622227"><ele>1254.0</ele></trkpt>
<trkpt lat="46.877012" lon="-121.622287"><ele>1252.0</ele></trkpt>
<trkpt lat="46.876994" lon="-121.622382"><ele>1256.0</ele></trkpt>
<trkpt lat="46.876930" lon="-121.622472"><ele>1258.0</ele></trkpt>
<trkpt lat="46.876817" lon="-121.622534"><ele>1254.0</ele></trkpt>
<trkpt lat="46.876776" lon="-121.622585"><ele>1259.0</ele></trkpt>
<trkpt lat="46.876712" lon="-121.622590"><ele>1257.0</ele></trkpt>
<trkpt lat="46.876672" lon="-121.622609"><ele>1256.0</ele></trkpt>
<trkpt lat="46.876628" lon="-121.622666"><ele>1257.0</ele></trkpt>
<trkpt lat="46.876619" lon="-121.622702"><ele>1258.0</ele></trkpt>
<trkpt lat="46.876566" lon="-121.622746"><ele>1257.0</ele></trkpt>
<trkpt lat="46.876538" lon="-121.622810"><ele>1255.0</ele></trkpt>
<trkpt lat="46.876491" lon="-121.622873"><ele>1257.0</ele></trkpt>
<trkpt lat="46.876450" lon="-121.622993"><ele>1257.0</ele></trkpt>
<trkpt lat="46.876423" lon="-121.623176"><ele>1260.0</ele></trkpt>
<trkpt lat="46.876340" lon="-121.623471"><ele>1263.0</ele></trkpt>
<trkpt lat="46.876291" lon="-121.623526"><ele>1264.0</ele></trkpt>
<trkpt lat="46.876275" lon="-121.623594"><ele>1264.0</ele></trkpt>
<trkpt lat="46.876251" lon="-121.623642"><ele>1266.0</ele></trkpt>
<trkpt lat="46.876200" lon="-121.623681"><ele>1264.0</ele></trkpt>
<trkpt lat="46.876152" lon="-121.623787"><ele>1262.0</ele></trkpt>
<trkpt lat="46.876151" lon="-121.623827"><ele>1260.0</ele></trkpt>
<trkpt lat="46.876099" lon="-121.623876"><ele>1263.0</ele></trkpt>
<trkpt lat="46.876063" lon="-121.623954"><ele>1264.0</ele></trkpt>
<trkpt lat="46.876061" lon="-121.623997"><ele>1264.0</ele></trkpt>
<trkpt lat="46.875983" lon="-121.624084"><ele>1263.0</ele></trkpt>
<trkpt lat="46.875956" lon="-121.624142"><ele>1263.0</ele></trkpt>
<trkpt lat="46.875881" lon="-121.624175"><ele>1262.0</ele></trkpt>
<trkpt lat="46.875835" lon="-121.624285"><ele>1266.0</ele></trkpt>
<trkpt lat="46.875789" lon="-121.624334"><ele>1266.0</ele></trkpt>
<trkpt lat="46.875731" lon="-121.624378"><ele>1265.0</ele></trkpt>
<trkpt lat="46.875669" lon="-121.624409"><ele>1263.0</ele></trkpt>
<trkpt lat="46.875608" lon="-121.624464"><ele>1263.0</ele></trkpt>
<trkpt lat="46.875580" lon="-121.624475"><ele>1260.0</ele></trkpt>
<trkpt lat="46.875542" lon="-121.624474"><ele>1262.0</ele></trkpt>
<trkpt lat="46.875458" lon="-121.624435"><ele>1263.0</ele></trkpt>
<trkpt lat="46.875379" lon="-121.624299"><ele>1260.0</ele></trkpt>
<trkpt lat="46.875302" lon="-121.624221"><ele>1259.0</ele></trkpt>
<trkpt lat="46.875268" lon="-121.624167"><ele>1258.0</ele></trkpt>
<trkpt lat="46.875170" lon="-121.624173"><ele>1255.0</ele></trkpt>
<trkpt lat="46.875152" lon="-121.624204"><ele>1252.0</ele></trkpt>
<trkpt lat="46.875101" lon="-121.624231"><ele>1256.0</ele></trkpt>
<trkpt lat="46.875041" lon="-121.624286"><ele>1254.0</ele></trkpt>
<trkpt lat="46.874738" lon="-121.624111"><ele>1263.0</ele></trkpt>
<trkpt lat="46.874647" lon="-121.624005"><ele>1273.0</ele></trkpt>
<trkpt lat="46.874462" lon="-121.623908"><ele>1280.0</ele></trkpt>
<trkpt lat="46.874365" lon="-121.623900"><ele>1284.0</ele></trkpt>
<trkpt lat="46.874267" lon="-121.623864"><ele>1284.0</ele></trkpt>
<trkpt lat="46.874212" lon="-121.623826"><ele>1284.0</ele></trkpt>
<trkpt lat="46.874167" lon="-121.623818"><ele>1284.0</ele></trkpt>
<trkpt lat="46.874062" lon="-121.623862"><ele>1281.0</ele></trkpt>
<trkpt lat="46.874030" lon="-121.623861"><ele>1280.0</ele></trkpt>
<trkpt lat="46.873998" lon="-121.623845"><ele>1280.0</ele></trkpt>
<trkpt lat="46.873958" lon="-121.623852"><ele>1281.0</ele></trkpt>
<trkpt lat="46.873897" lon="-121.623834"><ele>1282.0</ele></trkpt>
<trkpt lat="46.873792" lon="-121.623843"><ele>1281.0</ele></trkpt>
<trkpt lat="46.873607" lon="-121.623952"><ele>1284.0</ele></trkpt>
<trkpt lat="46.873514" lon="-121.624047"><ele>1284.0</ele></trkpt>
<trkpt lat="46.873445" lon="-121.624065"><ele>1287.0</ele></trkpt>
<trkpt lat="46.873384" lon="-121.624066"><ele>1290.0</ele></trkpt>
<trkpt lat="46.873300" lon="-121.624030"><ele>1292.0</ele></trkpt>
<trkpt lat="46.873233" lon="-121.623950"><ele>1296.0</ele></trkpt>
<trkpt lat="46.873202" lon="-121.623929"><ele>1297.0</ele></trkpt>
<trkpt lat="46.873098" lon="-121.623939"><ele>1296.0</ele></trkpt>
<trkpt lat="46.873050" lon="-121.623961"><ele>1294.0</ele></trkpt>
<trkpt lat="46.872989" lon="-121.624024"><ele>1292.0</ele></trkpt>
<trkpt lat="46.872978" lon="-121.624061"><ele>1291.0</ele></trkpt>
<trkpt lat="46.872905" lon="-121.624137"><ele>1292.0</ele></trkpt>
<trkpt lat="46.872880" lon="-121.624207"><ele>1290.0</ele></trkpt>
<trkpt lat="46.872821" lon="-121.624265"><ele>1292.0</ele></trkpt>
<trkpt lat="46.872788" lon="-121.624357"><ele>1296.0</ele></trkpt>
<trkpt lat="46.872767" lon="-121.624389"><ele>1296.0</ele></trkpt>
<trkpt lat="46.872704" lon="-121.624433"><ele>1296.0</ele></trkpt>
<trkpt lat="46.872679" lon="-121.624470"><ele>1296.0</ele></trkpt>
<trkpt lat="46.872680" lon="-121.624501"><ele>1296.0</ele></trkpt>
<trkpt lat="46.872604" lon="-121.624614"><ele>1296.0</ele></trkpt>
<trkpt lat="46.872568" lon="-121.624707"><ele>1300.0</ele></trkpt>
<trkpt lat="46.872523" lon="-121.624728"><ele>1303.0</ele></trkpt>
<trkpt lat="46.872458" lon="-121.624818"><ele>1305.0</ele></trkpt>
<trkpt lat="46.872447" lon="-121.624854"><ele>1305.0</ele></trkpt>
<trkpt lat="46.872364" lon="-121.624949"><ele>1308.0</ele></trkpt>
<trkpt lat="46.872344" lon="-121.625053"><ele>1312.0</ele></trkpt>
<trkpt lat="46.872316" lon="-121.625084"><ele>1312.0</ele></trkpt>
<trkpt lat="46.872303" lon="-121.625130"><ele>1311.0</ele></trkpt>
<trkpt lat="46.872235" lon="-121.625221"><ele>1310.0</ele></trkpt>
<trkpt lat="46.872230" lon="-121.625266"><ele>1312.0</ele></trkpt>
<trkpt lat="46.872116" lon="-121.625332"><ele>1317.0</ele></trkpt>
<trkpt lat="46.872097" lon="-121.625360"><ele>1318.0</ele></trkpt>
<trkpt lat="46.872062" lon="-121.625373"><ele>1320.0</ele></trkpt>
<trkpt lat="46.871997" lon="-121.625372"><ele>1322.0</ele></trkpt>
<trkpt lat="46.871844" lon="-121.625404"><ele>1316.0</ele></trkpt>
<trkpt lat="46.871793" lon="-121.625441"><ele>1320.0</ele></trkpt>
<trkpt lat="46.871723" lon="-121.625425"><ele>1323.0</ele></trkpt>
<trkpt lat="46.871649" lon="-121.625428"><ele>1326.0</ele></trkpt>
<trkpt lat="46.871570" lon="-121.625413"><ele>1326.0</ele></trkpt>
<trkpt lat="46.871398" lon="-121.625468"><ele>1332.0</ele></trkpt>
<trkpt lat="46.871335" lon="-121.625469"><ele>1332.0</ele></trkpt>
<trkpt lat="46.871302" lon="-121.625487"><ele>1334.0</ele></trkpt>
<trkpt lat="46.871239" lon="-121.625444"><ele>1332.0</ele></trkpt>
<trkpt lat="46.871113" lon="-121.625465"><ele>1339.0</ele></trkpt>
<trkpt lat="46.871059" lon="-121.625427"><ele>1340.0</ele></trkpt>
<trkpt lat="46.870926" lon="-121.625393"><ele>1338.0</ele></trkpt>
<trkpt lat="46.870823" lon="-121.625333"><ele>1338.0</ele></trkpt>
<trkpt lat="46.870737" lon="-121.625229"><ele>1338.0</ele></trkpt>
<trkpt lat="46.870683" lon="-121.625217"><ele>1335.0</ele></trkpt>
<trkpt lat="46.870649" lon="-121.625193"><ele>1335.0</ele></trkpt>
<trkpt lat="46.870559" lon="-121.625195"><ele>1332.0</ele></trkpt>
<trkpt lat="46.870546" lon="-121.625206"><ele>1333.0</ele></trkpt>
<trkpt lat="46.870611" lon="-121.625313"><ele>1335.0</ele></trkpt>
<trkpt lat="46.870635" lon="-121.625308"><ele>1333.0</ele></trkpt>
<trkpt lat="46.870738" lon="-121.625420"><ele>1336.0</ele></trkpt>
<trkpt lat="46.870752" lon="-121.625450"><ele>1339.0</ele></trkpt>
<trkpt lat="46.870785" lon="-121.625464"><ele>1336.0</ele></trkpt>
<trkpt lat="46.870912" lon="-121.625645"><ele>1341.0</ele></trkpt>
<trkpt lat="46.870920" lon="-121.625716"><ele>1338.0</ele></trkpt>
<trkpt lat="46.871004" lon="-121.625823"><ele>1342.0</ele></trkpt>
<trkpt lat="46.871079" lon="-121.625882"><ele>1344.0</ele></trkpt>
<trkpt lat="46.871119" lon="-121.625936"><ele>1346.0</ele></trkpt>
<trkpt lat="46.871130" lon="-121.625977"><ele>1346.0</ele></trkpt>
<trkpt lat="46.871188" lon="-121.626066"><ele>1347.0</ele></trkpt>
<trkpt lat="46.871209" lon="-121.626179"><ele>1350.0</ele></trkpt>
<trkpt lat="46.871198" lon="-121.626233"><ele>1350.0</ele></trkpt>
<trkpt lat="46.871166" lon="-121.626245"><ele>1347.0</ele></trkpt>
<trkpt lat="46.871133" lon="-121.626244"><ele>1347.0</ele></trkpt>
<trkpt lat="46.871035" lon="-121.626191"><ele>1353.0</ele></trkpt>
<trkpt lat="46.870969" lon="-121.626126"><ele>1356.0</ele></trkpt>
<trkpt lat="46.870882" lon="-121.626109"><ele>1362.0</ele></trkpt>
<trkpt lat="46.870797" lon="-121.626030"><ele>1368.0</ele></trkpt>
<trkpt lat="46.870707" lon="-121.626000"><ele>1364.0</ele></trkpt>
<trkpt lat="46.870657" lon="-121.625945"><ele>1365.0</ele></trkpt>
<trkpt lat="46.870543" lon="-121.625882"><ele>1364.0</ele></trkpt>
<trkpt lat="46.870328" lon="-121.625864"><ele>1361.0</ele></trkpt>
<trkpt lat="46.870190" lon="-121.625912"><ele>1360.0</ele></trkpt>
<trkpt lat="46.870130" lon="-121.625961"><ele>1362.0</ele></trkpt>
<trkpt lat="46.870073" lon="-121.625983"><ele>1359.0</ele></trkpt>
<trkpt lat="46.870049" lon="-121.626030"><ele>1357.0</ele></trkpt>
<trkpt lat="46.869983" lon="-121.626105"><ele>1356.0</ele></trkpt>
<trkpt lat="46.869851" lon="-121.626125"><ele>1357.0</ele></trkpt>
<trkpt lat="46.869742" lon="-121.626118"><ele>1357.0</ele></trkpt>
<trkpt lat="46.869692" lon="-121.626127"><ele>1356.0</ele></trkpt>
<trkpt lat="46.869648" lon="-121.626148"><ele>1355.0</ele></trkpt>
<trkpt lat="46.869607" lon="-121.626114"><ele>1356.0</ele></trkpt>
<trkpt lat="46.869676" lon="-121.626147"><ele>1356.0</ele></trkpt>
<trkpt lat="46.869704" lon="-121.626206"><ele>1356.0</ele></trkpt>
<trkpt lat="46.869712" lon="-121.626246"><ele>1358.0</ele></trkpt>
<trkpt lat="46.869789" lon="-121.626377"><ele>1364.0</ele></trkpt>
<trkpt lat="46.869827" lon="-121.626382"><ele>1360.0</ele></trkpt>
<trkpt lat="46.869882" lon="-121.626440"><ele>1360.0</ele></trkpt>
<trkpt lat="46.869924" lon="-121.626393"><ele>1363.0</ele></trkpt>
<trkpt lat="46.869975" lon="-121.626417"><ele>1364.0</ele></trkpt>
<trkpt lat="46.870053" lon="-121.626404"><ele>1367.0</ele></trkpt>
<trkpt lat="46.870142" lon="-121.626373"><ele>1376.0</ele></trkpt>
<trkpt lat="46.870161" lon="-121.626340"><ele>1377.0</ele></trkpt>
<trkpt lat="46.870212" lon="-121.626319"><ele>1375.0</ele></trkpt>
<trkpt lat="46.870248" lon="-121.626328"><ele>1377.0</ele></trkpt>
<trkpt lat="46.870364" lon="-121.626293"><ele>1378.0</ele></trkpt>
<trkpt lat="46.870378" lon="-121.626264"><ele>1377.0</ele></trkpt>
<trkpt lat="46.870410" lon="-121.626257"><ele>1376.0</ele></trkpt>
<trkpt lat="46.870412" lon="-121.626338"><ele>1376.0</ele></trkpt>
<trkpt lat="46.870376" lon="-121.626435"><ele>1377.0</ele></trkpt>
<trkpt lat="46.870380" lon="-121.626460"><ele>1376.0</ele></trkpt>
<trkpt lat="46.870320" lon="-121.626478"><ele>1376.0</ele></trkpt>
<trkpt lat="46.870272" lon="-121.626554"><ele>1380.0</ele></trkpt>
<trkpt lat="46.870182" lon="-121.626605"><ele>1380.0</ele></trkpt>
<trkpt lat="46.870127" lon="-121.626686"><ele>1380.0</ele></trkpt>
<trkpt lat="46.870116" lon="-121.626719"><ele>1380.0</ele></trkpt>
<trkpt lat="46.870031" lon="-121.626764"><ele>1383.0</ele></trkpt>
<trkpt lat="46.869884" lon="-121.626903"><ele>1386.0</ele></trkpt>
<trkpt lat="46.869870" lon="-121.626936"><ele>1386.0</ele></trkpt>
<trkpt lat="46.869810" lon="-121.626947"><ele>1383.0</ele></trkpt>
<trkpt lat="46.869711" lon="-121.626994"><ele>1382.0</ele></trkpt>
<trkpt lat="46.869696" lon="-121.627048"><ele>1381.0</ele></trkpt>
<trkpt lat="46.869600" lon="-121.627199"><ele>1380.0</ele></trkpt>
<trkpt lat="46.869593" lon="-121.627236"><ele>1383.0</ele></trkpt>
<trkpt lat="46.869563" lon="-121.627247"><ele>1381.0</ele></trkpt>
<trkpt lat="46.869521" lon="-121.627298"><ele>1383.0</ele></trkpt>
<trkpt lat="46.869467" lon="-121.627342"><ele>1383.0</ele></trkpt>
<trkpt lat="46.869458" lon="-121.627380"><ele>1385.0</ele></trkpt>
<trkpt lat="46.869430" lon="-121.627428"><ele>1382.0</ele></trkpt>
<trkpt lat="46.869449" lon="-121.627674"><ele>1380.0</ele></trkpt>
<trkpt lat="46.869481" lon="-121.627752"><ele>1385.0</ele></trkpt>
<trkpt lat="46.869536" lon="-121.627846"><ele>1388.0</ele></trkpt>
<trkpt lat="46.869541" lon="-121.628128"><ele>1390.0</ele></trkpt>
<trkpt lat="46.869598" lon="-121.628319"><ele>1396.0</ele></trkpt>
<trkpt lat="46.869595" lon="-121.628360"><ele>1398.0</ele></trkpt>
<trkpt lat="46.869573" lon="-121.628393"><ele>1398.0</ele></trkpt>
<trkpt lat="46.869592" lon="-121.628500"><ele>1398.0</ele></trkpt>
<trkpt lat="46.869605" lon="-121.628545"><ele>1399.0</ele></trkpt>
<trkpt lat="46.869669" lon="-121.628639"><ele>1401.0</ele></trkpt>
<trkpt lat="46.869669" lon="-121.628674"><ele>1400.0</ele></trkpt>
<trkpt lat="46.869653" lon="-121.628709"><ele>1400.0</ele></trkpt>
<trkpt lat="46.869655" lon="-121.628767"><ele>1400.0</ele></trkpt>
<trkpt lat="46.869659" lon="-121.628854"><ele>1400.0</ele></trkpt>
<trkpt lat="46.869684" lon="-121.628933"><ele>1400.0</ele></trkpt>
<trkpt lat="46.869687" lon="-121.629081"><ele>1404.0</ele></trkpt>
<trkpt lat="46.869659" lon="-121.629146"><ele>1404.0</ele></trkpt>
<trkpt lat="46.869650" lon="-121.629205"><ele>1405.0</ele></trkpt>
<trkpt lat="46.869655" lon="-121.629273"><ele>1404.0</ele></trkpt>
<trkpt lat="46.869609" lon="-121.629351"><ele>1405.0</ele></trkpt>
<trkpt lat="46.869614" lon="-121.629401"><ele>1405.0</ele></trkpt>
<trkpt lat="46.869566" lon="-121.629429"><ele>1408.0</ele></trkpt>
<trkpt lat="46.869530" lon="-121.629528"><ele>1409.0</ele></trkpt>
<trkpt lat="46.869498" lon="-121.629548"><ele>1407.0</ele></trkpt>
<trkpt lat="46.869497" lon="-121.629595"><ele>1408.0</ele></trkpt>
<trkpt lat="46.869461" lon="-121.629638"><ele>1410.0</ele></trkpt>
<trkpt lat="46.869419" lon="-121.629793"><ele>1410.0</ele></trkpt>
<trkpt lat="46.869353" lon="-121.629825"><ele>1409.0</ele></trkpt>
<trkpt lat="46.869324" lon="-121.629872"><ele>1410.0</ele></trkpt>
<trkpt lat="46.869311" lon="-121.629973"><ele>1412.0</ele></trkpt>
<trkpt lat="46.869237" lon="-121.630077"><ele>1412.0</ele></trkpt>
<trkpt lat="46.869176" lon="-121.630130"><ele>1410.0</ele></trkpt>
<trkpt lat="46.869157" lon="-121.630204"><ele>1412.0</ele></trkpt>
<trkpt lat="46.869123" lon="-121.630272"><ele>1415.0</ele></trkpt>
<trkpt lat="46.869123" lon="-121.630313"><ele>1414.0</ele></trkpt>
<trkpt lat="46.869031" lon="-121.630422"><ele>1416.0</ele></trkpt>
<trkpt lat="46.869030" lon="-121.630449"><ele>1416.0</ele></trkpt>
<trkpt lat="46.869006" lon="-121.630492"><ele>1416.0</ele></trkpt>
<trkpt lat="46.868984" lon="-121.630596"><ele>1414.0</ele></trkpt>
<trkpt lat="46.868970" lon="-121.630624"><ele>1414.0</ele></trkpt>
<trkpt lat="46.868973" lon="-121.630666"><ele>1414.0</ele></trkpt>
<trkpt lat="46.868957" lon="-121.630770"><ele>1413.0</ele></trkpt>
<trkpt lat="46.868928" lon="-121.630829"><ele>1414.0</ele></trkpt>
<trkpt lat="46.868953" lon="-121.630968"><ele>1418.0</ele></trkpt>
<trkpt lat="46.868902" lon="-121.631031"><ele>1418.0</ele></trkpt>
<trkpt lat="46.868906" lon="-121.631099"><ele>1418.0</ele></trkpt>
<trkpt lat="46.868852" lon="-121.631252"><ele>1420.0</ele></trkpt>
<trkpt lat="46.868871" lon="-121.631295"><ele>1420.0</ele></trkpt>
<trkpt lat="46.868860" lon="-121.631333"><ele>1419.0</ele></trkpt>
<trkpt lat="46.868857" lon="-121.631444"><ele>1424.0</ele></trkpt>
<trkpt lat="46.868839" lon="-121.631510"><ele>1424.0</ele></trkpt>
<trkpt lat="46.868810" lon="-121.631545"><ele>1423.0</ele></trkpt>
<trkpt lat="46.868827" lon="-121.631581"><ele>1425.0</ele></trkpt>
<trkpt lat="46.868771" lon="-121.631658"><ele>1428.0</ele></trkpt>
<trkpt lat="46.868779" lon="-121.631697"><ele>1428.0</ele></trkpt>
<trkpt lat="46.868749" lon="-121.631753"><ele>1428.0</ele></trkpt>
<trkpt lat="46.868747" lon="-121.631862"><ele>1430.0</ele></trkpt>
<trkpt lat="46.868699" lon="-121.631941"><ele>1428.0</ele></trkpt>
<trkpt lat="46.868687" lon="-121.632022"><ele>1428.0</ele></trkpt>
<trkpt lat="46.868635" lon="-121.632062"><ele>1429.0</ele></trkpt>
<trkpt lat="46.868635" lon="-121.632229"><ele>1428.0</ele></trkpt>
<trkpt lat="46.868613" lon="-121.632296"><ele>1428.0</ele></trkpt>
<trkpt lat="46.868630" lon="-121.632466"><ele>1427.0</ele></trkpt>
<trkpt lat="46.868577" lon="-121.632636"><ele>1428.0</ele></trkpt>
<trkpt lat="46.868599" lon="-121.632673"><ele>1428.0</ele></trkpt>
<trkpt lat="46.868588" lon="-121.632733"><ele>1429.0</ele></trkpt>
<trkpt lat="46.868605" lon="-121.632943"><ele>1433.0</ele></trkpt>
<trkpt lat="46.868602" lon="-121.633021"><ele>1434.0</ele></trkpt>
<trkpt lat="46.868574" lon="-121.633133"><ele>1434.0</ele></trkpt>
<trkpt lat="46.868546" lon="-121.633201"><ele>1434.0</ele></trkpt>
<trkpt lat="46.868541" lon="-121.633319"><ele>1431.0</ele></trkpt>
<trkpt lat="46.868528" lon="-121.633394"><ele>1430.0</ele></trkpt>
<trkpt lat="46.868538" lon="-121.633562"><ele>1431.0</ele></trkpt>
<trkpt lat="46.868527" lon="-121.633600"><ele>1432.0</ele></trkpt>
<trkpt lat="46.868483" lon="-121.633661"><ele>1430.0</ele></trkpt>
<trkpt lat="46.868473" lon="-121.633704"><ele>1432.0</ele></trkpt>
<trkpt lat="46.868482" lon="-121.633843"><ele>1432.0</ele></trkpt>
<trkpt lat="46.868467" lon="-121.633941"><ele>1434.0</ele></trkpt>
<trkpt lat="46.868451" lon="-121.633974"><ele>1433.0</ele></trkpt>
<trkpt lat="46.868450" lon="-121.634015"><ele>1434.0</ele></trkpt>
<trkpt lat="46.868421" lon="-121.634058"><ele>1434.0</ele></trkpt>
<trkpt lat="46.868415" lon="-121.634219"><ele>1432.0</ele></trkpt>
<trkpt lat="46.868377" lon="-121.634286"><ele>1434.0</ele></trkpt>
<trkpt lat="46.868380" lon="-121.634365"><ele>1434.0</ele></trkpt>
<trkpt lat="46.868405" lon="-121.634469"><ele>1436.0</ele></trkpt>
<trkpt lat="46.868457" lon="-121.634594"><ele>1437.0</ele></trkpt>
<trkpt lat="46.868452" lon="-121.634663"><ele>1439.0</ele></trkpt>
<trkpt lat="46.868493" lon="-121.634852"><ele>1444.0</ele></trkpt>
<trkpt lat="46.868498" lon="-121.635001"><ele>1445.0</ele></trkpt>
<trkpt lat="46.868526" lon="-121.635062"><ele>1446.0</ele></trkpt>
<trkpt lat="46.868506" lon="-121.635099"><ele>1446.0</ele></trkpt>
<trkpt lat="46.868516" lon="-121.635169"><ele>1446.0</ele></trkpt>
<trkpt lat="46.868510" lon="-121.635206"><ele>1448.0</ele></trkpt>
<trkpt lat="46.868526" lon="-121.635257"><ele>1449.0</ele></trkpt>
<trkpt lat="46.868507" lon="-121.635355"><ele>1447.0</ele></trkpt>
<trkpt lat="46.868523" lon="-121.635433"><ele>1449.0</ele></trkpt>
<trkpt lat="46.868502" lon="-121.635593"><ele>1447.0</ele></trkpt>
<trkpt lat="46.868522" lon="-121.635652"><ele>1446.0</ele></trkpt>
<trkpt lat="46.868461" lon="-121.635751"><ele>1449.0</ele></trkpt>
<trkpt lat="46.868445" lon="-121.635810"><ele>1449.0</ele></trkpt>
<trkpt lat="46.868477" lon="-121.635936"><ele>1446.0</ele></trkpt>
<trkpt lat="46.868460" lon="-121.635981"><ele>1448.0</ele></trkpt>
<trkpt lat="46.868490" lon="-121.636099"><ele>1446.0</ele></trkpt>
<trkpt lat="46.868493" lon="-121.636185"><ele>1449.0</ele></trkpt>
<trkpt lat="46.868544" lon="-121.636282"><ele>1452.0</ele></trkpt>
<trkpt lat="46.868550" lon="-121.636392"><ele>1453.0</ele></trkpt>
<trkpt lat="46.868584" lon="-121.636513"><ele>1455.0</ele></trkpt>
<trkpt lat="46.868617" lon="-121.636573"><ele>1454.0</ele></trkpt>
<trkpt lat="46.868624" lon="-121.636692"><ele>1456.0</ele></trkpt>
<trkpt lat="46.868615" lon="-121.636722"><ele>1457.0</ele></trkpt>
<trkpt lat="46.868661" lon="-121.636874"><ele>1462.0</ele></trkpt>
<trkpt lat="46.868677" lon="-121.637016"><ele>1467.0</ele></trkpt>
<trkpt lat="46.868710" lon="-121.637102"><ele>1464.0</ele></trkpt>
<trkpt lat="46.868703" lon="-121.637315"><ele>1465.0</ele></trkpt>
<trkpt lat="46.868688" lon="-121.637432"><ele>1464.0</ele></trkpt>
<trkpt lat="46.868693" lon="-121.637466"><ele>1466.0</ele></trkpt>
<trkpt lat="46.868673" lon="-121.637532"><ele>1464.0</ele></trkpt>
<trkpt lat="46.868663" lon="-121.637632"><ele>1462.0</ele></trkpt>
<trkpt lat="46.868677" lon="-121.637672"><ele>1463.0</ele></trkpt>
<trkpt lat="46.868649" lon="-121.637727"><ele>1461.0</ele></trkpt>
<trkpt lat="46.868692" lon="-121.637915"><ele>1464.0</ele></trkpt>
<trkpt lat="46.868665" lon="-121.638064"><ele>1468.0</ele></trkpt>
<trkpt lat="46.868665" lon="-121.638135"><ele>1468.0</ele></trkpt>
<trkpt lat="46.868705" lon="-121.638211"><ele>1466.0</ele></trkpt>
<trkpt lat="46.868725" lon="-121.638348"><ele>1468.0</ele></trkpt>
<trkpt lat="46.868725" lon="-121.638457"><ele>1468.0</ele></trkpt>
<trkpt lat="46.868750" lon="-121.638712"><ele>1468.0</ele></trkpt>
<trkpt lat="46.868690" lon="-121.639107"><ele>1467.0</ele></trkpt>
<trkpt lat="46.868702" lon="-121.639230"><ele>1468.0</ele></trkpt>
<trkpt lat="46.868683" lon="-121.639342"><ele>1470.0</ele></trkpt>
<trkpt lat="46.868691" lon="-121.639380"><ele>1470.0</ele></trkpt>
<trkpt lat="46.868653" lon="-121.639431"><ele>1470.0</ele></trkpt>
<trkpt lat="46.868675" lon="-121.639551"><ele>1470.0</ele></trkpt>
<trkpt lat="46.868668" lon="-121.639585"><ele>1472.0</ele></trkpt>
<trkpt lat="46.868687" lon="-121.639643"><ele>1470.0</ele></trkpt>
<trkpt lat="46.868690" lon="-121.639754"><ele>1470.0</ele></trkpt>
<trkpt lat="46.868712" lon="-121.639789"><ele>1470.0</ele></trkpt>
<trkpt lat="46.868756" lon="-121.640009"><ele>1473.0</ele></trkpt>
<trkpt lat="46.868746" lon="-121.640080"><ele>1473.0</ele></trkpt>
<trkpt lat="46.868766" lon="-121.640157"><ele>1475.0</ele></trkpt>
<trkpt lat="46.868743" lon="-121.640231"><ele>1476.0</ele></trkpt>
<trkpt lat="46.868768" lon="-121.640314"><ele>1475.0</ele></trkpt>
<trkpt lat="46.868763" lon="-121.640384"><ele>1476.0</ele></trkpt>
<trkpt lat="46.868800" lon="-121.640442"><ele>1479.0</ele></trkpt>
<trkpt lat="46.868830" lon="-121.640577"><ele>1482.0</ele></trkpt>
<trkpt lat="46.868868" lon="-121.640669"><ele>1480.0</ele></trkpt>
<trkpt lat="46.868873" lon="-121.640699"><ele>1482.0</ele></trkpt>
<trkpt lat="46.868865" lon="-121.640732"><ele>1482.0</ele></trkpt>
<trkpt lat="46.868892" lon="-121.640859"><ele>1483.0</ele></trkpt>
<trkpt lat="46.868942" lon="-121.641063"><ele>1486.0</ele></trkpt>
<trkpt lat="46.869003" lon="-121.641248"><ele>1489.0</ele></trkpt>
<trkpt lat="46.869003" lon="-121.641317"><ele>1492.0</ele></trkpt>
<trkpt lat="46.869022" lon="-121.641388"><ele>1492.0</ele></trkpt>
<trkpt lat="46.869029" lon="-121.641503"><ele>1491.0</ele></trkpt>
<trkpt lat="46.869046" lon="-121.641533"><ele>1491.0</ele></trkpt>
<trkpt lat="46.869061" lon="-121.641730"><ele>1490.0</ele></trkpt>
<trkpt lat="46.869102" lon="-121.641831"><ele>1494.0</ele></trkpt>
<trkpt lat="46.869117" lon="-121.641936"><ele>1492.0</ele></trkpt>
<trkpt lat="46.869150" lon="-121.641995"><ele>1490.0</ele></trkpt>
<trkpt lat="46.869160" lon="-121.642100"><ele>1491.0</ele></trkpt>
<trkpt lat="46.869266" lon="-121.642386"><ele>1498.0</ele></trkpt>
<trkpt lat="46.869287" lon="-121.642493"><ele>1499.0</ele></trkpt>
<trkpt lat="46.869320" lon="-121.642553"><ele>1500.0</ele></trkpt>
<trkpt lat="46.869315" lon="-121.642601"><ele>1500.0</ele></trkpt>
<trkpt lat="46.869366" lon="-121.642673"><ele>1500.0</ele></trkpt>
<trkpt lat="46.869364" lon="-121.642719"><ele>1501.0</ele></trkpt>
<trkpt lat="46.869426" lon="-121.642849"><ele>1502.0</ele></trkpt>
<trkpt lat="46.869454" lon="-121.642935"><ele>1500.0</ele></trkpt>
<trkpt lat="46.869451" lon="-121.642971"><ele>1503.0</ele></trkpt>
<trkpt lat="46.869490" lon="-121.643125"><ele>1506.0</ele></trkpt>
<trkpt lat="46.869568" lon="-121.643282"><ele>1506.0</ele></trkpt>
<trkpt lat="46.869574" lon="-121.643357"><ele>1512.0</ele></trkpt>
<trkpt lat="46.869592" lon="-121.643391"><ele>1510.0</ele></trkpt>
<trkpt lat="46.869601" lon="-121.643497"><ele>1512.0</ele></trkpt>
<trkpt lat="46.869623" lon="-121.643528"><ele>1512.0</ele></trkpt>
<trkpt lat="46.869627" lon="-121.643567"><ele>1513.0</ele></trkpt>
<trkpt lat="46.869653" lon="-121.643614"><ele>1512.0</ele></trkpt>
<trkpt lat="46.869665" lon="-121.643688"><ele>1514.0</ele></trkpt>
<trkpt lat="46.869692" lon="-121.643730"><ele>1516.0</ele></trkpt>
<trkpt lat="46.869735" lon="-121.643870"><ele>1512.0</ele></trkpt>
<trkpt lat="46.869750" lon="-121.644016"><ele>1512.0</ele></trkpt>
<trkpt lat="46.869805" lon="-121.644070"><ele>1516.0</ele></trkpt>
<trkpt lat="46.869894" lon="-121.644242"><ele>1518.0</ele></trkpt>
<trkpt lat="46.869923" lon="-121.644400"><ele>1520.0</ele></trkpt>
<trkpt lat="46.869957" lon="-121.644493"><ele>1520.0</ele></trkpt>
<trkpt lat="46.869961" lon="-121.644529"><ele>1517.0</ele></trkpt>
<trkpt lat="46.869994" lon="-121.644541"><ele>1515.0</ele></trkpt>
<trkpt lat="46.870144" lon="-121.644685"><ele>1522.0</ele></trkpt>
<trkpt lat="46.870162" lon="-121.644786"><ele>1524.0</ele></trkpt>
<trkpt lat="46.870200" lon="-121.644859"><ele>1526.0</ele></trkpt>
<trkpt lat="46.870170" lon="-121.644983"><ele>1524.0</ele></trkpt>
<trkpt lat="46.870129" lon="-121.645004"><ele>1524.0</ele></trkpt>
<trkpt lat="46.870159" lon="-121.645180"><ele>1527.0</ele></trkpt>
<trkpt lat="46.870187" lon="-121.645259"><ele>1527.0</ele></trkpt>
<trkpt lat="46.870099" lon="-121.645436"><ele>1524.0</ele></trkpt>
<trkpt lat="46.870121" lon="-121.645520"><ele>1524.0</ele></trkpt>
<trkpt lat="46.870114" lon="-121.645599"><ele>1522.0</ele></trkpt>
<trkpt lat="46.870147" lon="-121.645672"><ele>1520.0</ele></trkpt>
<trkpt lat="46.870175" lon="-121.645788"><ele>1522.0</ele></trkpt>
<trkpt lat="46.870205" lon="-121.645853"><ele>1520.0</ele></trkpt>
<trkpt lat="46.870144" lon="-121.645930"><ele>1524.0</ele></trkpt>
<trkpt lat="46.870125" lon="-121.646003"><ele>1525.0</ele></trkpt>
<trkpt lat="46.870098" lon="-121.646023"><ele>1525.0</ele></trkpt>
<trkpt lat="46.870100" lon="-121.646093"><ele>1527.0</ele></trkpt>
<trkpt lat="46.870088" lon="-121.646161"><ele>1525.0</ele></trkpt>
<trkpt lat="46.870104" lon="-121.646261"><ele>1524.0</ele></trkpt>
<trkpt lat="46.870120" lon="-121.646297"><ele>1524.0</ele></trkpt>
<trkpt lat="46.870105" lon="-121.646388"><ele>1524.0</ele></trkpt>
<trkpt lat="46.870114" lon="-121.646436"><ele>1524.0</ele></trkpt>
<trkpt lat="46.870103" lon="-121.646541"><ele>1524.0</ele></trkpt>
<trkpt lat="46.870152" lon="-121.646690"><ele>1525.0</ele></trkpt>
<trkpt lat="46.870159" lon="-121.646758"><ele>1526.0</ele></trkpt>
<trkpt lat="46.870154" lon="-121.646835"><ele>1528.0</ele></trkpt>
<trkpt lat="46.870168" lon="-121.646868"><ele>1529.0</ele></trkpt>
<trkpt lat="46.870182" lon="-121.646999"><ele>1526.0</ele></trkpt>
<trkpt lat="46.870153" lon="-121.647028"><ele>1526.0</ele></trkpt>
<trkpt lat="46.870106" lon="-121.647036"><ele>1524.0</ele></trkpt>
<trkpt lat="46.870091" lon="-121.647062"><ele>1520.0</ele></trkpt>
<trkpt lat="46.870093" lon="-121.647099"><ele>1524.0</ele></trkpt>
<trkpt lat="46.870075" lon="-121.647157"><ele>1526.0</ele></trkpt>
<trkpt lat="46.870054" lon="-121.647177"><ele>1525.0</ele></trkpt>
<trkpt lat="46.870028" lon="-121.647235"><ele>1520.0</ele></trkpt>
<trkpt lat="46.870027" lon="-121.647309"><ele>1524.0</ele></trkpt>
<trkpt lat="46.870037" lon="-121.647342"><ele>1523.0</ele></trkpt>
<trkpt lat="46.870065" lon="-121.647366"><ele>1524.0</ele></trkpt>
<trkpt lat="46.870069" lon="-121.647409"><ele>1524.0</ele></trkpt>
<trkpt lat="46.870129" lon="-121.647496"><ele>1524.0</ele></trkpt>
<trkpt lat="46.870182" lon="-121.647537"><ele>1528.0</ele></trkpt>
<trkpt lat="46.870196" lon="-121.647617"><ele>1530.0</ele></trkpt>
<trkpt lat="46.870190" lon="-121.647648"><ele>1530.0</ele></trkpt>
<trkpt lat="46.870142" lon="-121.647704"><ele>1536.0</ele></trkpt>
<trkpt lat="46.870098" lon="-121.647732"><ele>1538.0</ele></trkpt>
<trkpt lat="46.870103" lon="-121.647847"><ele>1542.0</ele></trkpt>
<trkpt lat="46.870138" lon="-121.647916"><ele>1543.0</ele></trkpt>
<trkpt lat="46.870107" lon="-121.648050"><ele>1544.0</ele></trkpt>
<trkpt lat="46.870075" lon="-121.648043"><ele>1541.0</ele></trkpt>
<trkpt lat="46.870079" lon="-121.648179"><ele>1542.0</ele></trkpt>
<trkpt lat="46.870034" lon="-121.648225"><ele>1543.0</ele></trkpt>
<trkpt lat="46.870018" lon="-121.648256"><ele>1544.0</ele></trkpt>
<trkpt lat="46.870006" lon="-121.648355"><ele>1541.0</ele></trkpt>
<trkpt lat="46.869991" lon="-121.648390"><ele>1540.0</ele></trkpt>
<trkpt lat="46.870014" lon="-121.648508"><ele>1542.0</ele></trkpt>
<trkpt lat="46.870008" lon="-121.648543"><ele>1540.0</ele></trkpt>
<trkpt lat="46.869978" lon="-121.648557"><ele>1542.0</ele></trkpt>
<trkpt lat="46.869974" lon="-121.648600"><ele>1543.0</ele></trkpt>
<trkpt lat="46.869999" lon="-121.648666"><ele>1544.0</ele></trkpt>
<trkpt lat="46.870018" lon="-121.648811"><ele>1545.0</ele></trkpt>
<trkpt lat="46.869952" lon="-121.648950"><ele>1540.0</ele></trkpt>
<trkpt lat="46.869981" lon="-121.649028"><ele>1545.0</ele></trkpt>
<trkpt lat="46.869976" lon="-121.649064"><ele>1545.0</ele></trkpt>
<trkpt lat="46.869986" lon="-121.649128"><ele>1544.0</ele></trkpt>
<trkpt lat="46.869969" lon="-121.649180"><ele>1547.0</ele></trkpt>
<trkpt lat="46.869989" lon="-121.649245"><ele>1547.0</ele></trkpt>
<trkpt lat="46.869971" lon="-121.649283"><ele>1550.0</ele></trkpt>
<trkpt lat="46.869996" lon="-121.649356"><ele>1549.0</ele></trkpt>
<trkpt lat="46.870021" lon="-121.649386"><ele>1550.0</ele></trkpt>
<trkpt lat="46.870022" lon="-121.649421"><ele>1551.0</ele></trkpt>
<trkpt lat="46.869999" lon="-121.649457"><ele>1550.0</ele></trkpt>
<trkpt lat="46.870014" lon="-121.649491"><ele>1551.0</ele></trkpt>
<trkpt lat="46.870012" lon="-121.649532"><ele>1551.0</ele></trkpt>
<trkpt lat="46.869979" lon="-121.649591"><ele>1552.0</ele></trkpt>
<trkpt lat="46.869953" lon="-121.649708"><ele>1554.0</ele></trkpt>
<trkpt lat="46.869968" lon="-121.649744"><ele>1556.0</ele></trkpt>
<trkpt lat="46.869976" lon="-121.649835"><ele>1554.0</ele></trkpt>
<trkpt lat="46.869966" lon="-121.649874"><ele>1555.0</ele></trkpt>
<trkpt lat="46.869912" lon="-121.649980"><ele>1554.0</ele></trkpt>
<trkpt lat="46.869900" lon="-121.650034"><ele>1552.0</ele></trkpt>
<trkpt lat="46.869906" lon="-121.650117"><ele>1552.0</ele></trkpt>
<trkpt lat="46.869894" lon="-121.650148"><ele>1554.0</ele></trkpt>
<trkpt lat="46.869894" lon="-121.650185"><ele>1554.0</ele></trkpt>
<trkpt lat="46.869937" lon="-121.650283"><ele>1556.0</ele></trkpt>
<trkpt lat="46.869914" lon="-121.650339"><ele>1554.0</ele></trkpt>
<trkpt lat="46.869912" lon="-121.650415"><ele>1555.0</ele></trkpt>
<trkpt lat="46.869895" lon="-121.650453"><ele>1556.0</ele></trkpt>
<trkpt lat="46.869900" lon="-121.650527"><ele>1557.0</ele></trkpt>
<trkpt lat="46.869866" lon="-121.650620"><ele>1554.0</ele></trkpt>
<trkpt lat="46.869886" lon="-121.650750"><ele>1558.0</ele></trkpt>
<trkpt lat="46.869879" lon="-121.650777"><ele>1559.0</ele></trkpt>
<trkpt lat="46.869890" lon="-121.650961"><ele>1564.0</ele></trkpt>
<trkpt lat="46.869879" lon="-121.650994"><ele>1566.0</ele></trkpt>
<trkpt lat="46.869889" lon="-121.651089"><ele>1565.0</ele></trkpt>
<trkpt lat="46.869827" lon="-121.651254"><ele>1564.0</ele></trkpt>
<trkpt lat="46.869799" lon="-121.651294"><ele>1563.0</ele></trkpt>
<trkpt lat="46.869808" lon="-121.651324"><ele>1563.0</ele></trkpt>
<trkpt lat="46.869805" lon="-121.651384"><ele>1564.0</ele></trkpt>
<trkpt lat="46.869827" lon="-121.651458"><ele>1566.0</ele></trkpt>
<trkpt lat="46.869827" lon="-121.651493"><ele>1569.0</ele></trkpt>
<trkpt lat="46.869844" lon="-121.651521"><ele>1570.0</ele></trkpt>
<trkpt lat="46.869832" lon="-121.651636"><ele>1572.0</ele></trkpt>
<trkpt lat="46.869809" lon="-121.651667"><ele>1572.0</ele></trkpt>
<trkpt lat="46.869810" lon="-121.651709"><ele>1572.0</ele></trkpt>
<trkpt lat="46.869784" lon="-121.651743"><ele>1569.0</ele></trkpt>
<trkpt lat="46.869722" lon="-121.651779"><ele>1572.0</ele></trkpt>
<trkpt lat="46.869556" lon="-121.651818"><ele>1572.0</ele></trkpt>
<trkpt lat="46.869513" lon="-121.651860"><ele>1570.0</ele></trkpt>
<trkpt lat="46.869557" lon="-121.651865"><ele>1568.0</ele></trkpt>
<trkpt lat="46.869590" lon="-121.651888"><ele>1568.0</ele></trkpt>
<trkpt lat="46.869630" lon="-121.651967"><ele>1574.0</ele></trkpt>
<trkpt lat="46.869678" lon="-121.652124"><ele>1576.0</ele></trkpt>
<trkpt lat="46.869658" lon="-121.652236"><ele>1578.0</ele></trkpt>
<trkpt lat="46.869601" lon="-121.652350"><ele>1581.0</ele></trkpt>
<trkpt lat="46.869619" lon="-121.652424"><ele>1582.0</ele></trkpt>
<trkpt lat="46.869639" lon="-121.652631"><ele>1584.0</ele></trkpt>
<trkpt lat="46.869629" lon="-121.652705"><ele>1586.0</ele></trkpt>
<trkpt lat="46.869631" lon="-121.652858"><ele>1587.0</ele></trkpt>
<trkpt lat="46.869685" lon="-121.652990"><ele>1590.0</ele></trkpt>
<trkpt lat="46.869723" lon="-121.653125"><ele>1587.0</ele></trkpt>
<trkpt lat="46.869817" lon="-121.653307"><ele>1586.0</ele></trkpt>
<trkpt lat="46.869828" lon="-121.653503"><ele>1582.0</ele></trkpt>
<trkpt lat="46.869879" lon="-121.653547"><ele>1588.0</ele></trkpt>
<trkpt lat="46.869916" lon="-121.653602"><ele>1587.0</ele></trkpt>
<trkpt lat="46.869929" lon="-121.653675"><ele>1588.0</ele></trkpt>
<trkpt lat="46.869920" lon="-121.653777"><ele>1587.0</ele></trkpt>
<trkpt lat="46.869901" lon="-121.653782"><ele>1587.0</ele></trkpt>
<trkpt lat="46.869879" lon="-121.653895"><ele>1582.0</ele></trkpt>
<trkpt lat="46.869851" lon="-121.653923"><ele>1583.0</ele></trkpt>
<trkpt lat="46.869845" lon="-121.653979"><ele>1591.0</ele></trkpt>
<trkpt lat="46.869833" lon="-121.653902"><ele>1590.0</ele></trkpt>
<trkpt lat="46.869813" lon="-121.653931"><ele>1587.0</ele></trkpt>
<trkpt lat="46.869740" lon="-121.653912"><ele>1584.0</ele></trkpt>
<trkpt lat="46.869700" lon="-121.653875"><ele>1588.0</ele></trkpt>
<trkpt lat="46.869631" lon="-121.653901"><ele>1584.0</ele></trkpt>
<trkpt lat="46.869527" lon="-121.653875"><ele>1580.0</ele></trkpt>
<trkpt lat="46.869510" lon="-121.653959"><ele>1594.0</ele></trkpt>
<trkpt lat="46.869529" lon="-121.653984"><ele>1594.0</ele></trkpt>
<trkpt lat="46.869535" lon="-121.654027"><ele>1590.0</ele></trkpt>
<trkpt lat="46.869593" lon="-121.654062"><ele>1592.0</ele></trkpt>
<trkpt lat="46.869657" lon="-121.654175"><ele>1600.0</ele></trkpt>
<trkpt lat="46.869673" lon="-121.654224"><ele>1600.0</ele></trkpt>
<trkpt lat="46.869709" lon="-121.654264"><ele>1599.0</ele></trkpt>
<trkpt lat="46.869854" lon="-121.654676"><ele>1602.0</ele></trkpt>
<trkpt lat="46.869864" lon="-121.654717"><ele>1604.0</ele></trkpt>
<trkpt lat="46.869866" lon="-121.654872"><ele>1602.0</ele></trkpt>
<trkpt lat="46.869909" lon="-121.654973"><ele>1607.0</ele></trkpt>
<trkpt lat="46.869901" lon="-121.655003"><ele>1608.0</ele></trkpt>
<trkpt lat="46.869911" lon="-121.655093"><ele>1611.0</ele></trkpt>
<trkpt lat="46.869863" lon="-121.655165"><ele>1610.0</ele></trkpt>
<trkpt lat="46.869881" lon="-121.655272"><ele>1608.0</ele></trkpt>
<trkpt lat="46.869876" lon="-121.655343"><ele>1608.0</ele></trkpt>
<trkpt lat="46.869853" lon="-121.655438"><ele>1611.0</ele></trkpt>
<trkpt lat="46.869832" lon="-121.655469"><ele>1612.0</ele></trkpt>
<trkpt lat="46.869779" lon="-121.655506"><ele>1614.0</ele></trkpt>
<trkpt lat="46.869755" lon="-121.655543"><ele>1615.0</ele></trkpt>
<trkpt lat="46.869748" lon="-121.655586"><ele>1616.0</ele></trkpt>
<trkpt lat="46.869750" lon="-121.655696"><ele>1617.0</ele></trkpt>
<trkpt lat="46.869815" lon="-121.656059"><ele>1618.0</ele></trkpt>
<trkpt lat="46.869804" lon="-121.656109"><ele>1616.0</ele></trkpt>
<trkpt lat="46.869809" lon="-121.656326"><ele>1618.0</ele></trkpt>
<trkpt lat="46.869755" lon="-121.656489"><ele>1621.0</ele></trkpt>
<trkpt lat="46.869760" lon="-121.656584"><ele>1624.0</ele></trkpt>
<trkpt lat="46.869722" lon="-121.656642"><ele>1624.0</ele></trkpt>
<trkpt lat="46.869680" lon="-121.656754"><ele>1623.0</ele></trkpt>
<trkpt lat="46.869668" lon="-121.656824"><ele>1623.0</ele></trkpt>
<trkpt lat="46.869642" lon="-121.656852"><ele>1625.0</ele></trkpt>
<trkpt lat="46.869626" lon="-121.656960"><ele>1626.0</ele></trkpt>
<trkpt lat="46.869636" lon="-121.657003"><ele>1625.0</ele></trkpt>
<trkpt lat="46.869594" lon="-121.657268"><ele>1630.0</ele></trkpt>
<trkpt lat="46.869601" lon="-121.657312"><ele>1630.0</ele></trkpt>
<trkpt lat="46.869592" lon="-121.657345"><ele>1630.0</ele></trkpt>
<trkpt lat="46.869591" lon="-121.657512"><ele>1633.0</ele></trkpt>
<trkpt lat="46.869563" lon="-121.657665"><ele>1636.0</ele></trkpt>
<trkpt lat="46.869521" lon="-121.657713"><ele>1636.0</ele></trkpt>
<trkpt lat="46.869510" lon="-121.657744"><ele>1635.0</ele></trkpt>
<trkpt lat="46.869499" lon="-121.657849"><ele>1638.0</ele></trkpt>
<trkpt lat="46.869480" lon="-121.657896"><ele>1638.0</ele></trkpt>
<trkpt lat="46.869423" lon="-121.658218"><ele>1640.0</ele></trkpt>
<trkpt lat="46.869395" lon="-121.658246"><ele>1640.0</ele></trkpt>
<trkpt lat="46.869349" lon="-121.658328"><ele>1642.0</ele></trkpt>
<trkpt lat="46.869218" lon="-121.658674"><ele>1647.0</ele></trkpt>
<trkpt lat="46.869201" lon="-121.658700"><ele>1644.0</ele></trkpt>
<trkpt lat="46.869168" lon="-121.658715"><ele>1645.0</ele></trkpt>
<trkpt lat="46.869138" lon="-121.658747"><ele>1645.0</ele></trkpt>
<trkpt lat="46.869112" lon="-121.658812"><ele>1652.0</ele></trkpt>
<trkpt lat="46.869121" lon="-121.658906"><ele>1653.0</ele></trkpt>
<trkpt lat="46.869113" lon="-121.658973"><ele>1653.0</ele></trkpt>
<trkpt lat="46.869053" lon="-121.659051"><ele>1650.0</ele></trkpt>
<trkpt lat="46.869041" lon="-121.659086"><ele>1652.0</ele></trkpt>
<trkpt lat="46.868962" lon="-121.659197"><ele>1659.0</ele></trkpt>
<trkpt lat="46.868904" lon="-121.659448"><ele>1659.0</ele></trkpt>
<trkpt lat="46.868807" lon="-121.659653"><ele>1660.0</ele></trkpt>
<trkpt lat="46.868804" lon="-121.659687"><ele>1662.0</ele></trkpt>
<trkpt lat="46.868766" lon="-121.659734"><ele>1660.0</ele></trkpt>
<trkpt lat="46.868756" lon="-121.659773"><ele>1662.0</ele></trkpt>
<trkpt lat="46.868718" lon="-121.659830"><ele>1662.0</ele></trkpt>
<trkpt lat="46.868712" lon="-121.659862"><ele>1665.0</ele></trkpt>
<trkpt lat="46.868644" lon="-121.659916"><ele>1668.0</ele></trkpt>
<trkpt lat="46.868590" lon="-121.660032"><ele>1668.0</ele></trkpt>
<trkpt lat="46.868567" lon="-121.660058"><ele>1668.0</ele></trkpt>
<trkpt lat="46.868560" lon="-121.660094"><ele>1668.0</ele></trkpt>
<trkpt lat="46.868525" lon="-121.660166"><ele>1671.0</ele></trkpt>
<trkpt lat="46.868520" lon="-121.660240"><ele>1666.0</ele></trkpt>
<trkpt lat="46.868462" lon="-121.660330"><ele>1670.0</ele></trkpt>
<trkpt lat="46.868428" lon="-121.660460"><ele>1674.0</ele></trkpt>
<trkpt lat="46.868363" lon="-121.660480"><ele>1671.0</ele></trkpt>
<trkpt lat="46.868346" lon="-121.660457"><ele>1674.0</ele></trkpt>
<trkpt lat="46.868383" lon="-121.660517"><ele>1676.0</ele></trkpt>
<trkpt lat="46.868366" lon="-121.660586"><ele>1676.0</ele></trkpt>
<trkpt lat="46.868363" lon="-121.660658"><ele>1676.0</ele></trkpt>
<trkpt lat="46.868328" lon="-121.660730"><ele>1680.0</ele></trkpt>
<trkpt lat="46.868297" lon="-121.660765"><ele>1678.0</ele></trkpt>
<trkpt lat="46.868221" lon="-121.660806"><ele>1680.0</ele></trkpt>
<trkpt lat="46.868200" lon="-121.660883"><ele>1681.0</ele></trkpt>
<trkpt lat="46.868164" lon="-121.660928"><ele>1680.0</ele></trkpt>
<trkpt lat="46.868184" lon="-121.660961"><ele>1685.0</ele></trkpt>
<trkpt lat="46.868122" lon="-121.660993"><ele>1683.0</ele></trkpt>
<trkpt lat="46.868079" lon="-121.660989"><ele>1688.0</ele></trkpt>
<trkpt lat="46.868046" lon="-121.661012"><ele>1690.0</ele></trkpt>
<trkpt lat="46.868069" lon="-121.661059"><ele>1689.0</ele></trkpt>
<trkpt lat="46.868058" lon="-121.661092"><ele>1680.0</ele></trkpt>
<trkpt lat="46.868101" lon="-121.661160"><ele>1692.0</ele></trkpt>
<trkpt lat="46.868097" lon="-121.661193"><ele>1691.0</ele></trkpt>
<trkpt lat="46.868107" lon="-121.661229"><ele>1689.0</ele></trkpt>
<trkpt lat="46.868103" lon="-121.661300"><ele>1688.0</ele></trkpt>
<trkpt lat="46.868077" lon="-121.661415"><ele>1689.0</ele></trkpt>
<trkpt lat="46.868040" lon="-121.661430"><ele>1686.0</ele></trkpt>
<trkpt lat="46.867934" lon="-121.661435"><ele>1680.0</ele></trkpt>
<trkpt lat="46.867900" lon="-121.661392"><ele>1692.0</ele></trkpt>
<trkpt lat="46.867829" lon="-121.661364"><ele>1692.0</ele></trkpt>
<trkpt lat="46.867828" lon="-121.661395"><ele>1697.0</ele></trkpt>
<trkpt lat="46.867763" lon="-121.661372"><ele>1699.0</ele></trkpt>
<trkpt lat="46.867730" lon="-121.661319"><ele>1700.0</ele></trkpt>
<trkpt lat="46.867727" lon="-121.661279"><ele>1693.0</ele></trkpt>
<trkpt lat="46.867696" lon="-121.661259"><ele>1691.0</ele></trkpt>
<trkpt lat="46.867649" lon="-121.661279"><ele>1703.0</ele></trkpt>
<trkpt lat="46.867630" lon="-121.661328"><ele>1701.0</ele></trkpt>
<trkpt lat="46.867594" lon="-121.661329"><ele>1704.0</ele></trkpt>
<trkpt lat="46.867544" lon="-121.661391"><ele>1708.0</ele></trkpt>
<trkpt lat="46.867290" lon="-121.661399"><ele>1721.0</ele></trkpt>
<trkpt lat="46.867299" lon="-121.661338"><ele>1724.0</ele></trkpt>
<trkpt lat="46.867252" lon="-121.661313"><ele>1719.0</ele></trkpt>
<trkpt lat="46.867190" lon="-121.661344"><ele>1728.0</ele></trkpt>
<trkpt lat="46.867182" lon="-121.661291"><ele>1728.0</ele></trkpt>
<trkpt lat="46.867180" lon="-121.661190"><ele>1727.0</ele></trkpt>
<trkpt lat="46.867159" lon="-121.661136"><ele>1730.0</ele></trkpt>
<trkpt lat="46.867156" lon="-121.661085"><ele>1726.0</ele></trkpt>
<trkpt lat="46.867172" lon="-121.661058"><ele>1732.0</ele></trkpt>
<trkpt lat="46.867202" lon="-121.661051"><ele>1725.0</ele></trkpt>
<trkpt lat="46.867179" lon="-121.661058"><ele>1733.0</ele></trkpt>
<trkpt lat="46.867106" lon="-121.661004"><ele>1737.0</ele></trkpt>
<trkpt lat="46.867039" lon="-121.661000"><ele>1728.0</ele></trkpt>
<trkpt lat="46.867058" lon="-121.661050"><ele>1739.0</ele></trkpt>
<trkpt lat="46.867016" lon="-121.661063"><ele>1740.0</ele></trkpt>
<trkpt lat="46.866991" lon="-121.661030"><ele>1745.0</ele></trkpt>
<trkpt lat="46.866858" lon="-121.660999"><ele>1747.0</ele></trkpt>
<trkpt lat="46.866825" lon="-121.661023"><ele>1744.0</ele></trkpt>
<trkpt lat="46.866795" lon="-121.661020"><ele>1753.0</ele></trkpt>
<trkpt lat="46.866743" lon="-121.660966"><ele>1758.0</ele></trkpt>
<trkpt lat="46.866716" lon="-121.660912"><ele>1757.0</ele></trkpt>
<trkpt lat="46.866679" lon="-121.660887"><ele>1758.0</ele></trkpt>
<trkpt lat="46.866647" lon="-121.660896"><ele>1763.0</ele></trkpt>
<trkpt lat="46.866634" lon="-121.660813"><ele>1764.0</ele></trkpt>
<trkpt lat="46.866607" lon="-121.660797"><ele>1764.0</ele></trkpt>
<trkpt lat="46.866468" lon="-121.660695"><ele>1778.0</ele></trkpt>
<trkpt lat="46.866389" lon="-121.660704"><ele>1776.0</ele></trkpt>
<trkpt lat="46.866343" lon="-121.660746"><ele>1786.0</ele></trkpt>
<trkpt lat="46.866329" lon="-121.660709"><ele>1788.0</ele></trkpt>
<trkpt lat="46.866304" lon="-121.660720"><ele>1777.0</ele></trkpt>
<trkpt lat="46.866252" lon="-121.660693"><ele>1786.0</ele></trkpt>
<trkpt lat="46.866238" lon="-121.660674"><ele>1788.0</ele></trkpt>
<trkpt lat="46.866195" lon="-121.660656"><ele>1791.0</ele></trkpt>
<trkpt lat="46.866149" lon="-121.660554"><ele>1788.0</ele></trkpt>
<trkpt lat="46.866043" lon="-121.660507"><ele>1798.0</ele></trkpt>
<trkpt lat="46.866022" lon="-121.660471"><ele>1798.0</ele></trkpt>
<trkpt lat="46.865933" lon="-121.660386"><ele>1800.0</ele></trkpt>
<trkpt lat="46.865899" lon="-121.660331"><ele>1800.0</ele></trkpt>
<trkpt lat="46.865794" lon="-121.660054"><ele>1808.0</ele></trkpt>
<trkpt lat="46.865763" lon="-121.659999"><ele>1808.0</ele></trkpt>
<trkpt lat="46.865680" lon="-121.659902"><ele>1810.0</ele></trkpt>
<trkpt lat="46.865583" lon="-121.659832"><ele>1813.0</ele></trkpt>
<trkpt lat="46.865522" lon="-121.659711"><ele>1810.0</ele></trkpt>
<trkpt lat="46.865483" lon="-121.659667"><ele>1810.0</ele></trkpt>
<trkpt lat="46.865411" lon="-121.659514"><ele>1815.0</ele></trkpt>
<trkpt lat="46.865394" lon="-121.659420"><ele>1814.0</ele></trkpt>
<trkpt lat="46.865343" lon="-121.659336"><ele>1815.0</ele></trkpt>
<trkpt lat="46.865334" lon="-121.659301"><ele>1815.0</ele></trkpt>
<trkpt lat="46.865337" lon="-121.659177"><ele>1815.0</ele></trkpt>
<trkpt lat="46.865323" lon="-121.659143"><ele>1817.0</ele></trkpt>
<trkpt lat="46.865325" lon="-121.659051"><ele>1818.0</ele></trkpt>
<trkpt lat="46.865306" lon="-121.659010"><ele>1818.0</ele></trkpt>
<trkpt lat="46.865310" lon="-121.658902"><ele>1818.0</ele></trkpt>
<trkpt lat="46.865278" lon="-121.658851"><ele>1815.0</ele></trkpt>
<trkpt lat="46.865338" lon="-121.658857"><ele>1792.0</ele></trkpt>
<trkpt lat="46.865328" lon="-121.658914"><ele>1820.0</ele></trkpt>
<trkpt lat="46.865313" lon="-121.658832"><ele>1815.0</ele></trkpt>
<trkpt lat="46.865292" lon="-121.658901"><ele>1806.0</ele></trkpt>
<trkpt lat="46.865267" lon="-121.658920"><ele>1815.0</ele></trkpt>
<trkpt lat="46.865238" lon="-121.658903"><ele>1815.0</ele></trkpt>
<trkpt lat="46.865234" lon="-121.658846"><ele>1816.0</ele></trkpt>
<trkpt lat="46.865291" lon="-121.658859"><ele>1819.0</ele></trkpt>
<trkpt lat="46.865368" lon="-121.658855"><ele>1818.0</ele></trkpt>
<trkpt lat="46.865421" lon="-121.658880"><ele>1823.0</ele></trkpt>
<trkpt lat="46.865466" lon="-121.658880"><ele>1824.0</ele></trkpt>
<trkpt lat="46.865474" lon="-121.658857"><ele>1822.0</ele></trkpt>
<trkpt lat="46.865571" lon="-121.658794"><ele>1824.0</ele></trkpt>
<trkpt lat="46.865606" lon="-121.658801"><ele>1820.0</ele></trkpt>
<trkpt lat="46.865677" lon="-121.658783"><ele>1818.0</ele></trkpt>
<trkpt lat="46.865806" lon="-121.658722"><ele>1818.0</ele></trkpt>
<trkpt lat="46.865892" lon="-121.658667"><ele>1820.0</ele></trkpt>
<trkpt lat="46.865942" lon="-121.658603"><ele>1821.0</ele></trkpt>
<trkpt lat="46.865942" lon="-121.658514"><ele>1814.0</ele></trkpt>
<trkpt lat="46.865954" lon="-121.658645"><ele>1820.0</ele></trkpt>
<trkpt lat="46.865881" lon="-121.658722"><ele>1821.0</ele></trkpt>
<trkpt lat="46.865792" lon="-121.658757"><ele>1818.0</ele></trkpt>
<trkpt lat="46.865748" lon="-121.658811"><ele>1816.0</ele></trkpt>
<trkpt lat="46.865655" lon="-121.658856"><ele>1820.0</ele></trkpt>
<trkpt lat="46.865577" lon="-121.658860"><ele>1824.0</ele></trkpt>
<trkpt lat="46.865565" lon="-121.658836"><ele>1822.0</ele></trkpt>
<trkpt lat="46.865521" lon="-121.658839"><ele>1821.0</ele></trkpt>
<trkpt lat="46.865482" lon="-121.658886"><ele>1820.0</ele></trkpt>
<trkpt lat="46.865381" lon="-121.658916"><ele>1820.0</ele></trkpt>
<trkpt lat="46.865297" lon="-121.658846"><ele>1814.0</ele></trkpt>
<trkpt lat="46.865301" lon="-121.658833"><ele>1813.0</ele></trkpt>
<trkpt lat="46.865319" lon="-121.658837"><ele>1816.0</ele></trkpt>
<trkpt lat="46.865348" lon="-121.658884"><ele>1815.0</ele></trkpt>
<trkpt lat="46.865344" lon="-121.658932"><ele>1800.0</ele></trkpt>
<trkpt lat="46.865295" lon="-121.658845"><ele>1808.0</ele></trkpt>
<trkpt lat="46.865321" lon="-121.658922"><ele>1815.0</ele></trkpt>
<trkpt lat="46.865312" lon="-121.658916"><ele>1812.0</ele></trkpt>
<trkpt lat="46.865321" lon="-121.659043"><ele>1815.0</ele></trkpt>
<trkpt lat="46.865338" lon="-121.659070"><ele>1816.0</ele></trkpt>
<trkpt lat="46.865328" lon="-121.659156"><ele>1816.0</ele></trkpt>
<trkpt lat="46.865276" lon="-121.659315"><ele>1812.0</ele></trkpt>
<trkpt lat="46.865227" lon="-121.659387"><ele>1814.0</ele></trkpt>
<trkpt lat="46.865197" lon="-121.659405"><ele>1815.0</ele></trkpt>
<trkpt lat="46.865083" lon="-121.659515"><ele>1812.0</ele></trkpt>
<trkpt lat="46.864773" lon="-121.659648"><ele>1810.0</ele></trkpt>
<trkpt lat="46.864720" lon="-121.659693"><ele>1809.0</ele></trkpt>
<trkpt lat="46.864630" lon="-121.659798"><ele>1808.0</ele></trkpt>
<trkpt lat="46.864563" lon="-121.659844"><ele>1806.0</ele></trkpt>
<trkpt lat="46.864228" lon="-121.660223"><ele>1810.0</ele></trkpt>
<trkpt lat="46.864208" lon="-121.660249"><ele>1812.0</ele></trkpt>
<trkpt lat="46.864202" lon="-121.660282"><ele>1809.0</ele></trkpt>
<trkpt lat="46.864176" lon="-121.660313"><ele>1816.0</ele></trkpt>
<trkpt lat="46.864151" lon="-121.660383"><ele>1813.0</ele></trkpt>
<trkpt lat="46.864109" lon="-121.660419"><ele>1820.0</ele></trkpt>
<trkpt lat="46.864097" lon="-121.660464"><ele>1816.0</ele></trkpt>
<trkpt lat="46.864045" lon="-121.660511"><ele>1818.0</ele></trkpt>
<trkpt lat="46.863914" lon="-121.660683"><ele>1824.0</ele></trkpt>
<trkpt lat="46.863792" lon="-121.660801"><ele>1828.0</ele></trkpt>
<trkpt lat="46.863756" lon="-121.660896"><ele>1832.0</ele></trkpt>
<trkpt lat="46.863407" lon="-121.661303"><ele>1840.0</ele></trkpt>
<trkpt lat="46.863374" lon="-121.661385"><ele>1843.0</ele></trkpt>
<trkpt lat="46.863330" lon="-121.661444"><ele>1845.0</ele></trkpt>
<trkpt lat="46.863183" lon="-121.661587"><ele>1848.0</ele></trkpt>
<trkpt lat="46.863093" lon="-121.661748"><ele>1855.0</ele></trkpt>
<trkpt lat="46.863102" lon="-121.661780"><ele>1855.0</ele></trkpt>
<trkpt lat="46.863068" lon="-121.661820"><ele>1860.0</ele></trkpt>
<trkpt lat="46.863070" lon="-121.661838"><ele>1858.0</ele></trkpt>
<trkpt lat="46.863038" lon="-121.661939"><ele>1861.0</ele></trkpt>
<trkpt lat="46.863037" lon="-121.661986"><ele>1866.0</ele></trkpt>
<trkpt lat="46.863009" lon="-121.662034"><ele>1863.0</ele></trkpt>
<trkpt lat="46.863000" lon="-121.662095"><ele>1864.0</ele></trkpt>
<trkpt lat="46.862932" lon="-121.662278"><ele>1872.0</ele></trkpt>
<trkpt lat="46.862912" lon="-121.662404"><ele>1870.0</ele></trkpt>
<trkpt lat="46.862894" lon="-121.662450"><ele>1879.0</ele></trkpt>
<trkpt lat="46.862856" lon="-121.662660"><ele>1884.0</ele></trkpt>
<trkpt lat="46.862854" lon="-121.662948"><ele>1890.0</ele></trkpt>
<trkpt lat="46.862832" lon="-121.663011"><ele>1892.0</ele></trkpt>
<trkpt lat="46.862830" lon="-121.663179"><ele>1901.0</ele></trkpt>
<trkpt lat="46.862724" lon="-121.663524"><ele>1911.0</ele></trkpt>
<trkpt lat="46.862665" lon="-121.663677"><ele>1915.0</ele></trkpt>
<trkpt lat="46.862595" lon="-121.663818"><ele>1920.0</ele></trkpt>
<trkpt lat="46.862544" lon="-121.663995"><ele>1926.0</ele></trkpt>
<trkpt lat="46.862484" lon="-121.664019"><ele>1920.0</ele></trkpt>
<trkpt lat="46.862435" lon="-121.664064"><ele>1931.0</ele></trkpt>
<trkpt lat="46.862292" lon="-121.664049"><ele>1937.0</ele></trkpt>
<trkpt lat="46.862117" lon="-121.664105"><ele>1949.0</ele></trkpt>
<trkpt lat="46.862073" lon="-121.664147"><ele>1950.0</ele></trkpt>
<trkpt lat="46.862029" lon="-121.664158"><ele>1952.0</ele></trkpt>
<trkpt lat="46.862017" lon="-121.664179"><ele>1954.0</ele></trkpt>
<trkpt lat="46.861977" lon="-121.664200"><ele>1958.0</ele></trkpt>
<trkpt lat="46.861623" lon="-121.664253"><ele>1977.0</ele></trkpt>
<trkpt lat="46.861552" lon="-121.664228"><ele>1982.0</ele></trkpt>
<trkpt lat="46.861476" lon="-121.664238"><ele>1987.0</ele></trkpt>
<trkpt lat="46.861423" lon="-121.664227"><ele>1989.0</ele></trkpt>
<trkpt lat="46.861353" lon="-121.664227"><ele>1995.0</ele></trkpt>
<trkpt lat="46.861187" lon="-121.664159"><ele>2008.0</ele></trkpt>
<trkpt lat="46.861004" lon="-121.664105"><ele>2024.0</ele></trkpt>
<trkpt lat="46.860974" lon="-121.664109"><ele>2006.0</ele></trkpt>
<trkpt lat="46.860918" lon="-121.664135"><ele>2025.0</ele></trkpt>
<trkpt lat="46.860759" lon="-121.664130"><ele>2040.0</ele></trkpt>
<trkpt lat="46.860693" lon="-121.664142"><ele>2045.0</ele></trkpt>
<trkpt lat="46.860591" lon="-121.664108"><ele>2051.0</ele></trkpt>
<trkpt lat="46.860538" lon="-121.664107"><ele>2054.0</ele></trkpt>
<trkpt lat="46.860436" lon="-121.664059"><ele>2062.0</ele></trkpt>
<trkpt lat="46.860383" lon="-121.664047"><ele>2065.0</ele></trkpt>
<trkpt lat="46.860278" lon="-121.663986"><ele>2073.0</ele></trkpt>
<trkpt lat="46.860200" lon="-121.663970"><ele>2079.0</ele></trkpt>
<trkpt lat="46.860100" lon="-121.663916"><ele>2086.0</ele></trkpt>
<trkpt lat="46.859914" lon="-121.663694"><ele>2100.0</ele></trkpt>
<trkpt lat="46.859870" lon="-121.663677"><ele>2106.0</ele></trkpt>
<trkpt lat="46.859769" lon="-121.663605"><ele>2116.0</ele></trkpt>
<trkpt lat="46.859706" lon="-121.663524"><ele>2120.0</ele></trkpt>
<trkpt lat="46.859664" lon="-121.663537"><ele>2130.0</ele></trkpt>
<trkpt lat="46.859605" lon="-121.663513"><ele>2132.0</ele></trkpt>
<trkpt lat="46.859578" lon="-121.663526"><ele>2136.0</ele></trkpt>
<trkpt lat="46.859476" lon="-121.663488"><ele>2139.0</ele></trkpt>
<trkpt lat="46.859385" lon="-121.663526"><ele>2144.0</ele></trkpt>
<trkpt lat="46.859354" lon="-121.663442"><ele>2142.0</ele></trkpt>
<trkpt lat="46.859317" lon="-121.663454"><ele>2147.0</ele></trkpt>
<trkpt lat="46.859252" lon="-121.663441"><ele>2148.0</ele></trkpt>
<trkpt lat="46.859116" lon="-121.663465"><ele>2152.0</ele></trkpt>
<trkpt lat="46.858999" lon="-121.663522"><ele>2156.0</ele></trkpt>
<trkpt lat="46.858949" lon="-121.663533"><ele>2155.0</ele></trkpt>
<trkpt lat="46.858872" lon="-121.663591"><ele>2156.0</ele></trkpt>
<trkpt lat="46.858744" lon="-121.663620"><ele>2165.0</ele></trkpt>
<trkpt lat="46.858716" lon="-121.663654"><ele>2169.0</ele></trkpt>
<trkpt lat="46.858685" lon="-121.663644"><ele>2170.0</ele></trkpt>
<trkpt lat="46.858641" lon="-121.663710"><ele>2174.0</ele></trkpt>
<trkpt lat="46.858601" lon="-121.663734"><ele>2160.0</ele></trkpt>
<trkpt lat="46.858569" lon="-121.663795"><ele>2176.0</ele></trkpt>
<trkpt lat="46.858554" lon="-121.663786"><ele>2172.0</ele></trkpt>
<trkpt lat="46.858523" lon="-121.663831"><ele>2177.0</ele></trkpt>
<trkpt lat="46.858451" lon="-121.663855"><ele>2180.0</ele></trkpt>
<trkpt lat="46.858339" lon="-121.663821"><ele>2188.0</ele></trkpt>
<trkpt lat="46.858179" lon="-121.663804"><ele>2196.0</ele></trkpt>
<trkpt lat="46.858116" lon="-121.663809"><ele>2190.0</ele></trkpt>
<trkpt lat="46.858068" lon="-121.663801"><ele>2202.0</ele></trkpt>
<trkpt lat="46.858037" lon="-121.663742"><ele>2206.0</ele></trkpt>
<trkpt lat="46.858019" lon="-121.663673"><ele>2207.0</ele></trkpt>
<trkpt lat="46.857981" lon="-121.663619"><ele>2200.0</ele></trkpt>
<trkpt lat="46.857956" lon="-121.663525"><ele>2208.0</ele></trkpt>
<trkpt lat="46.857945" lon="-121.663426"><ele>2208.0</ele></trkpt>
<trkpt lat="46.857958" lon="-121.663369"><ele>2193.0</ele></trkpt>
<trkpt lat="46.857954" lon="-121.663288"><ele>2208.0</ele></trkpt>
<trkpt lat="46.857914" lon="-121.663218"><ele>2209.0</ele></trkpt>
<trkpt lat="46.857954" lon="-121.663149"><ele>2210.0</ele></trkpt>
<trkpt lat="46.857932" lon="-121.663212"><ele>2208.0</ele></trkpt>
<trkpt lat="46.857950" lon="-121.663165"><ele>2211.0</ele></trkpt>
<trkpt lat="46.858092" lon="-121.663004"><ele>2214.0</ele></trkpt>
<trkpt lat="46.858163" lon="-121.662890"><ele>2214.0</ele></trkpt>
<trkpt lat="46.858211" lon="-121.662847"><ele>2215.0</ele></trkpt>
<trkpt lat="46.858244" lon="-121.662784"><ele>2216.0</ele></trkpt>
<trkpt lat="46.858250" lon="-121.662728"><ele>2220.0</ele></trkpt>
<trkpt lat="46.858308" lon="-121.662589"><ele>2220.0</ele></trkpt>
<trkpt lat="46.858335" lon="-121.662545"><ele>2220.0</ele></trkpt>
<trkpt lat="46.858377" lon="-121.662509"><ele>2210.0</ele></trkpt>
<trkpt lat="46.858351" lon="-121.662563"><ele>2221.0</ele></trkpt>
<trkpt lat="46.858326" lon="-121.662554"><ele>2217.0</ele></trkpt>
<trkpt lat="46.858260" lon="-121.662627"><ele>2220.0</ele></trkpt>
<trkpt lat="46.858240" lon="-121.662671"><ele>2220.0</ele></trkpt>
<trkpt lat="46.858247" lon="-121.662710"><ele>2216.0</ele></trkpt>
<trkpt lat="46.858213" lon="-121.662763"><ele>2212.0</ele></trkpt>
<trkpt lat="46.858229" lon="-121.662848"><ele>2219.0</ele></trkpt>
<trkpt lat="46.858128" lon="-121.662954"><ele>2212.0</ele></trkpt>
<trkpt lat="46.858005" lon="-121.663144"><ele>2212.0</ele></trkpt>
<trkpt lat="46.857982" lon="-121.663144"><ele>2213.0</ele></trkpt>
<trkpt lat="46.857931" lon="-121.663234"><ele>2209.0</ele></trkpt>
<trkpt lat="46.857969" lon="-121.663266"><ele>2210.0</ele></trkpt>
<trkpt lat="46.857973" lon="-121.663303"><ele>2210.0</ele></trkpt>
<trkpt lat="46.857952" lon="-121.663395"><ele>2208.0</ele></trkpt>
<trkpt lat="46.857954" lon="-121.663432"><ele>2208.0</ele></trkpt>
<trkpt lat="46.857897" lon="-121.663614"><ele>2205.0</ele></trkpt>
<trkpt lat="46.857897" lon="-121.663651"><ele>2212.0</ele></trkpt>
<trkpt lat="46.857867" lon="-121.663737"><ele>2210.0</ele></trkpt>
<trkpt lat="46.857820" lon="-121.663958"><ele>2214.0</ele></trkpt>
<trkpt lat="46.857780" lon="-121.664058"><ele>2219.0</ele></trkpt>
<trkpt lat="46.857767" lon="-121.664128"><ele>2221.0</ele></trkpt>
<trkpt lat="46.857730" lon="-121.664195"><ele>2226.0</ele></trkpt>
<trkpt lat="46.857721" lon="-121.664264"><ele>2223.0</ele></trkpt>
<trkpt lat="46.857700" lon="-121.664324"><ele>2228.0</ele></trkpt>
<trkpt lat="46.857700" lon="-121.664453"><ele>2232.0</ele></trkpt>
<trkpt lat="46.857659" lon="-121.664529"><ele>2233.0</ele></trkpt>
<trkpt lat="46.857617" lon="-121.664703"><ele>2240.0</ele></trkpt>
<trkpt lat="46.857595" lon="-121.664758"><ele>2242.0</ele></trkpt>
<trkpt lat="46.857582" lon="-121.664842"><ele>2246.0</ele></trkpt>
<trkpt lat="46.857524" lon="-121.665036"><ele>2249.0</ele></trkpt>
<trkpt lat="46.857495" lon="-121.665066"><ele>2254.0</ele></trkpt>
<trkpt lat="46.857467" lon="-121.665179"><ele>2262.0</ele></trkpt>
<trkpt lat="46.857411" lon="-121.665338"><ele>2260.0</ele></trkpt>
<trkpt lat="46.857423" lon="-121.665382"><ele>2272.0</ele></trkpt>
<trkpt lat="46.857402" lon="-121.665474"><ele>2275.0</ele></trkpt>
<trkpt lat="46.857390" lon="-121.665593"><ele>2280.0</ele></trkpt>
<trkpt lat="46.857392" lon="-121.665853"><ele>2290.0</ele></trkpt>
<trkpt lat="46.857420" lon="-121.665947"><ele>2286.0</ele></trkpt>
<trkpt lat="46.857392" lon="-121.666066"><ele>2288.0</ele></trkpt>
<trkpt lat="46.857336" lon="-121.666165"><ele>2302.0</ele></trkpt>
<trkpt lat="46.857315" lon="-121.666255"><ele>2299.0</ele></trkpt>
<trkpt lat="46.857204" lon="-121.666495"><ele>2308.0</ele></trkpt>
<trkpt lat="46.857157" lon="-121.666513"><ele>2310.0</ele></trkpt>
<trkpt lat="46.857122" lon="-121.666597"><ele>2310.0</ele></trkpt>
<trkpt lat="46.857033" lon="-121.666689"><ele>2310.0</ele></trkpt>
<trkpt lat="46.856955" lon="-121.666730"><ele>2310.0</ele></trkpt>
<trkpt lat="46.856917" lon="-121.666708"><ele>2310.0</ele></trkpt>
<trkpt lat="46.856861" lon="-121.666748"><ele>2310.0</ele></trkpt>
<trkpt lat="46.856892" lon="-121.666833"><ele>2310.0</ele></trkpt>
<trkpt lat="46.856864" lon="-121.666826"><ele>2308.0</ele></trkpt>
<trkpt lat="46.856878" lon="-121.666907"><ele>2310.0</ele></trkpt>
<trkpt lat="46.856792" lon="-121.666986"><ele>2312.0</ele></trkpt>
<trkpt lat="46.856873" lon="-121.666897"><ele>2310.0</ele></trkpt>
<trkpt lat="46.856884" lon="-121.666865"><ele>2310.0</ele></trkpt>
<trkpt lat="46.856853" lon="-121.666759"><ele>2305.0</ele></trkpt>
<trkpt lat="46.856886" lon="-121.666719"><ele>2306.0</ele></trkpt>
<trkpt lat="46.856864" lon="-121.666775"><ele>2308.0</ele></trkpt>
<trkpt lat="46.856831" lon="-121.666770"><ele>2308.0</ele></trkpt>
<trkpt lat="46.856852" lon="-121.666788"><ele>2310.0</ele></trkpt>
<trkpt lat="46.856882" lon="-121.666842"><ele>2312.0</ele></trkpt>
<trkpt lat="46.856879" lon="-121.666849"><ele>2311.0</ele></trkpt>
<trkpt lat="46.856893" lon="-121.666856"><ele>2313.0</ele></trkpt>
<trkpt lat="46.856887" lon="-121.666982"><ele>2311.0</ele></trkpt>
<trkpt lat="46.856880" lon="-121.667016"><ele>2310.0</ele></trkpt>
<trkpt lat="46.856856" lon="-121.667041"><ele>2310.0</ele></trkpt>
<trkpt lat="46.856820" lon="-121.667178"><ele>2310.0</ele></trkpt>
<trkpt lat="46.856810" lon="-121.667325"><ele>2307.0</ele></trkpt>
<trkpt lat="46.856775" lon="-121.667431"><ele>2308.0</ele></trkpt>
<trkpt lat="46.856739" lon="-121.667480"><ele>2310.0</ele></trkpt>
<trkpt lat="46.856705" lon="-121.667505"><ele>2309.0</ele></trkpt>
<trkpt lat="46.856454" lon="-121.667890"><ele>2312.0</ele></trkpt>
<trkpt lat="46.856399" lon="-121.667948"><ele>2313.0</ele></trkpt>
<trkpt lat="46.856345" lon="-121.667969"><ele>2312.0</ele></trkpt>
<trkpt lat="46.856237" lon="-121.668048"><ele>2319.0</ele></trkpt>
<trkpt lat="46.856217" lon="-121.668101"><ele>2320.0</ele></trkpt>
<trkpt lat="46.856200" lon="-121.668236"><ele>2322.0</ele></trkpt>
<trkpt lat="46.856118" lon="-121.668461"><ele>2330.0</ele></trkpt>
<trkpt lat="46.856085" lon="-121.668516"><ele>2332.0</ele></trkpt>
<trkpt lat="46.856003" lon="-121.668544"><ele>2329.0</ele></trkpt>
<trkpt lat="46.855972" lon="-121.668649"><ele>2332.0</ele></trkpt>
<trkpt lat="46.855963" lon="-121.668801"><ele>2336.0</ele></trkpt>
<trkpt lat="46.855969" lon="-121.668876"><ele>2334.0</ele></trkpt>
<trkpt lat="46.855957" lon="-121.668907"><ele>2331.0</ele></trkpt>
<trkpt lat="46.855919" lon="-121.669329"><ele>2340.0</ele></trkpt>
<trkpt lat="46.855897" lon="-121.669384"><ele>2346.0</ele></trkpt>
<trkpt lat="46.855920" lon="-121.669415"><ele>2347.0</ele></trkpt>
<trkpt lat="46.855895" lon="-121.669467"><ele>2350.0</ele></trkpt>
<trkpt lat="46.855845" lon="-121.669689"><ele>2351.0</ele></trkpt>
<trkpt lat="46.855845" lon="-121.669753"><ele>2354.0</ele></trkpt>
<trkpt lat="46.855822" lon="-121.669833"><ele>2352.0</ele></trkpt>
<trkpt lat="46.855762" lon="-121.670267"><ele>2358.0</ele></trkpt>
<trkpt lat="46.855735" lon="-121.670574"><ele>2371.0</ele></trkpt>
<trkpt lat="46.855676" lon="-121.670909"><ele>2373.0</ele></trkpt>
<trkpt lat="46.855605" lon="-121.671185"><ele>2377.0</ele></trkpt>
<trkpt lat="46.855549" lon="-121.671511"><ele>2388.0</ele></trkpt>
<trkpt lat="46.855481" lon="-121.671808"><ele>2388.0</ele></trkpt>
<trkpt lat="46.855440" lon="-121.671884"><ele>2392.0</ele></trkpt>
<trkpt lat="46.855405" lon="-121.672010"><ele>2396.0</ele></trkpt>
<trkpt lat="46.855410" lon="-121.672112"><ele>2395.0</ele></trkpt>
<trkpt lat="46.855392" lon="-121.672138"><ele>2390.0</ele></trkpt>
<trkpt lat="46.855339" lon="-121.672362"><ele>2400.0</ele></trkpt>
<trkpt lat="46.855314" lon="-121.672492"><ele>2402.0</ele></trkpt>
<trkpt lat="46.855319" lon="-121.672531"><ele>2400.0</ele></trkpt>
<trkpt lat="46.855294" lon="-121.672588"><ele>2400.0</ele></trkpt>
<trkpt lat="46.855286" lon="-121.672655"><ele>2405.0</ele></trkpt>
<trkpt lat="46.855263" lon="-121.672724"><ele>2406.0</ele></trkpt>
<trkpt lat="46.855214" lon="-121.673026"><ele>2403.0</ele></trkpt>
<trkpt lat="46.855168" lon="-121.673169"><ele>2412.0</ele></trkpt>
<trkpt lat="46.855136" lon="-121.673317"><ele>2412.0</ele></trkpt>
<trkpt lat="46.855107" lon="-121.673392"><ele>2416.0</ele></trkpt>
<trkpt lat="46.855085" lon="-121.673542"><ele>2418.0</ele></trkpt>
<trkpt lat="46.855054" lon="-121.673622"><ele>2422.0</ele></trkpt>
<trkpt lat="46.854886" lon="-121.674302"><ele>2434.0</ele></trkpt>
<trkpt lat="46.854861" lon="-121.674358"><ele>2424.0</ele></trkpt>
<trkpt lat="46.854863" lon="-121.674424"><ele>2436.0</ele></trkpt>
<trkpt lat="46.854781" lon="-121.674735"><ele>2440.0</ele></trkpt>
<trkpt lat="46.854769" lon="-121.674848"><ele>2440.0</ele></trkpt>
<trkpt lat="46.854723" lon="-121.675007"><ele>2444.0</ele></trkpt>
<trkpt lat="46.854659" lon="-121.675320"><ele>2448.0</ele></trkpt>
<trkpt lat="46.854622" lon="-121.675432"><ele>2448.0</ele></trkpt>
<trkpt lat="46.854622" lon="-121.675458"><ele>2451.0</ele></trkpt>
<trkpt lat="46.854599" lon="-121.675498"><ele>2450.0</ele></trkpt>
<trkpt lat="46.854555" lon="-121.675772"><ele>2455.0</ele></trkpt>
<trkpt lat="46.854522" lon="-121.675852"><ele>2456.0</ele></trkpt>
<trkpt lat="46.854501" lon="-121.676001"><ele>2460.0</ele></trkpt>
<trkpt lat="46.854462" lon="-121.676147"><ele>2460.0</ele></trkpt>
<trkpt lat="46.854428" lon="-121.676355"><ele>2457.0</ele></trkpt>
<trkpt lat="46.854145" lon="-121.677488"><ele>2480.0</ele></trkpt>
<trkpt lat="46.854145" lon="-121.677523"><ele>2480.0</ele></trkpt>
<trkpt lat="46.854117" lon="-121.677583"><ele>2478.0</ele></trkpt>
<trkpt lat="46.854054" lon="-121.677807"><ele>2483.0</ele></trkpt>
<trkpt lat="46.854051" lon="-121.677907"><ele>2480.0</ele></trkpt>
<trkpt lat="46.854018" lon="-121.678042"><ele>2484.0</ele></trkpt>
<trkpt lat="46.853944" lon="-121.678744"><ele>2490.0</ele></trkpt>
<trkpt lat="46.853921" lon="-121.678881"><ele>2490.0</ele></trkpt>
<trkpt lat="46.853911" lon="-121.679045"><ele>2492.0</ele></trkpt>
<trkpt lat="46.853871" lon="-121.679350"><ele>2493.0</ele></trkpt>
<trkpt lat="46.853836" lon="-121.679511"><ele>2492.0</ele></trkpt>
<trkpt lat="46.853837" lon="-121.679635"><ele>2496.0</ele></trkpt>
<trkpt lat="46.853762" lon="-121.679856"><ele>2498.0</ele></trkpt>
<trkpt lat="46.853710" lon="-121.679929"><ele>2500.0</ele></trkpt>
<trkpt lat="46.853503" lon="-121.680321"><ele>2510.0</ele></trkpt>
<trkpt lat="46.853473" lon="-121.680342"><ele>2506.0</ele></trkpt>
<trkpt lat="46.853460" lon="-121.680373"><ele>2509.0</ele></trkpt>
<trkpt lat="46.853428" lon="-121.680399"><ele>2508.0</ele></trkpt>
<trkpt lat="46.853324" lon="-121.680540"><ele>2511.0</ele></trkpt>
<trkpt lat="46.853196" lon="-121.680790"><ele>2519.0</ele></trkpt>
<trkpt lat="46.853044" lon="-121.681039"><ele>2525.0</ele></trkpt>
<trkpt lat="46.852888" lon="-121.681128"><ele>2529.0</ele></trkpt>
<trkpt lat="46.852745" lon="-121.681235"><ele>2538.0</ele></trkpt>
<trkpt lat="46.852632" lon="-121.681283"><ele>2538.0</ele></trkpt>
<trkpt lat="46.852488" lon="-121.681369"><ele>2546.0</ele></trkpt>
<trkpt lat="46.852402" lon="-121.681455"><ele>2544.0</ele></trkpt>
<trkpt lat="46.852386" lon="-121.681489"><ele>2550.0</ele></trkpt>
<trkpt lat="46.852354" lon="-121.681644"><ele>2552.0</ele></trkpt>
<trkpt lat="46.852336" lon="-121.681661"><ele>2548.0</ele></trkpt>
<trkpt lat="46.852320" lon="-121.681764"><ele>2552.0</ele></trkpt>
<trkpt lat="46.852229" lon="-121.681905"><ele>2560.0</ele></trkpt>
<trkpt lat="46.852067" lon="-121.682226"><ele>2570.0</ele></trkpt>
<trkpt lat="46.852040" lon="-121.682341"><ele>2571.0</ele></trkpt>
<trkpt lat="46.852027" lon="-121.682480"><ele>2576.0</ele></trkpt>
<trkpt lat="46.851979" lon="-121.682637"><ele>2578.0</ele></trkpt>
<trkpt lat="46.851976" lon="-121.682738"><ele>2576.0</ele></trkpt>
<trkpt lat="46.851958" lon="-121.682819"><ele>2583.0</ele></trkpt>
<trkpt lat="46.851916" lon="-121.682983"><ele>2580.0</ele></trkpt>
<trkpt lat="46.851874" lon="-121.683080"><ele>2586.0</ele></trkpt>
<trkpt lat="46.851855" lon="-121.683242"><ele>2588.0</ele></trkpt>
<trkpt lat="46.851754" lon="-121.683575"><ele>2595.0</ele></trkpt>
<trkpt lat="46.851708" lon="-121.683819"><ele>2590.0</ele></trkpt>
<trkpt lat="46.851649" lon="-121.684009"><ele>2600.0</ele></trkpt>
<trkpt lat="46.851648" lon="-121.684046"><ele>2602.0</ele></trkpt>
<trkpt lat="46.851591" lon="-121.684149"><ele>2604.0</ele></trkpt>
<trkpt lat="46.851548" lon="-121.684300"><ele>2608.0</ele></trkpt>
<trkpt lat="46.851491" lon="-121.684427"><ele>2610.0</ele></trkpt>
<trkpt lat="46.851434" lon="-121.684511"><ele>2609.0</ele></trkpt>
<trkpt lat="46.851407" lon="-121.684728"><ele>2616.0</ele></trkpt>
<trkpt lat="46.851373" lon="-121.684912"><ele>2618.0</ele></trkpt>
<trkpt lat="46.851353" lon="-121.685128"><ele>2622.0</ele></trkpt>
<trkpt lat="46.851327" lon="-121.685240"><ele>2619.0</ele></trkpt>
<trkpt lat="46.851306" lon="-121.685264"><ele>2620.0</ele></trkpt>
<trkpt lat="46.851286" lon="-121.685421"><ele>2625.0</ele></trkpt>
<trkpt lat="46.851253" lon="-121.685537"><ele>2629.0</ele></trkpt>
<trkpt lat="46.851256" lon="-121.685553"><ele>2628.0</ele></trkpt>
<trkpt lat="46.851240" lon="-121.685584"><ele>2628.0</ele></trkpt>
<trkpt lat="46.851131" lon="-121.686345"><ele>2636.0</ele></trkpt>
<trkpt lat="46.851125" lon="-121.686558"><ele>2635.0</ele></trkpt>
<trkpt lat="46.851095" lon="-121.686653"><ele>2636.0</ele></trkpt>
<trkpt lat="46.851025" lon="-121.686988"><ele>2632.0</ele></trkpt>
<trkpt lat="46.850968" lon="-121.687175"><ele>2629.0</ele></trkpt>
<trkpt lat="46.850893" lon="-121.687659"><ele>2642.0</ele></trkpt>
<trkpt lat="46.850787" lon="-121.688078"><ele>2646.0</ele></trkpt>
<trkpt lat="46.850768" lon="-121.688204"><ele>2649.0</ele></trkpt>
<trkpt lat="46.850733" lon="-121.688320"><ele>2646.0</ele></trkpt>
<trkpt lat="46.850721" lon="-121.688466"><ele>2652.0</ele></trkpt>
<trkpt lat="46.850676" lon="-121.688651"><ele>2653.0</ele></trkpt>
<trkpt lat="46.850650" lon="-121.688709"><ele>2656.0</ele></trkpt>
<trkpt lat="46.850639" lon="-121.688825"><ele>2653.0</ele></trkpt>
<trkpt lat="46.850605" lon="-121.688947"><ele>2658.0</ele></trkpt>
<trkpt lat="46.850571" lon="-121.689209"><ele>2656.0</ele></trkpt>
<trkpt lat="46.850527" lon="-121.689388"><ele>2666.0</ele></trkpt>
<trkpt lat="46.850493" lon="-121.689452"><ele>2660.0</ele></trkpt>
<trkpt lat="46.850448" lon="-121.689835"><ele>2672.0</ele></trkpt>
<trkpt lat="46.850413" lon="-121.689949"><ele>2674.0</ele></trkpt>
<trkpt lat="46.850423" lon="-121.689996"><ele>2676.0</ele></trkpt>
<trkpt lat="46.850364" lon="-121.690133"><ele>2675.0</ele></trkpt>
<trkpt lat="46.850331" lon="-121.690490"><ele>2680.0</ele></trkpt>
<trkpt lat="46.850282" lon="-121.690730"><ele>2687.0</ele></trkpt>
<trkpt lat="46.850257" lon="-121.690785"><ele>2680.0</ele></trkpt>
<trkpt lat="46.850237" lon="-121.691032"><ele>2688.0</ele></trkpt>
<trkpt lat="46.850220" lon="-121.691071"><ele>2690.0</ele></trkpt>
<trkpt lat="46.850219" lon="-121.691217"><ele>2694.0</ele></trkpt>
<trkpt lat="46.850188" lon="-121.691281"><ele>2688.0</ele></trkpt>
<trkpt lat="46.850175" lon="-121.691374"><ele>2694.0</ele></trkpt>
<trkpt lat="46.850182" lon="-121.691587"><ele>2698.0</ele></trkpt>
<trkpt lat="46.850161" lon="-121.691727"><ele>2698.0</ele></trkpt>
<trkpt lat="46.850164" lon="-121.691804"><ele>2696.0</ele></trkpt>
<trkpt lat="46.850143" lon="-121.691884"><ele>2699.0</ele></trkpt>
<trkpt lat="46.850149" lon="-121.692076"><ele>2701.0</ele></trkpt>
<trkpt lat="46.850138" lon="-121.692159"><ele>2692.0</ele></trkpt>
<trkpt lat="46.850140" lon="-121.692460"><ele>2700.0</ele></trkpt>
<trkpt lat="46.850121" lon="-121.692555"><ele>2700.0</ele></trkpt>
<trkpt lat="46.850133" lon="-121.692601"><ele>2706.0</ele></trkpt>
<trkpt lat="46.850131" lon="-121.692701"><ele>2706.0</ele></trkpt>
<trkpt lat="46.850118" lon="-121.692782"><ele>2705.0</ele></trkpt>
<trkpt lat="46.850122" lon="-121.692867"><ele>2709.0</ele></trkpt>
<trkpt lat="46.850108" lon="-121.692920"><ele>2701.0</ele></trkpt>
<trkpt lat="46.850104" lon="-121.693056"><ele>2700.0</ele></trkpt>
<trkpt lat="46.850117" lon="-121.693084"><ele>2702.0</ele></trkpt>
<trkpt lat="46.850109" lon="-121.693130"><ele>2711.0</ele></trkpt>
<trkpt lat="46.850117" lon="-121.693285"><ele>2712.0</ele></trkpt>
<trkpt lat="46.850097" lon="-121.693440"><ele>2715.0</ele></trkpt>
<trkpt lat="46.850134" lon="-121.693796"><ele>2720.0</ele></trkpt>
<trkpt lat="46.850150" lon="-121.694017"><ele>2716.0</ele></trkpt>
<trkpt lat="46.850147" lon="-121.694120"><ele>2722.0</ele></trkpt>
<trkpt lat="46.850159" lon="-121.694188"><ele>2717.0</ele></trkpt>
<trkpt lat="46.850135" lon="-121.694310"><ele>2720.0</ele></trkpt>
<trkpt lat="46.850156" lon="-121.694405"><ele>2727.0</ele></trkpt>
<trkpt lat="46.850148" lon="-121.694451"><ele>2728.0</ele></trkpt>
<trkpt lat="46.850121" lon="-121.694500"><ele>2729.0</ele></trkpt>
<trkpt lat="46.850131" lon="-121.694523"><ele>2730.0</ele></trkpt>
<trkpt lat="46.850041" lon="-121.694653"><ele>2729.0</ele></trkpt>
<trkpt lat="46.850070" lon="-121.694639"><ele>2738.0</ele></trkpt>
<trkpt lat="46.850054" lon="-121.694661"><ele>2739.0</ele></trkpt>
<trkpt lat="46.850051" lon="-121.694705"><ele>2740.0</ele></trkpt>
<trkpt lat="46.849954" lon="-121.694891"><ele>2748.0</ele></trkpt>
<trkpt lat="46.849914" lon="-121.694998"><ele>2754.0</ele></trkpt>
<trkpt lat="46.849764" lon="-121.695293"><ele>2763.0</ele></trkpt>
<trkpt lat="46.849726" lon="-121.695339"><ele>2760.0</ele></trkpt>
<trkpt lat="46.849660" lon="-121.695382"><ele>2771.0</ele></trkpt>
<trkpt lat="46.849630" lon="-121.695439"><ele>2772.0</ele></trkpt>
<trkpt lat="46.849568" lon="-121.695447"><ele>2775.0</ele></trkpt>
<trkpt lat="46.849564" lon="-121.695370"><ele>2776.0</ele></trkpt>
<trkpt lat="46.849585" lon="-121.695304"><ele>2772.0</ele></trkpt>
<trkpt lat="46.849568" lon="-121.695198"><ele>2772.0</ele></trkpt>
<trkpt lat="46.849583" lon="-121.695107"><ele>2770.0</ele></trkpt>
<trkpt lat="46.849565" lon="-121.695072"><ele>2774.0</ele></trkpt>
<trkpt lat="46.849562" lon="-121.695026"><ele>2777.0</ele></trkpt>
<trkpt lat="46.849573" lon="-121.695005"><ele>2776.0</ele></trkpt>
<trkpt lat="46.849545" lon="-121.694931"><ele>2772.0</ele></trkpt>
<trkpt lat="46.849568" lon="-121.694994"><ele>2776.0</ele></trkpt>
<trkpt lat="46.849546" lon="-121.695162"><ele>2772.0</ele></trkpt>
<trkpt lat="46.849559" lon="-121.695211"><ele>2773.0</ele></trkpt>
<trkpt lat="46.849545" lon="-121.695264"><ele>2771.0</ele></trkpt>
<trkpt lat="46.849555" lon="-121.695305"><ele>2772.0</ele></trkpt>
<trkpt lat="46.849590" lon="-121.695302"><ele>2772.0</ele></trkpt>
<trkpt lat="46.849584" lon="-121.695375"><ele>2772.0</ele></trkpt>
<trkpt lat="46.849562" lon="-121.695415"><ele>2754.0</ele></trkpt>
<trkpt lat="46.849560" lon="-121.695468"><ele>2778.0</ele></trkpt>
<trkpt lat="46.849528" lon="-121.695546"><ele>2772.0</ele></trkpt>
<trkpt lat="46.849534" lon="-121.695624"><ele>2774.0</ele></trkpt>
<trkpt lat="46.849522" lon="-121.695705"><ele>2767.0</ele></trkpt>
<trkpt lat="46.849496" lon="-121.695765"><ele>2770.0</ele></trkpt>
<trkpt lat="46.849486" lon="-121.695868"><ele>2774.0</ele></trkpt>
<trkpt lat="46.849453" lon="-121.696000"><ele>2776.0</ele></trkpt>
<trkpt lat="46.849433" lon="-121.696175"><ele>2780.0</ele></trkpt>
<trkpt lat="46.849388" lon="-121.696325"><ele>2781.0</ele></trkpt>
<trkpt lat="46.849308" lon="-121.696511"><ele>2784.0</ele></trkpt>
<trkpt lat="46.849227" lon="-121.696665"><ele>2788.0</ele></trkpt>
<trkpt lat="46.849153" lon="-121.696880"><ele>2783.0</ele></trkpt>
<trkpt lat="46.849122" lon="-121.696939"><ele>2791.0</ele></trkpt>
<trkpt lat="46.849074" lon="-121.697125"><ele>2796.0</ele></trkpt>
<trkpt lat="46.849051" lon="-121.697163"><ele>2795.0</ele></trkpt>
<trkpt lat="46.849034" lon="-121.697237"><ele>2793.0</ele></trkpt>
<trkpt lat="46.849004" lon="-121.697271"><ele>2794.0</ele></trkpt>
<trkpt lat="46.848942" lon="-121.697432"><ele>2799.0</ele></trkpt>
<trkpt lat="46.848929" lon="-121.697495"><ele>2800.0</ele></trkpt>
<trkpt lat="46.848900" lon="-121.697529"><ele>2802.0</ele></trkpt>
<trkpt lat="46.848865" lon="-121.697631"><ele>2799.0</ele></trkpt>
<trkpt lat="46.848873" lon="-121.697665"><ele>2804.0</ele></trkpt>
<trkpt lat="46.848822" lon="-121.697772"><ele>2802.0</ele></trkpt>
<trkpt lat="46.848766" lon="-121.697991"><ele>2796.0</ele></trkpt>
<trkpt lat="46.848734" lon="-121.698062"><ele>2805.0</ele></trkpt>
<trkpt lat="46.848722" lon="-121.698261"><ele>2808.0</ele></trkpt>
<trkpt lat="46.848684" lon="-121.698325"><ele>2810.0</ele></trkpt>
<trkpt lat="46.848683" lon="-121.698384"><ele>2805.0</ele></trkpt>
<trkpt lat="46.848668" lon="-121.698420"><ele>2808.0</ele></trkpt>
<trkpt lat="46.848675" lon="-121.698459"><ele>2807.0</ele></trkpt>
<trkpt lat="46.848693" lon="-121.698489"><ele>2806.0</ele></trkpt>
<trkpt lat="46.848663" lon="-121.698534"><ele>2809.0</ele></trkpt>
<trkpt lat="46.848666" lon="-121.698581"><ele>2808.0</ele></trkpt>
<trkpt lat="46.848647" lon="-121.698652"><ele>2805.0</ele></trkpt>
<trkpt lat="46.848655" lon="-121.698726"><ele>2810.0</ele></trkpt>
<trkpt lat="46.848623" lon="-121.698789"><ele>2812.0</ele></trkpt>
<trkpt lat="46.848610" lon="-121.698847"><ele>2815.0</ele></trkpt>
<trkpt lat="46.848626" lon="-121.698889"><ele>2811.0</ele></trkpt>
<trkpt lat="46.848602" lon="-121.698913"><ele>2812.0</ele></trkpt>
<trkpt lat="46.848560" lon="-121.699065"><ele>2814.0</ele></trkpt>
<trkpt lat="46.848521" lon="-121.699054"><ele>2824.0</ele></trkpt>
<trkpt lat="46.848542" lon="-121.699122"><ele>2821.0</ele></trkpt>
<trkpt lat="46.848514" lon="-121.699212"><ele>2822.0</ele></trkpt>
<trkpt lat="46.848521" lon="-121.699248"><ele>2818.0</ele></trkpt>
<trkpt lat="46.848505" lon="-121.699275"><ele>2819.0</ele></trkpt>
<trkpt lat="46.848514" lon="-121.699349"><ele>2817.0</ele></trkpt>
<trkpt lat="46.848491" lon="-121.699420"><ele>2821.0</ele></trkpt>
<trkpt lat="46.848489" lon="-121.699508"><ele>2820.0</ele></trkpt>
<trkpt lat="46.848414" lon="-121.699755"><ele>2825.0</ele></trkpt>
<trkpt lat="46.848382" lon="-121.699939"><ele>2824.0</ele></trkpt>
<trkpt lat="46.848361" lon="-121.699989"><ele>2829.0</ele></trkpt>
<trkpt lat="46.848368" lon="-121.700022"><ele>2825.0</ele></trkpt>
<trkpt lat="46.848336" lon="-121.700099"><ele>2826.0</ele></trkpt>
<trkpt lat="46.848338" lon="-121.700167"><ele>2830.0</ele></trkpt>
<trkpt lat="46.848316" lon="-121.700243"><ele>2832.0</ele></trkpt>
<trkpt lat="46.848313" lon="-121.700293"><ele>2828.0</ele></trkpt>
<trkpt lat="46.848284" lon="-121.700389"><ele>2833.0</ele></trkpt>
<trkpt lat="46.848261" lon="-121.700420"><ele>2834.0</ele></trkpt>
<trkpt lat="46.848259" lon="-121.700481"><ele>2832.0</ele></trkpt>
<trkpt lat="46.848223" lon="-121.700541"><ele>2830.0</ele></trkpt>
<trkpt lat="46.848132" lon="-121.700880"><ele>2841.0</ele></trkpt>
<trkpt lat="46.848117" lon="-121.700897"><ele>2842.0</ele></trkpt>
<trkpt lat="46.848114" lon="-121.700878"><ele>2845.0</ele></trkpt>
<trkpt lat="46.848064" lon="-121.701094"><ele>2847.0</ele></trkpt>
<trkpt lat="46.848077" lon="-121.701130"><ele>2842.0</ele></trkpt>
<trkpt lat="46.848048" lon="-121.701183"><ele>2845.0</ele></trkpt>
<trkpt lat="46.848040" lon="-121.701248"><ele>2851.0</ele></trkpt>
<trkpt lat="46.847964" lon="-121.701498"><ele>2855.0</ele></trkpt>
<trkpt lat="46.847966" lon="-121.701524"><ele>2851.0</ele></trkpt>
<trkpt lat="46.847906" lon="-121.701644"><ele>2856.0</ele></trkpt>
<trkpt lat="46.847897" lon="-121.701708"><ele>2857.0</ele></trkpt>
<trkpt lat="46.847865" lon="-121.701755"><ele>2856.0</ele></trkpt>
<trkpt lat="46.847842" lon="-121.701880"><ele>2858.0</ele></trkpt>
<trkpt lat="46.847821" lon="-121.701901"><ele>2855.0</ele></trkpt>
<trkpt lat="46.847780" lon="-121.702019"><ele>2860.0</ele></trkpt>
<trkpt lat="46.847760" lon="-121.702043"><ele>2862.0</ele></trkpt>
<trkpt lat="46.847718" lon="-121.702153"><ele>2863.0</ele></trkpt>
<trkpt lat="46.847672" lon="-121.702221"><ele>2862.0</ele></trkpt>
<trkpt lat="46.847638" lon="-121.702320"><ele>2867.0</ele></trkpt>
<trkpt lat="46.847581" lon="-121.702415"><ele>2868.0</ele></trkpt>
<trkpt lat="46.847466" lon="-121.702796"><ele>2876.0</ele></trkpt>
<trkpt lat="46.847461" lon="-121.702767"><ele>2877.0</ele></trkpt>
<trkpt lat="46.847402" lon="-121.702948"><ele>2884.0</ele></trkpt>
<trkpt lat="46.847360" lon="-121.703004"><ele>2881.0</ele></trkpt>
<trkpt lat="46.847252" lon="-121.703244"><ele>2891.0</ele></trkpt>
<trkpt lat="46.847185" lon="-121.703362"><ele>2892.0</ele></trkpt>
<trkpt lat="46.847165" lon="-121.703491"><ele>2888.0</ele></trkpt>
<trkpt lat="46.847132" lon="-121.703555"><ele>2890.0</ele></trkpt>
<trkpt lat="46.847124" lon="-121.703619"><ele>2892.0</ele></trkpt>
<trkpt lat="46.847092" lon="-121.703657"><ele>2896.0</ele></trkpt>
<trkpt lat="46.847052" lon="-121.703747"><ele>2895.0</ele></trkpt>
<trkpt lat="46.847020" lon="-121.703790"><ele>2896.0</ele></trkpt>
<trkpt lat="46.846989" lon="-121.703870"><ele>2899.0</ele></trkpt>
<trkpt lat="46.846944" lon="-121.703940"><ele>2895.0</ele></trkpt>
<trkpt lat="46.846933" lon="-121.703979"><ele>2897.0</ele></trkpt>
<trkpt lat="46.846897" lon="-121.704016"><ele>2904.0</ele></trkpt>
<trkpt lat="46.846873" lon="-121.704116"><ele>2906.0</ele></trkpt>
<trkpt lat="46.846874" lon="-121.704155"><ele>2903.0</ele></trkpt>
<trkpt lat="46.846887" lon="-121.704126"><ele>2901.0</ele></trkpt>
<trkpt lat="46.846798" lon="-121.704313"><ele>2910.0</ele></trkpt>
<trkpt lat="46.846804" lon="-121.704344"><ele>2908.0</ele></trkpt>
<trkpt lat="46.846759" lon="-121.704486"><ele>2912.0</ele></trkpt>
<trkpt lat="46.846732" lon="-121.704522"><ele>2912.0</ele></trkpt>
<trkpt lat="46.846701" lon="-121.704535"><ele>2912.0</ele></trkpt>
<trkpt lat="46.846671" lon="-121.704567"><ele>2904.0</ele></trkpt>
<trkpt lat="46.846735" lon="-121.704639"><ele>2919.0</ele></trkpt>
<trkpt lat="46.846754" lon="-121.704680"><ele>2924.0</ele></trkpt>
<trkpt lat="46.846756" lon="-121.704714"><ele>2922.0</ele></trkpt>
<trkpt lat="46.846745" lon="-121.704750"><ele>2925.0</ele></trkpt>
<trkpt lat="46.846769" lon="-121.704826"><ele>2930.0</ele></trkpt>
<trkpt lat="46.846773" lon="-121.704881"><ele>2927.0</ele></trkpt>
<trkpt lat="46.846827" lon="-121.705130"><ele>2943.0</ele></trkpt>
<trkpt lat="46.846865" lon="-121.705230"><ele>2952.0</ele></trkpt>
<trkpt lat="46.846940" lon="-121.705264"><ele>2955.0</ele></trkpt>
<trkpt lat="46.846959" lon="-121.705326"><ele>2957.0</ele></trkpt>
<trkpt lat="46.846995" lon="-121.705362"><ele>2962.0</ele></trkpt>
<trkpt lat="46.847134" lon="-121.705431"><ele>2970.0</ele></trkpt>
<trkpt lat="46.847259" lon="-121.705515"><ele>2976.0</ele></trkpt>
<trkpt lat="46.847256" lon="-121.705545"><ele>2979.0</ele></trkpt>
<trkpt lat="46.847287" lon="-121.705716"><ele>2990.0</ele></trkpt>
<trkpt lat="46.847353" lon="-121.705841"><ele>2993.0</ele></trkpt>
<trkpt lat="46.847340" lon="-121.705878"><ele>2992.0</ele></trkpt>
<trkpt lat="46.847356" lon="-121.705918"><ele>2998.0</ele></trkpt>
<trkpt lat="46.847373" lon="-121.705955"><ele>3000.0</ele></trkpt>
<trkpt lat="46.847413" lon="-121.705968"><ele>3004.0</ele></trkpt>
<trkpt lat="46.847503" lon="-121.706142"><ele>3018.0</ele></trkpt>
<trkpt lat="46.847527" lon="-121.706161"><ele>3020.0</ele></trkpt>
<trkpt lat="46.847540" lon="-121.706193"><ele>3014.0</ele></trkpt>
<trkpt lat="46.847715" lon="-121.706145"><ele>3027.0</ele></trkpt>
<trkpt lat="46.847794" lon="-121.706133"><ele>3028.0</ele></trkpt>
<trkpt lat="46.847872" lon="-121.706209"><ele>3040.0</ele></trkpt>
<trkpt lat="46.847915" lon="-121.706323"><ele>3044.0</ele></trkpt>
<trkpt lat="46.847906" lon="-121.706245"><ele>3045.0</ele></trkpt>
<trkpt lat="46.847912" lon="-121.706310"><ele>3042.0</ele></trkpt>
<trkpt lat="46.847896" lon="-121.706576"><ele>3050.0</ele></trkpt>
<trkpt lat="46.848094" lon="-121.706567"><ele>3064.0</ele></trkpt>
<trkpt lat="46.848154" lon="-121.706619"><ele>3066.0</ele></trkpt>
<trkpt lat="46.848106" lon="-121.706761"><ele>3072.0</ele></trkpt>
<trkpt lat="46.848074" lon="-121.706977"><ele>3078.0</ele></trkpt>
<trkpt lat="46.848043" lon="-121.707072"><ele>3081.0</ele></trkpt>
<trkpt lat="46.848129" lon="-121.707077"><ele>3072.0</ele></trkpt>
<trkpt lat="46.848175" lon="-121.707063"><ele>3085.0</ele></trkpt>
<trkpt lat="46.848269" lon="-121.707076"><ele>3090.0</ele></trkpt>
<trkpt lat="46.848328" lon="-121.707064"><ele>3086.0</ele></trkpt>
<trkpt lat="46.848348" lon="-121.707131"><ele>3092.0</ele></trkpt>
<trkpt lat="46.848317" lon="-121.707210"><ele>3088.0</ele></trkpt>
<trkpt lat="46.848275" lon="-121.707258"><ele>3095.0</ele></trkpt>
<trkpt lat="46.848256" lon="-121.707223"><ele>3096.0</ele></trkpt>
<trkpt lat="46.848272" lon="-121.707249"><ele>3097.0</ele></trkpt>
<trkpt lat="46.848292" lon="-121.707240"><ele>3097.0</ele></trkpt>
<trkpt lat="46.848315" lon="-121.707285"><ele>3100.0</ele></trkpt>
<trkpt lat="46.848299" lon="-121.707352"><ele>3090.0</ele></trkpt>
<trkpt lat="46.848308" lon="-121.707408"><ele>3102.0</ele></trkpt>
<trkpt lat="46.848291" lon="-121.707386"><ele>3100.0</ele></trkpt>
<trkpt lat="46.848289" lon="-121.707424"><ele>3090.0</ele></trkpt>
<trkpt lat="46.848225" lon="-121.707509"><ele>3097.0</ele></trkpt>
<trkpt lat="46.848221" lon="-121.707560"><ele>3105.0</ele></trkpt>
<trkpt lat="46.848229" lon="-121.707616"><ele>3109.0</ele></trkpt>
<trkpt lat="46.848208" lon="-121.707597"><ele>3109.0</ele></trkpt>
<trkpt lat="46.848183" lon="-121.707634"><ele>3104.0</ele></trkpt>
<trkpt lat="46.848205" lon="-121.707606"><ele>3108.0</ele></trkpt>
<trkpt lat="46.848236" lon="-121.707599"><ele>3110.0</ele></trkpt>
<trkpt lat="46.848331" lon="-121.707612"><ele>3115.0</ele></trkpt>
<trkpt lat="46.848349" lon="-121.707679"><ele>3112.0</ele></trkpt>
<trkpt lat="46.848304" lon="-121.707682"><ele>3114.0</ele></trkpt>
<trkpt lat="46.848273" lon="-121.707779"><ele>3108.0</ele></trkpt>
<trkpt lat="46.848236" lon="-121.707845"><ele>3120.0</ele></trkpt>
<trkpt lat="46.848314" lon="-121.707824"><ele>3125.0</ele></trkpt>
<trkpt lat="46.848332" lon="-121.707804"><ele>3120.0</ele></trkpt>
<trkpt lat="46.848439" lon="-121.707812"><ele>3126.0</ele></trkpt>
<trkpt lat="46.848450" lon="-121.707773"><ele>3130.0</ele></trkpt>
<trkpt lat="46.848495" lon="-121.707815"><ele>3125.0</ele></trkpt>
<trkpt lat="46.848490" lon="-121.707891"><ele>3117.0</ele></trkpt>
<trkpt lat="46.848458" lon="-121.707905"><ele>3131.0</ele></trkpt>
<trkpt lat="46.848442" lon="-121.707951"><ele>3133.0</ele></trkpt>
<trkpt lat="46.848515" lon="-121.707912"><ele>3134.0</ele></trkpt>
<trkpt lat="46.848507" lon="-121.708007"><ele>3137.0</ele></trkpt>
<trkpt lat="46.848519" lon="-121.708044"><ele>3138.0</ele></trkpt>
<trkpt lat="46.848501" lon="-121.708177"><ele>3143.0</ele></trkpt>
<trkpt lat="46.848455" lon="-121.708192"><ele>3141.0</ele></trkpt>
<trkpt lat="46.848479" lon="-121.708199"><ele>3145.0</ele></trkpt>
<trkpt lat="46.848521" lon="-121.708330"><ele>3145.0</ele></trkpt>
<trkpt lat="46.848533" lon="-121.708216"><ele>3146.0</ele></trkpt>
<trkpt lat="46.848560" lon="-121.708275"><ele>3153.0</ele></trkpt>
<trkpt lat="46.848536" lon="-121.708255"><ele>3152.0</ele></trkpt>
<trkpt lat="46.848553" lon="-121.708292"><ele>3154.0</ele></trkpt>
<trkpt lat="46.848544" lon="-121.708374"><ele>3154.0</ele></trkpt>
<trkpt lat="46.848550" lon="-121.708392"><ele>3155.0</ele></trkpt>
<trkpt lat="46.848521" lon="-121.708412"><ele>3156.0</ele></trkpt>
<trkpt lat="46.848480" lon="-121.708513"><ele>3152.0</ele></trkpt>
<trkpt lat="46.848484" lon="-121.708561"><ele>3163.0</ele></trkpt>
<trkpt lat="46.848457" lon="-121.708538"><ele>3165.0</ele></trkpt>
<trkpt lat="46.848520" lon="-121.708539"><ele>3167.0</ele></trkpt>
<trkpt lat="46.848557" lon="-121.708573"><ele>3166.0</ele></trkpt>
<trkpt lat="46.848585" lon="-121.708552"><ele>3151.0</ele></trkpt>
<trkpt lat="46.848628" lon="-121.708571"><ele>3168.0</ele></trkpt>
<trkpt lat="46.848592" lon="-121.708631"><ele>3165.0</ele></trkpt>
<trkpt lat="46.848581" lon="-121.708693"><ele>3172.0</ele></trkpt>
<trkpt lat="46.848556" lon="-121.708697"><ele>3170.0</ele></trkpt>
<trkpt lat="46.848525" lon="-121.708836"><ele>3172.0</ele></trkpt>
<trkpt lat="46.848523" lon="-121.708871"><ele>3160.0</ele></trkpt>
<trkpt lat="46.848580" lon="-121.708832"><ele>3180.0</ele></trkpt>
<trkpt lat="46.848619" lon="-121.708855"><ele>3180.0</ele></trkpt>
<trkpt lat="46.848646" lon="-121.708881"><ele>3184.0</ele></trkpt>
<trkpt lat="46.848660" lon="-121.708920"><ele>3187.0</ele></trkpt>
<trkpt lat="46.848686" lon="-121.708932"><ele>3184.0</ele></trkpt>
<trkpt lat="46.848710" lon="-121.708969"><ele>3182.0</ele></trkpt>
<trkpt lat="46.848746" lon="-121.708997"><ele>3195.0</ele></trkpt>
<trkpt lat="46.848746" lon="-121.709035"><ele>3196.0</ele></trkpt>
<trkpt lat="46.848768" lon="-121.709066"><ele>3198.0</ele></trkpt>
<trkpt lat="46.848791" lon="-121.709041"><ele>3204.0</ele></trkpt>
<trkpt lat="46.848815" lon="-121.709060"><ele>3204.0</ele></trkpt>
<trkpt lat="46.848898" lon="-121.709015"><ele>3212.0</ele></trkpt>
<trkpt lat="46.848936" lon="-121.709008"><ele>3208.0</ele></trkpt>
<trkpt lat="46.848965" lon="-121.708984"><ele>3212.0</ele></trkpt>
<trkpt lat="46.849018" lon="-121.709002"><ele>3212.0</ele></trkpt>
<trkpt lat="46.849122" lon="-121.708962"><ele>3217.0</ele></trkpt>
<trkpt lat="46.849149" lon="-121.708977"><ele>3216.0</ele></trkpt>
<trkpt lat="46.849198" lon="-121.708982"><ele>3216.0</ele></trkpt>
<trkpt lat="46.849179" lon="-121.709005"><ele>3220.0</ele></trkpt>
<trkpt lat="46.849175" lon="-121.709035"><ele>3222.0</ele></trkpt>
<trkpt lat="46.849172" lon="-121.709142"><ele>3228.0</ele></trkpt>
<trkpt lat="46.849182" lon="-121.709208"><ele>3230.0</ele></trkpt>
<trkpt lat="46.849160" lon="-121.709235"><ele>3233.0</ele></trkpt>
<trkpt lat="46.849191" lon="-121.709235"><ele>3237.0</ele></trkpt>
<trkpt lat="46.849218" lon="-121.709260"><ele>3237.0</ele></trkpt>
<trkpt lat="46.849243" lon="-121.709254"><ele>3238.0</ele></trkpt>
<trkpt lat="46.849234" lon="-121.709351"><ele>3243.0</ele></trkpt>
<trkpt lat="46.849245" lon="-121.709407"><ele>3241.0</ele></trkpt>
<trkpt lat="46.849229" lon="-121.709486"><ele>3248.0</ele></trkpt>
<trkpt lat="46.849262" lon="-121.709571"><ele>3251.0</ele></trkpt>
<trkpt lat="46.849258" lon="-121.709736"><ele>3265.0</ele></trkpt>
<trkpt lat="46.849246" lon="-121.709778"><ele>3266.0</ele></trkpt>
<trkpt lat="46.849253" lon="-121.709836"><ele>3263.0</ele></trkpt>
<trkpt lat="46.849225" lon="-121.709951"><ele>3265.0</ele></trkpt>
<trkpt lat="46.849171" lon="-121.710060"><ele>3270.0</ele></trkpt>
<trkpt lat="46.849167" lon="-121.710120"><ele>3275.0</ele></trkpt>
<trkpt lat="46.849126" lon="-121.710111"><ele>3275.0</ele></trkpt>
<trkpt lat="46.849066" lon="-121.710199"><ele>3283.0</ele></trkpt>
<trkpt lat="46.849045" lon="-121.710270"><ele>3289.0</ele></trkpt>
<trkpt lat="46.849078" lon="-121.710408"><ele>3300.0</ele></trkpt>
<trkpt lat="46.849116" lon="-121.710472"><ele>3304.0</ele></trkpt>
<trkpt lat="46.849179" lon="-121.710491"><ele>3313.0</ele></trkpt>
<trkpt lat="46.849241" lon="-121.710582"><ele>3318.0</ele></trkpt>
<trkpt lat="46.849270" lon="-121.710602"><ele>3318.0</ele></trkpt>
<trkpt lat="46.849275" lon="-121.710692"><ele>3324.0</ele></trkpt>
<trkpt lat="46.849308" lon="-121.710731"><ele>3328.0</ele></trkpt>
<trkpt lat="46.849335" lon="-121.710762"><ele>3334.0</ele></trkpt>
<trkpt lat="46.849370" lon="-121.710821"><ele>3336.0</ele></trkpt>
<trkpt lat="46.849432" lon="-121.710861"><ele>3337.0</ele></trkpt>
<trkpt lat="46.849497" lon="-121.710887"><ele>3340.0</ele></trkpt>
<trkpt lat="46.849499" lon="-121.710844"><ele>3347.0</ele></trkpt>
<trkpt lat="46.849510" lon="-121.710907"><ele>3343.0</ele></trkpt>
<trkpt lat="46.849535" lon="-121.710943"><ele>3340.0</ele></trkpt>
<trkpt lat="46.849544" lon="-121.710978"><ele>3343.0</ele></trkpt>
<trkpt lat="46.849539" lon="-121.711017"><ele>3348.0</ele></trkpt>
<trkpt lat="46.849511" lon="-121.710984"><ele>3344.0</ele></trkpt>
<trkpt lat="46.849533" lon="-121.711085"><ele>3348.0</ele></trkpt>
<trkpt lat="46.849482" lon="-121.711059"><ele>3348.0</ele></trkpt>
<trkpt lat="46.849500" lon="-121.711188"><ele>3346.0</ele></trkpt>
<trkpt lat="46.849448" lon="-121.711221"><ele>3353.0</ele></trkpt>
<trkpt lat="46.849477" lon="-121.711294"><ele>3365.0</ele></trkpt>
<trkpt lat="46.849493" lon="-121.711446"><ele>3372.0</ele></trkpt>
<trkpt lat="46.849470" lon="-121.711362"><ele>3367.0</ele></trkpt>
<trkpt lat="46.849509" lon="-121.711224"><ele>3370.0</ele></trkpt>
<trkpt lat="46.849578" lon="-121.711204"><ele>3375.0</ele></trkpt>
<trkpt lat="46.849607" lon="-121.711245"><ele>3377.0</ele></trkpt>
<trkpt lat="46.849630" lon="-121.711346"><ele>3377.0</ele></trkpt>
<trkpt lat="46.849587" lon="-121.711419"><ele>3380.0</ele></trkpt>
<trkpt lat="46.849560" lon="-121.711614"><ele>3388.0</ele></trkpt>
<trkpt lat="46.849538" lon="-121.711628"><ele>3385.0</ele></trkpt>
<trkpt lat="46.849532" lon="-121.711669"><ele>3384.0</ele></trkpt>
<trkpt lat="46.849540" lon="-121.711732"><ele>3363.0</ele></trkpt>
<trkpt lat="46.849567" lon="-121.711706"><ele>3388.0</ele></trkpt>
<trkpt lat="46.849585" lon="-121.711676"><ele>3381.0</ele></trkpt>
<trkpt lat="46.849678" lon="-121.711647"><ele>3372.0</ele></trkpt>
<trkpt lat="46.849583" lon="-121.711690"><ele>3384.0</ele></trkpt>
<trkpt lat="46.849611" lon="-121.711673"><ele>3380.0</ele></trkpt>
<trkpt lat="46.849667" lon="-121.711668"><ele>3377.0</ele></trkpt>
<trkpt lat="46.849642" lon="-121.711694"><ele>3374.0</ele></trkpt>
<trkpt lat="46.849591" lon="-121.711684"><ele>3380.0</ele></trkpt>
<trkpt lat="46.849560" lon="-121.711709"><ele>3384.0</ele></trkpt>
<trkpt lat="46.849546" lon="-121.711745"><ele>3390.0</ele></trkpt>
<trkpt lat="46.849533" lon="-121.711849"><ele>3387.0</ele></trkpt>
<trkpt lat="46.849506" lon="-121.711813"><ele>3391.0</ele></trkpt>
<trkpt lat="46.849497" lon="-121.711879"><ele>3387.0</ele></trkpt>
<trkpt lat="46.849467" lon="-121.711906"><ele>3388.0</ele></trkpt>
<trkpt lat="46.849424" lon="-121.712094"><ele>3370.0</ele></trkpt>
<trkpt lat="46.849449" lon="-121.711919"><ele>3383.0</ele></trkpt>
<trkpt lat="46.849500" lon="-121.711880"><ele>3380.0</ele></trkpt>
<trkpt lat="46.849497" lon="-121.711831"><ele>3394.0</ele></trkpt>
<trkpt lat="46.849519" lon="-121.711918"><ele>3382.0</ele></trkpt>
<trkpt lat="46.849477" lon="-121.711971"><ele>3380.0</ele></trkpt>
<trkpt lat="46.849515" lon="-121.711824"><ele>3389.0</ele></trkpt>
<trkpt lat="46.849550" lon="-121.711823"><ele>3387.0</ele></trkpt>
<trkpt lat="46.849543" lon="-121.711779"><ele>3392.0</ele></trkpt>
<trkpt lat="46.849551" lon="-121.711705"><ele>3387.0</ele></trkpt>
<trkpt lat="46.849557" lon="-121.711682"><ele>3388.0</ele></trkpt>
<trkpt lat="46.849576" lon="-121.711648"><ele>3379.0</ele></trkpt>
<trkpt lat="46.849568" lon="-121.711605"><ele>3381.0</ele></trkpt>
<trkpt lat="46.849582" lon="-121.711505"><ele>3381.0</ele></trkpt>
<trkpt lat="46.849653" lon="-121.711342"><ele>3378.0</ele></trkpt>
<trkpt lat="46.849650" lon="-121.711365"><ele>3385.0</ele></trkpt>
<trkpt lat="46.849596" lon="-121.711466"><ele>3376.0</ele></trkpt>
<trkpt lat="46.849622" lon="-121.711494"><ele>3367.0</ele></trkpt>
<trkpt lat="46.849467" lon="-121.711512"><ele>3362.0</ele></trkpt>
<trkpt lat="46.849584" lon="-121.711538"><ele>3384.0</ele></trkpt>
<trkpt lat="46.849631" lon="-121.711381"><ele>3376.0</ele></trkpt>
<trkpt lat="46.849606" lon="-121.711253"><ele>3378.0</ele></trkpt>
<trkpt lat="46.849582" lon="-121.711265"><ele>3370.0</ele></trkpt>
<trkpt lat="46.849578" lon="-121.711206"><ele>3369.0</ele></trkpt>
<trkpt lat="46.849533" lon="-121.711185"><ele>3368.0</ele></trkpt>
<trkpt lat="46.849483" lon="-121.711321"><ele>3364.0</ele></trkpt>
<trkpt lat="46.849463" lon="-121.711227"><ele>3354.0</ele></trkpt>
<trkpt lat="46.849465" lon="-121.711180"><ele>3360.0</ele></trkpt>
<trkpt lat="46.849430" lon="-121.711159"><ele>3360.0</ele></trkpt>
<trkpt lat="46.849397" lon="-121.711110"><ele>3360.0</ele></trkpt>
<trkpt lat="46.849472" lon="-121.711046"><ele>3356.0</ele></trkpt>
<trkpt lat="46.849528" lon="-121.711018"><ele>3350.0</ele></trkpt>
<trkpt lat="46.849534" lon="-121.710984"><ele>3351.0</ele></trkpt>
<trkpt lat="46.849511" lon="-121.710946"><ele>3353.0</ele></trkpt>
<trkpt lat="46.849539" lon="-121.710974"><ele>3350.0</ele></trkpt>
<trkpt lat="46.849516" lon="-121.710845"><ele>3350.0</ele></trkpt>
<trkpt lat="46.849528" lon="-121.710816"><ele>3339.0</ele></trkpt>
<trkpt lat="46.849527" lon="-121.710775"><ele>3329.0</ele></trkpt>
<trkpt lat="46.849497" lon="-121.710745"><ele>3343.0</ele></trkpt>
<trkpt lat="46.849484" lon="-121.710715"><ele>3341.0</ele></trkpt>
<trkpt lat="46.849504" lon="-121.710657"><ele>3336.0</ele></trkpt>
<trkpt lat="46.849463" lon="-121.710605"><ele>3341.0</ele></trkpt>
<trkpt lat="46.849463" lon="-121.710569"><ele>3336.0</ele></trkpt>
<trkpt lat="46.849431" lon="-121.710584"><ele>3331.0</ele></trkpt>
<trkpt lat="46.849410" lon="-121.710630"><ele>3337.0</ele></trkpt>
<trkpt lat="46.849398" lon="-121.710559"><ele>3334.0</ele></trkpt>
<trkpt lat="46.849374" lon="-121.710549"><ele>3332.0</ele></trkpt>
<trkpt lat="46.849360" lon="-121.710455"><ele>3324.0</ele></trkpt>
<trkpt lat="46.849318" lon="-121.710418"><ele>3324.0</ele></trkpt>
<trkpt lat="46.849322" lon="-121.710382"><ele>3318.0</ele></trkpt>
<trkpt lat="46.849275" lon="-121.710308"><ele>3314.0</ele></trkpt>
<trkpt lat="46.849227" lon="-121.710377"><ele>3313.0</ele></trkpt>
<trkpt lat="46.849201" lon="-121.710467"><ele>3311.0</ele></trkpt>
<trkpt lat="46.849179" lon="-121.710438"><ele>3310.0</ele></trkpt>
<trkpt lat="46.849145" lon="-121.710423"><ele>3309.0</ele></trkpt>
<trkpt lat="46.849122" lon="-121.710349"><ele>3303.0</ele></trkpt>
<trkpt lat="46.849065" lon="-121.710336"><ele>3295.0</ele></trkpt>
<trkpt lat="46.849048" lon="-121.710299"><ele>3285.0</ele></trkpt>
<trkpt lat="46.849058" lon="-121.710285"><ele>3294.0</ele></trkpt>
<trkpt lat="46.849063" lon="-121.710236"><ele>3294.0</ele></trkpt>
<trkpt lat="46.849049" lon="-121.710147"><ele>3290.0</ele></trkpt>
<trkpt lat="46.849060" lon="-121.710099"><ele>3287.0</ele></trkpt>
<trkpt lat="46.849127" lon="-121.709994"><ele>3276.0</ele></trkpt>
<trkpt lat="46.849138" lon="-121.709971"><ele>3280.0</ele></trkpt>
<trkpt lat="46.849194" lon="-121.709893"><ele>3276.0</ele></trkpt>
<trkpt lat="46.849232" lon="-121.709772"><ele>3272.0</ele></trkpt>
<trkpt lat="46.849258" lon="-121.709762"><ele>3266.0</ele></trkpt>
<trkpt lat="46.849308" lon="-121.709698"><ele>3267.0</ele></trkpt>
<trkpt lat="46.849282" lon="-121.709660"><ele>3262.0</ele></trkpt>
<trkpt lat="46.849217" lon="-121.709438"><ele>3244.0</ele></trkpt>
<trkpt lat="46.849167" lon="-121.709363"><ele>3235.0</ele></trkpt>
<trkpt lat="46.849146" lon="-121.709292"><ele>3233.0</ele></trkpt>
<trkpt lat="46.849116" lon="-121.709246"><ele>3226.0</ele></trkpt>
<trkpt lat="46.849040" lon="-121.709079"><ele>3214.0</ele></trkpt>
<trkpt lat="46.848906" lon="-121.708864"><ele>3196.0</ele></trkpt>
<trkpt lat="46.848899" lon="-121.708822"><ele>3192.0</ele></trkpt>
<trkpt lat="46.848872" lon="-121.708816"><ele>3194.0</ele></trkpt>
<trkpt lat="46.848841" lon="-121.708838"><ele>3190.0</ele></trkpt>
<trkpt lat="46.848858" lon="-121.708802"><ele>3193.0</ele></trkpt>
<trkpt lat="46.848850" lon="-121.708755"><ele>3189.0</ele></trkpt>
<trkpt lat="46.848798" lon="-121.708744"><ele>3188.0</ele></trkpt>
<trkpt lat="46.848790" lon="-121.708774"><ele>3183.0</ele></trkpt>
<trkpt lat="46.848755" lon="-121.708762"><ele>3182.0</ele></trkpt>
<trkpt lat="46.848687" lon="-121.708792"><ele>3182.0</ele></trkpt>
<trkpt lat="46.848610" lon="-121.708809"><ele>3179.0</ele></trkpt>
<trkpt lat="46.848586" lon="-121.708827"><ele>3176.0</ele></trkpt>
<trkpt lat="46.848433" lon="-121.708862"><ele>3171.0</ele></trkpt>
<trkpt lat="46.848286" lon="-121.708882"><ele>3166.0</ele></trkpt>
<trkpt lat="46.848243" lon="-121.708902"><ele>3166.0</ele></trkpt>
<trkpt lat="46.848076" lon="-121.708896"><ele>3159.0</ele></trkpt>
<trkpt lat="46.848008" lon="-121.708903"><ele>3158.0</ele></trkpt>
<trkpt lat="46.847913" lon="-121.708888"><ele>3155.0</ele></trkpt>
<trkpt lat="46.847849" lon="-121.708859"><ele>3150.0</ele></trkpt>
<trkpt lat="46.847727" lon="-121.708740"><ele>3148.0</ele></trkpt>
<trkpt lat="46.847812" lon="-121.708681"><ele>3146.0</ele></trkpt>
<trkpt lat="46.847841" lon="-121.708622"><ele>3144.0</ele></trkpt>
<trkpt lat="46.847922" lon="-121.708516"><ele>3144.0</ele></trkpt>
<trkpt lat="46.847954" lon="-121.708403"><ele>3133.0</ele></trkpt>
<trkpt lat="46.848012" lon="-121.708328"><ele>3135.0</ele></trkpt>
<trkpt lat="46.848071" lon="-121.708213"><ele>3120.0</ele></trkpt>
<trkpt lat="46.848142" lon="-121.707956"><ele>3123.0</ele></trkpt>
<trkpt lat="46.848177" lon="-121.707886"><ele>3120.0</ele></trkpt>
<trkpt lat="46.848200" lon="-121.707797"><ele>3119.0</ele></trkpt>
<trkpt lat="46.848307" lon="-121.707496"><ele>3110.0</ele></trkpt>
<trkpt lat="46.848305" lon="-121.707478"><ele>3109.0</ele></trkpt>
<trkpt lat="46.848344" lon="-121.707336"><ele>3102.0</ele></trkpt>
<trkpt lat="46.848370" lon="-121.707278"><ele>3099.0</ele></trkpt>
<trkpt lat="46.848251" lon="-121.707275"><ele>3095.0</ele></trkpt>
<trkpt lat="46.848160" lon="-121.707303"><ele>3094.0</ele></trkpt>
<trkpt lat="46.848246" lon="-121.707133"><ele>3088.0</ele></trkpt>
<trkpt lat="46.848295" lon="-121.706810"><ele>3078.0</ele></trkpt>
<trkpt lat="46.848302" lon="-121.706685"><ele>3069.0</ele></trkpt>
<trkpt lat="46.848286" lon="-121.706583"><ele>3068.0</ele></trkpt>
<trkpt lat="46.848267" lon="-121.706536"><ele>3069.0</ele></trkpt>
<trkpt lat="46.848255" lon="-121.706435"><ele>3061.0</ele></trkpt>
<trkpt lat="46.848193" lon="-121.706336"><ele>3055.0</ele></trkpt>
<trkpt lat="46.848117" lon="-121.706149"><ele>3042.0</ele></trkpt>
<trkpt lat="46.848020" lon="-121.706030"><ele>3030.0</ele></trkpt>
<trkpt lat="46.847968" lon="-121.705992"><ele>3032.0</ele></trkpt>
<trkpt lat="46.847924" lon="-121.705902"><ele>3031.0</ele></trkpt>
<trkpt lat="46.847843" lon="-121.705618"><ele>3020.0</ele></trkpt>
<trkpt lat="46.847769" lon="-121.705466"><ele>3014.0</ele></trkpt>
<trkpt lat="46.847756" lon="-121.705462"><ele>3016.0</ele></trkpt>
<trkpt lat="46.847811" lon="-121.705556"><ele>3019.0</ele></trkpt>
<trkpt lat="46.847822" lon="-121.705612"><ele>3020.0</ele></trkpt>
<trkpt lat="46.847849" lon="-121.705659"><ele>3024.0</ele></trkpt>
<trkpt lat="46.847865" lon="-121.705712"><ele>3024.0</ele></trkpt>
<trkpt lat="46.847839" lon="-121.705783"><ele>3020.0</ele></trkpt>
<trkpt lat="46.847775" lon="-121.705848"><ele>3022.0</ele></trkpt>
<trkpt lat="46.847743" lon="-121.705868"><ele>3010.0</ele></trkpt>
<trkpt lat="46.847673" lon="-121.705951"><ele>3020.0</ele></trkpt>
<trkpt lat="46.847664" lon="-121.705976"><ele>3019.0</ele></trkpt>
<trkpt lat="46.847614" lon="-121.706004"><ele>3002.0</ele></trkpt>
<trkpt lat="46.847536" lon="-121.706093"><ele>3014.0</ele></trkpt>
<trkpt lat="46.847456" lon="-121.706111"><ele>3012.0</ele></trkpt>
<trkpt lat="46.847451" lon="-121.706166"><ele>3007.0</ele></trkpt>
<trkpt lat="46.847447" lon="-121.706128"><ele>3008.0</ele></trkpt>
<trkpt lat="46.847376" lon="-121.706119"><ele>3006.0</ele></trkpt>
<trkpt lat="46.847358" lon="-121.706091"><ele>3004.0</ele></trkpt>
<trkpt lat="46.847319" lon="-121.705975"><ele>2998.0</ele></trkpt>
<trkpt lat="46.847303" lon="-121.705889"><ele>2994.0</ele></trkpt>
<trkpt lat="46.847255" lon="-121.705771"><ele>2984.0</ele></trkpt>
<trkpt lat="46.847216" lon="-121.705705"><ele>2976.0</ele></trkpt>
<trkpt lat="46.847183" lon="-121.705681"><ele>2974.0</ele></trkpt>
<trkpt lat="46.847102" lon="-121.705419"><ele>2960.0</ele></trkpt>
<trkpt lat="46.847089" lon="-121.705326"><ele>2952.0</ele></trkpt>
<trkpt lat="46.847061" lon="-121.705223"><ele>2952.0</ele></trkpt>
<trkpt lat="46.847028" lon="-121.705144"><ele>2946.0</ele></trkpt>
<trkpt lat="46.847011" lon="-121.705064"><ele>2939.0</ele></trkpt>
<trkpt lat="46.846980" lon="-121.705039"><ele>2940.0</ele></trkpt>
<trkpt lat="46.846984" lon="-121.704970"><ele>2936.0</ele></trkpt>
<trkpt lat="46.846909" lon="-121.704753"><ele>2927.0</ele></trkpt>
<trkpt lat="46.846819" lon="-121.704633"><ele>2920.0</ele></trkpt>
<trkpt lat="46.846720" lon="-121.704549"><ele>2913.0</ele></trkpt>
<trkpt lat="46.846644" lon="-121.704494"><ele>2907.0</ele></trkpt>
<trkpt lat="46.846607" lon="-121.704479"><ele>2907.0</ele></trkpt>
<trkpt lat="46.846600" lon="-121.704430"><ele>2904.0</ele></trkpt>
<trkpt lat="46.846783" lon="-121.704269"><ele>2907.0</ele></trkpt>
<trkpt lat="46.846837" lon="-121.704194"><ele>2905.0</ele></trkpt>
<trkpt lat="46.846921" lon="-121.704034"><ele>2900.0</ele></trkpt>
<trkpt lat="46.846999" lon="-121.703833"><ele>2898.0</ele></trkpt>
<trkpt lat="46.847177" lon="-121.703533"><ele>2888.0</ele></trkpt>
<trkpt lat="46.847246" lon="-121.703393"><ele>2892.0</ele></trkpt>
<trkpt lat="46.847301" lon="-121.703192"><ele>2886.0</ele></trkpt>
<trkpt lat="46.847419" lon="-121.702942"><ele>2880.0</ele></trkpt>
<trkpt lat="46.847426" lon="-121.702876"><ele>2880.0</ele></trkpt>
<trkpt lat="46.847670" lon="-121.702214"><ele>2864.0</ele></trkpt>
<trkpt lat="46.847809" lon="-121.701970"><ele>2856.0</ele></trkpt>
<trkpt lat="46.847898" lon="-121.701721"><ele>2855.0</ele></trkpt>
<trkpt lat="46.847961" lon="-121.701479"><ele>2854.0</ele></trkpt>
<trkpt lat="46.848040" lon="-121.701275"><ele>2845.0</ele></trkpt>
<trkpt lat="46.848056" lon="-121.701165"><ele>2846.0</ele></trkpt>
<trkpt lat="46.848101" lon="-121.701034"><ele>2842.0</ele></trkpt>
<trkpt lat="46.848116" lon="-121.700931"><ele>2842.0</ele></trkpt>
<trkpt lat="46.848161" lon="-121.700817"><ele>2840.0</ele></trkpt>
<trkpt lat="46.848182" lon="-121.700707"><ele>2835.0</ele></trkpt>
<trkpt lat="46.848333" lon="-121.700153"><ele>2830.0</ele></trkpt>
<trkpt lat="46.848337" lon="-121.700091"><ele>2825.0</ele></trkpt>
<trkpt lat="46.848424" lon="-121.699684"><ele>2824.0</ele></trkpt>
<trkpt lat="46.848456" lon="-121.699616"><ele>2824.0</ele></trkpt>
<trkpt lat="46.848460" lon="-121.699534"><ele>2820.0</ele></trkpt>
<trkpt lat="46.848488" lon="-121.699469"><ele>2821.0</ele></trkpt>
<trkpt lat="46.848538" lon="-121.699155"><ele>2815.0</ele></trkpt>
<trkpt lat="46.848538" lon="-121.699072"><ele>2815.0</ele></trkpt>
<trkpt lat="46.848599" lon="-121.698817"><ele>2812.0</ele></trkpt>
<trkpt lat="46.848597" lon="-121.698767"><ele>2808.0</ele></trkpt>
<trkpt lat="46.848712" lon="-121.698301"><ele>2808.0</ele></trkpt>
<trkpt lat="46.848752" lon="-121.698048"><ele>2805.0</ele></trkpt>
<trkpt lat="46.848778" lon="-121.697987"><ele>2800.0</ele></trkpt>
<trkpt lat="46.848804" lon="-121.697861"><ele>2800.0</ele></trkpt>
<trkpt lat="46.848926" lon="-121.697501"><ele>2799.0</ele></trkpt>
<trkpt lat="46.849173" lon="-121.696880"><ele>2789.0</ele></trkpt>
<trkpt lat="46.849188" lon="-121.696815"><ele>2786.0</ele></trkpt>
<trkpt lat="46.849215" lon="-121.696772"><ele>2788.0</ele></trkpt>
<trkpt lat="46.849239" lon="-121.696675"><ele>2779.0</ele></trkpt>
<trkpt lat="46.849261" lon="-121.696646"><ele>2784.0</ele></trkpt>
<trkpt lat="46.849306" lon="-121.696531"><ele>2781.0</ele></trkpt>
<trkpt lat="46.849412" lon="-121.696314"><ele>2780.0</ele></trkpt>
<trkpt lat="46.849460" lon="-121.696153"><ele>2775.0</ele></trkpt>
<trkpt lat="46.849479" lon="-121.695992"><ele>2775.0</ele></trkpt>
<trkpt lat="46.849497" lon="-121.695942"><ele>2774.0</ele></trkpt>
<trkpt lat="46.849503" lon="-121.695788"><ele>2772.0</ele></trkpt>
<trkpt lat="46.849539" lon="-121.695614"><ele>2770.0</ele></trkpt>
<trkpt lat="46.849533" lon="-121.695545"><ele>2768.0</ele></trkpt>
<trkpt lat="46.849584" lon="-121.695481"><ele>2772.0</ele></trkpt>
<trkpt lat="46.849588" lon="-121.695450"><ele>2773.0</ele></trkpt>
<trkpt lat="46.849586" lon="-121.695301"><ele>2768.0</ele></trkpt>
<trkpt lat="46.849566" lon="-121.695276"><ele>2768.0</ele></trkpt>
<trkpt lat="46.849554" lon="-121.695224"><ele>2772.0</ele></trkpt>
<trkpt lat="46.849553" lon="-121.695159"><ele>2772.0</ele></trkpt>
<trkpt lat="46.849558" lon="-121.695176"><ele>2760.0</ele></trkpt>
<trkpt lat="46.849567" lon="-121.695224"><ele>2772.0</ele></trkpt>
<trkpt lat="46.849647" lon="-121.695279"><ele>2769.0</ele></trkpt>
<trkpt lat="46.849683" lon="-121.695269"><ele>2758.0</ele></trkpt>
<trkpt lat="46.849748" lon="-121.695163"><ele>2760.0</ele></trkpt>
<trkpt lat="46.849791" lon="-121.695066"><ele>2757.0</ele></trkpt>
<trkpt lat="46.849806" lon="-121.694974"><ele>2752.0</ele></trkpt>
<trkpt lat="46.849862" lon="-121.694795"><ele>2748.0</ele></trkpt>
<trkpt lat="46.849866" lon="-121.694721"><ele>2744.0</ele></trkpt>
<trkpt lat="46.849888" lon="-121.694619"><ele>2744.0</ele></trkpt>
<trkpt lat="46.849881" lon="-121.694583"><ele>2740.0</ele></trkpt>
<trkpt lat="46.849909" lon="-121.694518"><ele>2741.0</ele></trkpt>
<trkpt lat="46.849905" lon="-121.694448"><ele>2735.0</ele></trkpt>
<trkpt lat="46.849925" lon="-121.694320"><ele>2736.0</ele></trkpt>
<trkpt lat="46.849916" lon="-121.694254"><ele>2736.0</ele></trkpt>
<trkpt lat="46.849951" lon="-121.694122"><ele>2730.0</ele></trkpt>
<trkpt lat="46.849953" lon="-121.694067"><ele>2727.0</ele></trkpt>
<trkpt lat="46.849972" lon="-121.694039"><ele>2728.0</ele></trkpt>
<trkpt lat="46.850013" lon="-121.694009"><ele>2726.0</ele></trkpt>
<trkpt lat="46.850025" lon="-121.693971"><ele>2722.0</ele></trkpt>
<trkpt lat="46.850209" lon="-121.693729"><ele>2709.0</ele></trkpt>
<trkpt lat="46.850256" lon="-121.693682"><ele>2706.0</ele></trkpt>
<trkpt lat="46.850274" lon="-121.693607"><ele>2706.0</ele></trkpt>
<trkpt lat="46.850362" lon="-121.693454"><ele>2695.0</ele></trkpt>
<trkpt lat="46.850381" lon="-121.693379"><ele>2692.0</ele></trkpt>
<trkpt lat="46.850406" lon="-121.693363"><ele>2694.0</ele></trkpt>
<trkpt lat="46.850425" lon="-121.693292"><ele>2689.0</ele></trkpt>
<trkpt lat="46.850497" lon="-121.693150"><ele>2684.0</ele></trkpt>
<trkpt lat="46.850508" lon="-121.693069"><ele>2681.0</ele></trkpt>
<trkpt lat="46.850548" lon="-121.692912"><ele>2679.0</ele></trkpt>
<trkpt lat="46.850537" lon="-121.692849"><ele>2676.0</ele></trkpt>
<trkpt lat="46.850557" lon="-121.692485"><ele>2672.0</ele></trkpt>
<trkpt lat="46.850537" lon="-121.692426"><ele>2675.0</ele></trkpt>
<trkpt lat="46.850545" lon="-121.692325"><ele>2670.0</ele></trkpt>
<trkpt lat="46.850531" lon="-121.692029"><ele>2673.0</ele></trkpt>
<trkpt lat="46.850550" lon="-121.691646"><ele>2670.0</ele></trkpt>
<trkpt lat="46.850575" lon="-121.691461"><ele>2666.0</ele></trkpt>
<trkpt lat="46.850565" lon="-121.691370"><ele>2664.0</ele></trkpt>
<trkpt lat="46.850574" lon="-121.691126"><ele>2664.0</ele></trkpt>
<trkpt lat="46.850602" lon="-121.690997"><ele>2664.0</ele></trkpt>
<trkpt lat="46.850589" lon="-121.690956"><ele>2663.0</ele></trkpt>
<trkpt lat="46.850610" lon="-121.690667"><ele>2662.0</ele></trkpt>
<trkpt lat="46.850606" lon="-121.690593"><ele>2658.0</ele></trkpt>
<trkpt lat="46.850648" lon="-121.690304"><ele>2659.0</ele></trkpt>
<trkpt lat="46.850656" lon="-121.690059"><ele>2658.0</ele></trkpt>
<trkpt lat="46.850693" lon="-121.689947"><ele>2656.0</ele></trkpt>
<trkpt lat="46.850731" lon="-121.689665"><ele>2652.0</ele></trkpt>
<trkpt lat="46.850765" lon="-121.689567"><ele>2651.0</ele></trkpt>
<trkpt lat="46.850764" lon="-121.689429"><ele>2646.0</ele></trkpt>
<trkpt lat="46.850821" lon="-121.689181"><ele>2648.0</ele></trkpt>
<trkpt lat="46.850931" lon="-121.688470"><ele>2640.0</ele></trkpt>
<trkpt lat="46.850949" lon="-121.688171"><ele>2640.0</ele></trkpt>
<trkpt lat="46.850966" lon="-121.688113"><ele>2640.0</ele></trkpt>
<trkpt lat="46.850980" lon="-121.687991"><ele>2634.0</ele></trkpt>
<trkpt lat="46.851028" lon="-121.687797"><ele>2634.0</ele></trkpt>
<trkpt lat="46.851049" lon="-121.687617"><ele>2628.0</ele></trkpt>
<trkpt lat="46.851141" lon="-121.687336"><ele>2628.0</ele></trkpt>
<trkpt lat="46.851176" lon="-121.687181"><ele>2628.0</ele></trkpt>
<trkpt lat="46.851413" lon="-121.686451"><ele>2620.0</ele></trkpt>
<trkpt lat="46.851433" lon="-121.686271"><ele>2620.0</ele></trkpt>
<trkpt lat="46.851500" lon="-121.685957"><ele>2618.0</ele></trkpt>
<trkpt lat="46.851552" lon="-121.685401"><ele>2610.0</ele></trkpt>
<trkpt lat="46.851581" lon="-121.684718"><ele>2605.0</ele></trkpt>
<trkpt lat="46.851610" lon="-121.684627"><ele>2604.0</ele></trkpt>
<trkpt lat="46.851636" lon="-121.684278"><ele>2598.0</ele></trkpt>
<trkpt lat="46.851654" lon="-121.684199"><ele>2596.0</ele></trkpt>
<trkpt lat="46.851688" lon="-121.684144"><ele>2596.0</ele></trkpt>
<trkpt lat="46.851726" lon="-121.683955"><ele>2593.0</ele></trkpt>
<trkpt lat="46.851759" lon="-121.683700"><ele>2590.0</ele></trkpt>
<trkpt lat="46.851781" lon="-121.683612"><ele>2590.0</ele></trkpt>
<trkpt lat="46.851813" lon="-121.683393"><ele>2584.0</ele></trkpt>
<trkpt lat="46.851846" lon="-121.683297"><ele>2584.0</ele></trkpt>
<trkpt lat="46.851873" lon="-121.683142"><ele>2580.0</ele></trkpt>
<trkpt lat="46.851945" lon="-121.682898"><ele>2577.0</ele></trkpt>
<trkpt lat="46.851960" lon="-121.682813"><ele>2574.0</ele></trkpt>
<trkpt lat="46.852045" lon="-121.682533"><ele>2568.0</ele></trkpt>
<trkpt lat="46.852067" lon="-121.682489"><ele>2568.0</ele></trkpt>
<trkpt lat="46.852112" lon="-121.682299"><ele>2562.0</ele></trkpt>
<trkpt lat="46.852252" lon="-121.681904"><ele>2553.0</ele></trkpt>
<trkpt lat="46.852331" lon="-121.681733"><ele>2552.0</ele></trkpt>
<trkpt lat="46.852354" lon="-121.681603"><ele>2547.0</ele></trkpt>
<trkpt lat="46.852540" lon="-121.681167"><ele>2538.0</ele></trkpt>
<trkpt lat="46.852576" lon="-121.681009"><ele>2538.0</ele></trkpt>
<trkpt lat="46.852651" lon="-121.680569"><ele>2532.0</ele></trkpt>
<trkpt lat="46.852725" lon="-121.680243"><ele>2526.0</ele></trkpt>
<trkpt lat="46.852755" lon="-121.680155"><ele>2524.0</ele></trkpt>
<trkpt lat="46.853093" lon="-121.678653"><ele>2512.0</ele></trkpt>
<trkpt lat="46.853184" lon="-121.678334"><ele>2508.0</ele></trkpt>
<trkpt lat="46.853290" lon="-121.678044"><ele>2504.0</ele></trkpt>
<trkpt lat="46.853484" lon="-121.677440"><ele>2499.0</ele></trkpt>
<trkpt lat="46.853620" lon="-121.677103"><ele>2490.0</ele></trkpt>
<trkpt lat="46.853683" lon="-121.676978"><ele>2490.0</ele></trkpt>
<trkpt lat="46.853814" lon="-121.676629"><ele>2480.0</ele></trkpt>
<trkpt lat="46.853979" lon="-121.675919"><ele>2471.0</ele></trkpt>
<trkpt lat="46.854025" lon="-121.675768"><ele>2470.0</ele></trkpt>
<trkpt lat="46.854105" lon="-121.675553"><ele>2462.0</ele></trkpt>
<trkpt lat="46.854154" lon="-121.675347"><ele>2460.0</ele></trkpt>
<trkpt lat="46.854223" lon="-121.675166"><ele>2457.0</ele></trkpt>
<trkpt lat="46.854249" lon="-121.675026"><ele>2457.0</ele></trkpt>
<trkpt lat="46.854282" lon="-121.674935"><ele>2454.0</ele></trkpt>
<trkpt lat="46.854290" lon="-121.674862"><ele>2453.0</ele></trkpt>
<trkpt lat="46.854344" lon="-121.674767"><ele>2448.0</ele></trkpt>
<trkpt lat="46.854371" lon="-121.674635"><ele>2450.0</ele></trkpt>
<trkpt lat="46.854398" lon="-121.674572"><ele>2443.0</ele></trkpt>
<trkpt lat="46.854524" lon="-121.674125"><ele>2439.0</ele></trkpt>
<trkpt lat="46.854550" lon="-121.673977"><ele>2436.0</ele></trkpt>
<trkpt lat="46.854637" lon="-121.673735"><ele>2432.0</ele></trkpt>
<trkpt lat="46.854833" lon="-121.673066"><ele>2418.0</ele></trkpt>
<trkpt lat="46.854860" lon="-121.672916"><ele>2415.0</ele></trkpt>
<trkpt lat="46.854913" lon="-121.672766"><ele>2413.0</ele></trkpt>
<trkpt lat="46.855004" lon="-121.672448"><ele>2408.0</ele></trkpt>
<trkpt lat="46.855038" lon="-121.672371"><ele>2408.0</ele></trkpt>
<trkpt lat="46.855094" lon="-121.672170"><ele>2404.0</ele></trkpt>
<trkpt lat="46.855098" lon="-121.672126"><ele>2401.0</ele></trkpt>
<trkpt lat="46.855278" lon="-121.671607"><ele>2392.0</ele></trkpt>
<trkpt lat="46.855333" lon="-121.671357"><ele>2385.0</ele></trkpt>
<trkpt lat="46.855396" lon="-121.671220"><ele>2383.0</ele></trkpt>
<trkpt lat="46.855441" lon="-121.671020"><ele>2383.0</ele></trkpt>
<trkpt lat="46.855532" lon="-121.670776"><ele>2373.0</ele></trkpt>
<trkpt lat="46.855607" lon="-121.670489"><ele>2370.0</ele></trkpt>
<trkpt lat="46.855668" lon="-121.670368"><ele>2365.0</ele></trkpt>
<trkpt lat="46.855725" lon="-121.670218"><ele>2358.0</ele></trkpt>
<trkpt lat="46.855761" lon="-121.670062"><ele>2358.0</ele></trkpt>
<trkpt lat="46.855763" lon="-121.669951"><ele>2356.0</ele></trkpt>
<trkpt lat="46.855841" lon="-121.669697"><ele>2349.0</ele></trkpt>
<trkpt lat="46.855841" lon="-121.669658"><ele>2349.0</ele></trkpt>
<trkpt lat="46.855878" lon="-121.669508"><ele>2346.0</ele></trkpt>
<trkpt lat="46.855893" lon="-121.669357"><ele>2344.0</ele></trkpt>
<trkpt lat="46.855920" lon="-121.669216"><ele>2340.0</ele></trkpt>
<trkpt lat="46.855949" lon="-121.669126"><ele>2338.0</ele></trkpt>
<trkpt lat="46.855964" lon="-121.668920"><ele>2332.0</ele></trkpt>
<trkpt lat="46.855954" lon="-121.668786"><ele>2332.0</ele></trkpt>
<trkpt lat="46.855982" lon="-121.668579"><ele>2327.0</ele></trkpt>
<trkpt lat="46.856011" lon="-121.668554"><ele>2327.0</ele></trkpt>
<trkpt lat="46.856103" lon="-121.668520"><ele>2324.0</ele></trkpt>
<trkpt lat="46.856181" lon="-121.668351"><ele>2324.0</ele></trkpt>
<trkpt lat="46.856198" lon="-121.668192"><ele>2317.0</ele></trkpt>
<trkpt lat="46.856181" lon="-121.668132"><ele>2319.0</ele></trkpt>
<trkpt lat="46.856177" lon="-121.668064"><ele>2315.0</ele></trkpt>
<trkpt lat="46.856197" lon="-121.668023"><ele>2318.0</ele></trkpt>
<trkpt lat="46.856332" lon="-121.667973"><ele>2310.0</ele></trkpt>
<trkpt lat="46.856398" lon="-121.667906"><ele>2312.0</ele></trkpt>
<trkpt lat="46.856539" lon="-121.667719"><ele>2305.0</ele></trkpt>
<trkpt lat="46.856621" lon="-121.667550"><ele>2308.0</ele></trkpt>
<trkpt lat="46.856659" lon="-121.667502"><ele>2305.0</ele></trkpt>
<trkpt lat="46.856720" lon="-121.667464"><ele>2305.0</ele></trkpt>
<trkpt lat="46.856804" lon="-121.667369"><ele>2306.0</ele></trkpt>
<trkpt lat="46.856789" lon="-121.667270"><ele>2304.0</ele></trkpt>
<trkpt lat="46.856793" lon="-121.667231"><ele>2304.0</ele></trkpt>
<trkpt lat="46.856861" lon="-121.666984"><ele>2307.0</ele></trkpt>
<trkpt lat="46.856870" lon="-121.666907"><ele>2303.0</ele></trkpt>
<trkpt lat="46.856840" lon="-121.666848"><ele>2306.0</ele></trkpt>
<trkpt lat="46.856870" lon="-121.666785"><ele>2304.0</ele></trkpt>
<trkpt lat="46.856866" lon="-121.666751"><ele>2304.0</ele></trkpt>
<trkpt lat="46.856828" lon="-121.666719"><ele>2304.0</ele></trkpt>
<trkpt lat="46.856861" lon="-121.666749"><ele>2308.0</ele></trkpt>
<trkpt lat="46.856859" lon="-121.666788"><ele>2308.0</ele></trkpt>
<trkpt lat="46.856834" lon="-121.666864"><ele>2310.0</ele></trkpt>
<trkpt lat="46.856860" lon="-121.666745"><ele>2310.0</ele></trkpt>
<trkpt lat="46.856828" lon="-121.666703"><ele>2304.0</ele></trkpt>
<trkpt lat="46.856878" lon="-121.666757"><ele>2310.0</ele></trkpt>
<trkpt lat="46.856850" lon="-121.666821"><ele>2310.0</ele></trkpt>
<trkpt lat="46.856849" lon="-121.666865"><ele>2240.0</ele></trkpt>
<trkpt lat="46.856849" lon="-121.666812"><ele>2310.0</ele></trkpt>
<trkpt lat="46.856868" lon="-121.666783"><ele>2308.0</ele></trkpt>
<trkpt lat="46.856865" lon="-121.666745"><ele>2308.0</ele></trkpt>
<trkpt lat="46.856814" lon="-121.666731"><ele>2280.0</ele></trkpt>
<trkpt lat="46.856830" lon="-121.666714"><ele>2298.0</ele></trkpt>
<trkpt lat="46.856930" lon="-121.666752"><ele>2308.0</ele></trkpt>
<trkpt lat="46.856973" lon="-121.666747"><ele>2304.0</ele></trkpt>
<trkpt lat="46.857000" lon="-121.666781"><ele>2306.0</ele></trkpt>
<trkpt lat="46.856953" lon="-121.666775"><ele>2308.0</ele></trkpt>
<trkpt lat="46.856839" lon="-121.666709"><ele>2310.0</ele></trkpt>
<trkpt lat="46.856820" lon="-121.666694"><ele>2178.0</ele></trkpt>
<trkpt lat="46.856762" lon="-121.666628"><ele>2310.0</ele></trkpt>
<trkpt lat="46.856820" lon="-121.666684"><ele>2224.0</ele></trkpt>
<trkpt lat="46.856851" lon="-121.666696"><ele>2308.0</ele></trkpt>
<trkpt lat="46.856890" lon="-121.666700"><ele>2310.0</ele></trkpt>
<trkpt lat="46.856908" lon="-121.666683"><ele>2313.0</ele></trkpt>
<trkpt lat="46.857019" lon="-121.666479"><ele>2305.0</ele></trkpt>
<trkpt lat="46.857062" lon="-121.666468"><ele>2310.0</ele></trkpt>
<trkpt lat="46.857109" lon="-121.666435"><ele>2309.0</ele></trkpt>
<trkpt lat="46.857295" lon="-121.666157"><ele>2304.0</ele></trkpt>
<trkpt lat="46.857334" lon="-121.666118"><ele>2301.0</ele></trkpt>
<trkpt lat="46.857424" lon="-121.665954"><ele>2294.0</ele></trkpt>
<trkpt lat="46.857380" lon="-121.665838"><ele>2290.0</ele></trkpt>
<trkpt lat="46.857372" lon="-121.665683"><ele>2288.0</ele></trkpt>
<trkpt lat="46.857346" lon="-121.665605"><ele>2280.0</ele></trkpt>
<trkpt lat="46.857352" lon="-121.665561"><ele>2284.0</ele></trkpt>
<trkpt lat="46.857433" lon="-121.665272"><ele>2268.0</ele></trkpt>
<trkpt lat="46.857460" lon="-121.665102"><ele>2260.0</ele></trkpt>
<trkpt lat="46.857492" lon="-121.664992"><ele>2251.0</ele></trkpt>
<trkpt lat="46.857554" lon="-121.664836"><ele>2250.0</ele></trkpt>
<trkpt lat="46.857582" lon="-121.664688"><ele>2244.0</ele></trkpt>
<trkpt lat="46.857664" lon="-121.664468"><ele>2238.0</ele></trkpt>
<trkpt lat="46.857797" lon="-121.663926"><ele>2220.0</ele></trkpt>
<trkpt lat="46.857849" lon="-121.663800"><ele>2214.0</ele></trkpt>
<trkpt lat="46.857899" lon="-121.663707"><ele>2212.0</ele></trkpt>
<trkpt lat="46.857934" lon="-121.663664"><ele>2210.0</ele></trkpt>
<trkpt lat="46.857971" lon="-121.663656"><ele>2207.0</ele></trkpt>
<trkpt lat="46.858043" lon="-121.663658"><ele>2204.0</ele></trkpt>
<trkpt lat="46.858164" lon="-121.663726"><ele>2195.0</ele></trkpt>
<trkpt lat="46.858293" lon="-121.663775"><ele>2190.0</ele></trkpt>
<trkpt lat="46.858350" lon="-121.663822"><ele>2185.0</ele></trkpt>
<trkpt lat="46.858414" lon="-121.663836"><ele>2179.0</ele></trkpt>
<trkpt lat="46.858494" lon="-121.663878"><ele>2175.0</ele></trkpt>
<trkpt lat="46.858701" lon="-121.663781"><ele>2168.0</ele></trkpt>
<trkpt lat="46.858837" lon="-121.663642"><ele>2160.0</ele></trkpt>
<trkpt lat="46.858970" lon="-121.663535"><ele>2156.0</ele></trkpt>
<trkpt lat="46.859044" lon="-121.663492"><ele>2152.0</ele></trkpt>
<trkpt lat="46.859139" lon="-121.663473"><ele>2151.0</ele></trkpt>
<trkpt lat="46.859175" lon="-121.663480"><ele>2150.0</ele></trkpt>
<trkpt lat="46.859310" lon="-121.663464"><ele>2150.0</ele></trkpt>
<trkpt lat="46.859381" lon="-121.663432"><ele>2142.0</ele></trkpt>
<trkpt lat="46.859433" lon="-121.663431"><ele>2146.0</ele></trkpt>
<trkpt lat="46.859437" lon="-121.663383"><ele>2143.0</ele></trkpt>
<trkpt lat="46.859466" lon="-121.663344"><ele>2142.0</ele></trkpt>
<trkpt lat="46.859526" lon="-121.663370"><ele>2128.0</ele></trkpt>
<trkpt lat="46.859676" lon="-121.663389"><ele>2124.0</ele></trkpt>
<trkpt lat="46.859809" lon="-121.663533"><ele>2110.0</ele></trkpt>
<trkpt lat="46.859860" lon="-121.663604"><ele>2109.0</ele></trkpt>
<trkpt lat="46.859936" lon="-121.663677"><ele>2108.0</ele></trkpt>
<trkpt lat="46.859968" lon="-121.663747"><ele>2100.0</ele></trkpt>
<trkpt lat="46.860047" lon="-121.663822"><ele>2093.0</ele></trkpt>
<trkpt lat="46.860259" lon="-121.663874"><ele>2077.0</ele></trkpt>
<trkpt lat="46.860310" lon="-121.663867"><ele>2076.0</ele></trkpt>
<trkpt lat="46.860444" lon="-121.663875"><ele>2064.0</ele></trkpt>
<trkpt lat="46.860485" lon="-121.663896"><ele>2062.0</ele></trkpt>
<trkpt lat="46.860528" lon="-121.663879"><ele>2058.0</ele></trkpt>
<trkpt lat="46.860702" lon="-121.663907"><ele>2048.0</ele></trkpt>
<trkpt lat="46.860734" lon="-121.663898"><ele>2046.0</ele></trkpt>
<trkpt lat="46.860799" lon="-121.663921"><ele>2036.0</ele></trkpt>
<trkpt lat="46.860933" lon="-121.663943"><ele>2026.0</ele></trkpt>
<trkpt lat="46.860952" lon="-121.663965"><ele>2028.0</ele></trkpt>
<trkpt lat="46.861045" lon="-121.664013"><ele>2020.0</ele></trkpt>
<trkpt lat="46.861061" lon="-121.664046"><ele>2016.0</ele></trkpt>
<trkpt lat="46.861157" lon="-121.664132"><ele>2009.0</ele></trkpt>
<trkpt lat="46.861214" lon="-121.664147"><ele>2006.0</ele></trkpt>
<trkpt lat="46.861266" lon="-121.664148"><ele>2000.0</ele></trkpt>
<trkpt lat="46.861360" lon="-121.664177"><ele>1995.0</ele></trkpt>
<trkpt lat="46.861485" lon="-121.664191"><ele>1988.0</ele></trkpt>
<trkpt lat="46.861611" lon="-121.664186"><ele>1980.0</ele></trkpt>
<trkpt lat="46.861627" lon="-121.664171"><ele>1978.0</ele></trkpt>
<trkpt lat="46.861817" lon="-121.664137"><ele>1963.0</ele></trkpt>
<trkpt lat="46.861843" lon="-121.664113"><ele>1960.0</ele></trkpt>
<trkpt lat="46.861872" lon="-121.664129"><ele>1960.0</ele></trkpt>
<trkpt lat="46.861936" lon="-121.664117"><ele>1955.0</ele></trkpt>
<trkpt lat="46.862026" lon="-121.664082"><ele>1950.0</ele></trkpt>
<trkpt lat="46.862077" lon="-121.664043"><ele>1944.0</ele></trkpt>
<trkpt lat="46.862175" lon="-121.663918"><ele>1940.0</ele></trkpt>
<trkpt lat="46.862260" lon="-121.663786"><ele>1932.0</ele></trkpt>
<trkpt lat="46.862266" lon="-121.663700"><ele>1929.0</ele></trkpt>
<trkpt lat="46.862292" lon="-121.663627"><ele>1927.0</ele></trkpt>
<trkpt lat="46.862338" lon="-121.663578"><ele>1924.0</ele></trkpt>
<trkpt lat="46.862378" lon="-121.663555"><ele>1922.0</ele></trkpt>
<trkpt lat="46.862459" lon="-121.663459"><ele>1917.0</ele></trkpt>
<trkpt lat="46.862502" lon="-121.663366"><ele>1912.0</ele></trkpt>
<trkpt lat="46.862672" lon="-121.663178"><ele>1902.0</ele></trkpt>
<trkpt lat="46.862769" lon="-121.663034"><ele>1896.0</ele></trkpt>
<trkpt lat="46.862897" lon="-121.662873"><ele>1888.0</ele></trkpt>
<trkpt lat="46.862920" lon="-121.662806"><ele>1884.0</ele></trkpt>
<trkpt lat="46.862962" lon="-121.662763"><ele>1882.0</ele></trkpt>
<trkpt lat="46.862999" lon="-121.662686"><ele>1880.0</ele></trkpt>
<trkpt lat="46.863041" lon="-121.662626"><ele>1877.0</ele></trkpt>
<trkpt lat="46.863054" lon="-121.662560"><ele>1875.0</ele></trkpt>
<trkpt lat="46.863084" lon="-121.662520"><ele>1862.0</ele></trkpt>
<trkpt lat="46.863007" lon="-121.662290"><ele>1868.0</ele></trkpt>
<trkpt lat="46.863025" lon="-121.662210"><ele>1870.0</ele></trkpt>
<trkpt lat="46.863011" lon="-121.662048"><ele>1866.0</ele></trkpt>
<trkpt lat="46.863020" lon="-121.662013"><ele>1866.0</ele></trkpt>
<trkpt lat="46.863103" lon="-121.661869"><ele>1856.0</ele></trkpt>
<trkpt lat="46.863130" lon="-121.661803"><ele>1855.0</ele></trkpt>
<trkpt lat="46.863234" lon="-121.661691"><ele>1851.0</ele></trkpt>
<trkpt lat="46.863260" lon="-121.661505"><ele>1845.0</ele></trkpt>
<trkpt lat="46.863311" lon="-121.661378"><ele>1844.0</ele></trkpt>
<trkpt lat="46.863376" lon="-121.661361"><ele>1840.0</ele></trkpt>
<trkpt lat="46.863399" lon="-121.661335"><ele>1842.0</ele></trkpt>
<trkpt lat="46.863518" lon="-121.661148"><ele>1836.0</ele></trkpt>
<trkpt lat="46.863541" lon="-121.661127"><ele>1835.0</ele></trkpt>
<trkpt lat="46.863549" lon="-121.661084"><ele>1836.0</ele></trkpt>
<trkpt lat="46.863788" lon="-121.660817"><ele>1828.0</ele></trkpt>
<trkpt lat="46.863817" lon="-121.660771"><ele>1828.0</ele></trkpt>
<trkpt lat="46.863888" lon="-121.660752"><ele>1824.0</ele></trkpt>
<trkpt lat="46.863983" lon="-121.660761"><ele>1820.0</ele></trkpt>
<trkpt lat="46.864013" lon="-121.660742"><ele>1820.0</ele></trkpt>
<trkpt lat="46.864117" lon="-121.660757"><ele>1815.0</ele></trkpt>
<trkpt lat="46.864150" lon="-121.660773"><ele>1816.0</ele></trkpt>
<trkpt lat="46.864222" lon="-121.660772"><ele>1815.0</ele></trkpt>
<trkpt lat="46.864442" lon="-121.660878"><ele>1806.0</ele></trkpt>
<trkpt lat="46.864606" lon="-121.660874"><ele>1808.0</ele></trkpt>
<trkpt lat="46.864751" lon="-121.660928"><ele>1806.0</ele></trkpt>
<trkpt lat="46.864784" lon="-121.660923"><ele>1800.0</ele></trkpt>
<trkpt lat="46.864942" lon="-121.660793"><ele>1802.0</ele></trkpt>
<trkpt lat="46.865010" lon="-121.660720"><ele>1803.0</ele></trkpt>
<trkpt lat="46.865139" lon="-121.660661"><ele>1800.0</ele></trkpt>
<trkpt lat="46.865188" lon="-121.660610"><ele>1800.0</ele></trkpt>
<trkpt lat="46.865291" lon="-121.660581"><ele>1802.0</ele></trkpt>
<trkpt lat="46.865451" lon="-121.660595"><ele>1804.0</ele></trkpt>
<trkpt lat="46.865625" lon="-121.660459"><ele>1802.0</ele></trkpt>
<trkpt lat="46.865681" lon="-121.660387"><ele>1804.0</ele></trkpt>
<trkpt lat="46.865746" lon="-121.660376"><ele>1800.0</ele></trkpt>
<trkpt lat="46.865801" lon="-121.660343"><ele>1801.0</ele></trkpt>
<trkpt lat="46.865856" lon="-121.660327"><ele>1796.0</ele></trkpt>
<trkpt lat="46.865894" lon="-121.660332"><ele>1796.0</ele></trkpt>
<trkpt lat="46.866064" lon="-121.660489"><ele>1792.0</ele></trkpt>
<trkpt lat="46.866213" lon="-121.660500"><ele>1787.0</ele></trkpt>
<trkpt lat="46.866314" lon="-121.660420"><ele>1785.0</ele></trkpt>
<trkpt lat="46.866394" lon="-121.660396"><ele>1783.0</ele></trkpt>
<trkpt lat="46.866439" lon="-121.660471"><ele>1781.0</ele></trkpt>
<trkpt lat="46.866494" lon="-121.660522"><ele>1776.0</ele></trkpt>
<trkpt lat="46.866498" lon="-121.660553"><ele>1771.0</ele></trkpt>
<trkpt lat="46.866533" lon="-121.660574"><ele>1767.0</ele></trkpt>
<trkpt lat="46.866601" lon="-121.660575"><ele>1768.0</ele></trkpt>
<trkpt lat="46.866695" lon="-121.660634"><ele>1760.0</ele></trkpt>
<trkpt lat="46.866723" lon="-121.660667"><ele>1758.0</ele></trkpt>
<trkpt lat="46.866775" lon="-121.660698"><ele>1756.0</ele></trkpt>
<trkpt lat="46.866822" lon="-121.660786"><ele>1754.0</ele></trkpt>
<trkpt lat="46.866866" lon="-121.660844"><ele>1746.0</ele></trkpt>
<trkpt lat="46.866918" lon="-121.660872"><ele>1744.0</ele></trkpt>
<trkpt lat="46.866939" lon="-121.660901"><ele>1741.0</ele></trkpt>
<trkpt lat="46.866993" lon="-121.660916"><ele>1739.0</ele></trkpt>
<trkpt lat="46.867042" lon="-121.660906"><ele>1737.0</ele></trkpt>
<trkpt lat="46.867128" lon="-121.660865"><ele>1732.0</ele></trkpt>
<trkpt lat="46.867201" lon="-121.660933"><ele>1733.0</ele></trkpt>
<trkpt lat="46.867196" lon="-121.660970"><ele>1724.0</ele></trkpt>
<trkpt lat="46.867232" lon="-121.661027"><ele>1731.0</ele></trkpt>
<trkpt lat="46.867199" lon="-121.661044"><ele>1727.0</ele></trkpt>
<trkpt lat="46.867176" lon="-121.661098"><ele>1729.0</ele></trkpt>
<trkpt lat="46.867200" lon="-121.661141"><ele>1727.0</ele></trkpt>
<trkpt lat="46.867200" lon="-121.661224"><ele>1724.0</ele></trkpt>
<trkpt lat="46.867237" lon="-121.661266"><ele>1725.0</ele></trkpt>
<trkpt lat="46.867213" lon="-121.661274"><ele>1725.0</ele></trkpt>
<trkpt lat="46.867250" lon="-121.661225"><ele>1722.0</ele></trkpt>
<trkpt lat="46.867253" lon="-121.661311"><ele>1722.0</ele></trkpt>
<trkpt lat="46.867266" lon="-121.661337"><ele>1724.0</ele></trkpt>
<trkpt lat="46.867248" lon="-121.661323"><ele>1725.0</ele></trkpt>
<trkpt lat="46.867280" lon="-121.661307"><ele>1722.0</ele></trkpt>
<trkpt lat="46.867311" lon="-121.661305"><ele>1720.0</ele></trkpt>
<trkpt lat="46.867377" lon="-121.661346"><ele>1710.0</ele></trkpt>
<trkpt lat="46.867445" lon="-121.661355"><ele>1713.0</ele></trkpt>
<trkpt lat="46.867576" lon="-121.661470"><ele>1707.0</ele></trkpt>
<trkpt lat="46.867563" lon="-121.661500"><ele>1705.0</ele></trkpt>
<trkpt lat="46.867651" lon="-121.661463"><ele>1698.0</ele></trkpt>
<trkpt lat="46.867753" lon="-121.661465"><ele>1692.0</ele></trkpt>
<trkpt lat="46.867782" lon="-121.661450"><ele>1695.0</ele></trkpt>
<trkpt lat="46.867816" lon="-121.661468"><ele>1691.0</ele></trkpt>
<trkpt lat="46.867850" lon="-121.661424"><ele>1688.0</ele></trkpt>
<trkpt lat="46.867990" lon="-121.661410"><ele>1686.0</ele></trkpt>
<trkpt lat="46.868025" lon="-121.661354"><ele>1685.0</ele></trkpt>
<trkpt lat="46.868024" lon="-121.661238"><ele>1685.0</ele></trkpt>
<trkpt lat="46.868074" lon="-121.661025"><ele>1682.0</ele></trkpt>
<trkpt lat="46.868109" lon="-121.660947"><ele>1680.0</ele></trkpt>
<trkpt lat="46.868132" lon="-121.660925"><ele>1682.0</ele></trkpt>
<trkpt lat="46.868164" lon="-121.660824"><ele>1682.0</ele></trkpt>
<trkpt lat="46.868251" lon="-121.660781"><ele>1676.0</ele></trkpt>
<trkpt lat="46.868288" lon="-121.660706"><ele>1676.0</ele></trkpt>
<trkpt lat="46.868330" lon="-121.660649"><ele>1674.0</ele></trkpt>
<trkpt lat="46.868326" lon="-121.660616"><ele>1673.0</ele></trkpt>
<trkpt lat="46.868495" lon="-121.660265"><ele>1665.0</ele></trkpt>
<trkpt lat="46.868515" lon="-121.660174"><ele>1664.0</ele></trkpt>
<trkpt lat="46.868562" lon="-121.660057"><ele>1662.0</ele></trkpt>
<trkpt lat="46.868561" lon="-121.660026"><ele>1662.0</ele></trkpt>
<trkpt lat="46.868594" lon="-121.659974"><ele>1659.0</ele></trkpt>
<trkpt lat="46.868620" lon="-121.659903"><ele>1660.0</ele></trkpt>
<trkpt lat="46.868680" lon="-121.659885"><ele>1658.0</ele></trkpt>
<trkpt lat="46.868722" lon="-121.659904"><ele>1660.0</ele></trkpt>
<trkpt lat="46.868696" lon="-121.659909"><ele>1656.0</ele></trkpt>
<trkpt lat="46.868768" lon="-121.659743"><ele>1656.0</ele></trkpt>
<trkpt lat="46.868790" lon="-121.659711"><ele>1656.0</ele></trkpt>
<trkpt lat="46.868814" lon="-121.659616"><ele>1654.0</ele></trkpt>
<trkpt lat="46.868867" lon="-121.659506"><ele>1653.0</ele></trkpt>
<trkpt lat="46.868918" lon="-121.659315"><ele>1650.0</ele></trkpt>
<trkpt lat="46.868933" lon="-121.659288"><ele>1651.0</ele></trkpt>
<trkpt lat="46.868930" lon="-121.659232"><ele>1651.0</ele></trkpt>
<trkpt lat="46.868948" lon="-121.659180"><ele>1649.0</ele></trkpt>
<trkpt lat="46.868980" lon="-121.659169"><ele>1648.0</ele></trkpt>
<trkpt lat="46.869006" lon="-121.659144"><ele>1648.0</ele></trkpt>
<trkpt lat="46.869073" lon="-121.659042"><ele>1648.0</ele></trkpt>
<trkpt lat="46.869097" lon="-121.658962"><ele>1646.0</ele></trkpt>
<trkpt lat="46.869101" lon="-121.658893"><ele>1646.0</ele></trkpt>
<trkpt lat="46.869093" lon="-121.658858"><ele>1644.0</ele></trkpt>
<trkpt lat="46.869131" lon="-121.658749"><ele>1644.0</ele></trkpt>
<trkpt lat="46.869167" lon="-121.658725"><ele>1642.0</ele></trkpt>
<trkpt lat="46.869198" lon="-121.658722"><ele>1641.0</ele></trkpt>
<trkpt lat="46.869313" lon="-121.658431"><ele>1638.0</ele></trkpt>
<trkpt lat="46.869343" lon="-121.658332"><ele>1636.0</ele></trkpt>
<trkpt lat="46.869412" lon="-121.658205"><ele>1636.0</ele></trkpt>
<trkpt lat="46.869408" lon="-121.658136"><ele>1636.0</ele></trkpt>
<trkpt lat="46.869476" lon="-121.657896"><ele>1630.0</ele></trkpt>
<trkpt lat="46.869478" lon="-121.657799"><ele>1630.0</ele></trkpt>
<trkpt lat="46.869503" lon="-121.657721"><ele>1630.0</ele></trkpt>
<trkpt lat="46.869554" lon="-121.657686"><ele>1632.0</ele></trkpt>
<trkpt lat="46.869584" lon="-121.657602"><ele>1631.0</ele></trkpt>
<trkpt lat="46.869568" lon="-121.657446"><ele>1628.0</ele></trkpt>
<trkpt lat="46.869577" lon="-121.657222"><ele>1626.0</ele></trkpt>
<trkpt lat="46.869606" lon="-121.657136"><ele>1624.0</ele></trkpt>
<trkpt lat="46.869624" lon="-121.657004"><ele>1622.0</ele></trkpt>
<trkpt lat="46.869641" lon="-121.656979"><ele>1620.0</ele></trkpt>
<trkpt lat="46.869629" lon="-121.656830"><ele>1620.0</ele></trkpt>
<trkpt lat="46.869649" lon="-121.656707"><ele>1620.0</ele></trkpt>
<trkpt lat="46.869689" lon="-121.656652"><ele>1619.0</ele></trkpt>
<trkpt lat="46.869699" lon="-121.656564"><ele>1618.0</ele></trkpt>
<trkpt lat="46.869723" lon="-121.656538"><ele>1617.0</ele></trkpt>
<trkpt lat="46.869729" lon="-121.656502"><ele>1618.0</ele></trkpt>
<trkpt lat="46.869794" lon="-121.656332"><ele>1616.0</ele></trkpt>
<trkpt lat="46.869786" lon="-121.655984"><ele>1611.0</ele></trkpt>
<trkpt lat="46.869752" lon="-121.655884"><ele>1611.0</ele></trkpt>
<trkpt lat="46.869724" lon="-121.655745"><ele>1612.0</ele></trkpt>
<trkpt lat="46.869731" lon="-121.655631"><ele>1612.0</ele></trkpt>
<trkpt lat="46.869798" lon="-121.655426"><ele>1610.0</ele></trkpt>
<trkpt lat="46.869842" lon="-121.655342"><ele>1607.0</ele></trkpt>
<trkpt lat="46.869862" lon="-121.655257"><ele>1604.0</ele></trkpt>
<trkpt lat="46.869859" lon="-121.655217"><ele>1602.0</ele></trkpt>
<trkpt lat="46.869883" lon="-121.655076"><ele>1600.0</ele></trkpt>
<trkpt lat="46.869882" lon="-121.654995"><ele>1600.0</ele></trkpt>
<trkpt lat="46.869858" lon="-121.654953"><ele>1600.0</ele></trkpt>
<trkpt lat="46.869860" lon="-121.654767"><ele>1598.0</ele></trkpt>
<trkpt lat="46.869842" lon="-121.654739"><ele>1596.0</ele></trkpt>
<trkpt lat="46.869799" lon="-121.654618"><ele>1596.0</ele></trkpt>
<trkpt lat="46.869766" lon="-121.654588"><ele>1596.0</ele></trkpt>
<trkpt lat="46.869751" lon="-121.654518"><ele>1597.0</ele></trkpt>
<trkpt lat="46.869688" lon="-121.654399"><ele>1598.0</ele></trkpt>
<trkpt lat="46.869685" lon="-121.654335"><ele>1596.0</ele></trkpt>
<trkpt lat="46.869650" lon="-121.654213"><ele>1594.0</ele></trkpt>
<trkpt lat="46.869594" lon="-121.654155"><ele>1591.0</ele></trkpt>
<trkpt lat="46.869536" lon="-121.654050"><ele>1592.0</ele></trkpt>
<trkpt lat="46.869471" lon="-121.653889"><ele>1588.0</ele></trkpt>
<trkpt lat="46.869506" lon="-121.653860"><ele>1587.0</ele></trkpt>
<trkpt lat="46.869714" lon="-121.653852"><ele>1586.0</ele></trkpt>
<trkpt lat="46.869787" lon="-121.653890"><ele>1586.0</ele></trkpt>
<trkpt lat="46.869800" lon="-121.653923"><ele>1585.0</ele></trkpt>
<trkpt lat="46.869829" lon="-121.653858"><ele>1580.0</ele></trkpt>
<trkpt lat="46.869885" lon="-121.653897"><ele>1580.0</ele></trkpt>
<trkpt lat="46.869881" lon="-121.653929"><ele>1575.0</ele></trkpt>
<trkpt lat="46.869855" lon="-121.653944"><ele>1582.0</ele></trkpt>
<trkpt lat="46.869842" lon="-121.653905"><ele>1575.0</ele></trkpt>
<trkpt lat="46.869855" lon="-121.653875"><ele>1568.0</ele></trkpt>
<trkpt lat="46.869899" lon="-121.653898"><ele>1580.0</ele></trkpt>
<trkpt lat="46.869909" lon="-121.653765"><ele>1580.0</ele></trkpt>
<trkpt lat="46.869934" lon="-121.653857"><ele>1576.0</ele></trkpt>
<trkpt lat="46.869927" lon="-121.653900"><ele>1579.0</ele></trkpt>
<trkpt lat="46.869899" lon="-121.653891"><ele>1584.0</ele></trkpt>
<trkpt lat="46.869922" lon="-121.653716"><ele>1575.0</ele></trkpt>
<trkpt lat="46.869788" lon="-121.653568"><ele>1584.0</ele></trkpt>
<trkpt lat="46.869798" lon="-121.653409"><ele>1584.0</ele></trkpt>
<trkpt lat="46.869785" lon="-121.653363"><ele>1584.0</ele></trkpt>
<trkpt lat="46.869697" lon="-121.653186"><ele>1581.0</ele></trkpt>
<trkpt lat="46.869621" lon="-121.652929"><ele>1582.0</ele></trkpt>
<trkpt lat="46.869631" lon="-121.652570"><ele>1574.0</ele></trkpt>
<trkpt lat="46.869607" lon="-121.652479"><ele>1575.0</ele></trkpt>
<trkpt lat="46.869605" lon="-121.652398"><ele>1576.0</ele></trkpt>
<trkpt lat="46.869609" lon="-121.652362"><ele>1576.0</ele></trkpt>
<trkpt lat="46.869653" lon="-121.652275"><ele>1576.0</ele></trkpt>
<trkpt lat="46.869684" lon="-121.652241"><ele>1575.0</ele></trkpt>
<trkpt lat="46.869685" lon="-121.652167"><ele>1571.0</ele></trkpt>
<trkpt lat="46.869636" lon="-121.651989"><ele>1569.0</ele></trkpt>
<trkpt lat="46.869587" lon="-121.651938"><ele>1570.0</ele></trkpt>
<trkpt lat="46.869509" lon="-121.651906"><ele>1566.0</ele></trkpt>
<trkpt lat="46.869527" lon="-121.651859"><ele>1563.0</ele></trkpt>
<trkpt lat="46.869576" lon="-121.651795"><ele>1563.0</ele></trkpt>
<trkpt lat="46.869707" lon="-121.651781"><ele>1563.0</ele></trkpt>
<trkpt lat="46.869773" lon="-121.651732"><ele>1566.0</ele></trkpt>
<trkpt lat="46.869794" lon="-121.651704"><ele>1564.0</ele></trkpt>
<trkpt lat="46.869807" lon="-121.651663"><ele>1566.0</ele></trkpt>
<trkpt lat="46.869778" lon="-121.651609"><ele>1563.0</ele></trkpt>
<trkpt lat="46.869772" lon="-121.651442"><ele>1560.0</ele></trkpt>
<trkpt lat="46.869786" lon="-121.651360"><ele>1560.0</ele></trkpt>
<trkpt lat="46.869781" lon="-121.651280"><ele>1560.0</ele></trkpt>
<trkpt lat="46.869808" lon="-121.651207"><ele>1560.0</ele></trkpt>
<trkpt lat="46.869850" lon="-121.651020"><ele>1556.0</ele></trkpt>
<trkpt lat="46.869832" lon="-121.650988"><ele>1554.0</ele></trkpt>
<trkpt lat="46.869825" lon="-121.650947"><ele>1554.0</ele></trkpt>
<trkpt lat="46.869847" lon="-121.650895"><ele>1551.0</ele></trkpt>
<trkpt lat="46.869838" lon="-121.650835"><ele>1554.0</ele></trkpt>
<trkpt lat="46.869851" lon="-121.650762"><ele>1555.0</ele></trkpt>
<trkpt lat="46.869832" lon="-121.650605"><ele>1554.0</ele></trkpt>
<trkpt lat="46.869862" lon="-121.650531"><ele>1551.0</ele></trkpt>
<trkpt lat="46.869856" lon="-121.650469"><ele>1548.0</ele></trkpt>
<trkpt lat="46.869889" lon="-121.650341"><ele>1548.0</ele></trkpt>
<trkpt lat="46.869906" lon="-121.650113"><ele>1547.0</ele></trkpt>
<trkpt lat="46.869902" lon="-121.649903"><ele>1548.0</ele></trkpt>
<trkpt lat="46.869939" lon="-121.649754"><ele>1547.0</ele></trkpt>
<trkpt lat="46.869934" lon="-121.649651"><ele>1544.0</ele></trkpt>
<trkpt lat="46.869966" lon="-121.649533"><ele>1545.0</ele></trkpt>
<trkpt lat="46.869967" lon="-121.649376"><ele>1542.0</ele></trkpt>
<trkpt lat="46.869940" lon="-121.649239"><ele>1536.0</ele></trkpt>
<trkpt lat="46.869947" lon="-121.649145"><ele>1536.0</ele></trkpt>
<trkpt lat="46.869923" lon="-121.649035"><ele>1538.0</ele></trkpt>
<trkpt lat="46.869937" lon="-121.648961"><ele>1538.0</ele></trkpt>
<trkpt lat="46.869971" lon="-121.648883"><ele>1538.0</ele></trkpt>
<trkpt lat="46.869979" lon="-121.648474"><ele>1536.0</ele></trkpt>
<trkpt lat="46.870002" lon="-121.648396"><ele>1536.0</ele></trkpt>
<trkpt lat="46.869994" lon="-121.648301"><ele>1536.0</ele></trkpt>
<trkpt lat="46.870010" lon="-121.648236"><ele>1535.0</ele></trkpt>
<trkpt lat="46.870021" lon="-121.648111"><ele>1532.0</ele></trkpt>
<trkpt lat="46.870049" lon="-121.648031"><ele>1532.0</ele></trkpt>
<trkpt lat="46.870056" lon="-121.647825"><ele>1534.0</ele></trkpt>
<trkpt lat="46.870072" lon="-121.647774"><ele>1534.0</ele></trkpt>
<trkpt lat="46.870121" lon="-121.647695"><ele>1533.0</ele></trkpt>
<trkpt lat="46.870137" lon="-121.647591"><ele>1529.0</ele></trkpt>
<trkpt lat="46.870087" lon="-121.647499"><ele>1526.0</ele></trkpt>
<trkpt lat="46.870083" lon="-121.647457"><ele>1524.0</ele></trkpt>
<trkpt lat="46.870023" lon="-121.647289"><ele>1521.0</ele></trkpt>
<trkpt lat="46.870029" lon="-121.647209"><ele>1523.0</ele></trkpt>
<trkpt lat="46.870092" lon="-121.647136"><ele>1522.0</ele></trkpt>
<trkpt lat="46.870126" lon="-121.647081"><ele>1521.0</ele></trkpt>
<trkpt lat="46.870123" lon="-121.647049"><ele>1520.0</ele></trkpt>
<trkpt lat="46.870096" lon="-121.647019"><ele>1520.0</ele></trkpt>
<trkpt lat="46.870117" lon="-121.646932"><ele>1524.0</ele></trkpt>
<trkpt lat="46.870107" lon="-121.646890"><ele>1521.0</ele></trkpt>
<trkpt lat="46.870088" lon="-121.646858"><ele>1522.0</ele></trkpt>
<trkpt lat="46.870092" lon="-121.646718"><ele>1519.0</ele></trkpt>
<trkpt lat="46.870076" lon="-121.646681"><ele>1520.0</ele></trkpt>
<trkpt lat="46.870069" lon="-121.646578"><ele>1518.0</ele></trkpt>
<trkpt lat="46.870096" lon="-121.646482"><ele>1520.0</ele></trkpt>
<trkpt lat="46.870085" lon="-121.646379"><ele>1518.0</ele></trkpt>
<trkpt lat="46.870087" lon="-121.646250"><ele>1515.0</ele></trkpt>
<trkpt lat="46.870161" lon="-121.645846"><ele>1519.0</ele></trkpt>
<trkpt lat="46.870136" lon="-121.645712"><ele>1518.0</ele></trkpt>
<trkpt lat="46.870123" lon="-121.645668"><ele>1517.0</ele></trkpt>
<trkpt lat="46.870086" lon="-121.645616"><ele>1515.0</ele></trkpt>
<trkpt lat="46.870073" lon="-121.645541"><ele>1513.0</ele></trkpt>
<trkpt lat="46.870101" lon="-121.645419"><ele>1518.0</ele></trkpt>
<trkpt lat="46.870099" lon="-121.645385"><ele>1518.0</ele></trkpt>
<trkpt lat="46.870126" lon="-121.645291"><ele>1518.0</ele></trkpt>
<trkpt lat="46.870098" lon="-121.645150"><ele>1518.0</ele></trkpt>
<trkpt lat="46.870146" lon="-121.644987"><ele>1516.0</ele></trkpt>
<trkpt lat="46.870142" lon="-121.644942"><ele>1516.0</ele></trkpt>
<trkpt lat="46.870125" lon="-121.644904"><ele>1518.0</ele></trkpt>
<trkpt lat="46.870130" lon="-121.644805"><ele>1517.0</ele></trkpt>
<trkpt lat="46.870108" lon="-121.644740"><ele>1517.0</ele></trkpt>
<trkpt lat="46.870097" lon="-121.644667"><ele>1516.0</ele></trkpt>
<trkpt lat="46.869973" lon="-121.644592"><ele>1516.0</ele></trkpt>
<trkpt lat="46.869944" lon="-121.644583"><ele>1516.0</ele></trkpt>
<trkpt lat="46.869880" lon="-121.644487"><ele>1512.0</ele></trkpt>
<trkpt lat="46.869884" lon="-121.644338"><ele>1514.0</ele></trkpt>
<trkpt lat="46.869837" lon="-121.644202"><ele>1513.0</ele></trkpt>
<trkpt lat="46.869754" lon="-121.644076"><ele>1515.0</ele></trkpt>
<trkpt lat="46.869745" lon="-121.644011"><ele>1512.0</ele></trkpt>
<trkpt lat="46.869716" lon="-121.643947"><ele>1512.0</ele></trkpt>
<trkpt lat="46.869686" lon="-121.643925"><ele>1512.0</ele></trkpt>
<trkpt lat="46.869676" lon="-121.643896"><ele>1510.0</ele></trkpt>
<trkpt lat="46.869659" lon="-121.643683"><ele>1509.0</ele></trkpt>
<trkpt lat="46.869604" lon="-121.643524"><ele>1510.0</ele></trkpt>
<trkpt lat="46.869563" lon="-121.643321"><ele>1508.0</ele></trkpt>
<trkpt lat="46.869535" lon="-121.643263"><ele>1508.0</ele></trkpt>
<trkpt lat="46.869531" lon="-121.643226"><ele>1506.0</ele></trkpt>
<trkpt lat="46.869512" lon="-121.643197"><ele>1506.0</ele></trkpt>
<trkpt lat="46.869455" lon="-121.643155"><ele>1504.0</ele></trkpt>
<trkpt lat="46.869436" lon="-121.643123"><ele>1505.0</ele></trkpt>
<trkpt lat="46.869419" lon="-121.642900"><ele>1500.0</ele></trkpt>
<trkpt lat="46.869401" lon="-121.642816"><ele>1498.0</ele></trkpt>
<trkpt lat="46.869318" lon="-121.642601"><ele>1495.0</ele></trkpt>
<trkpt lat="46.869265" lon="-121.642402"><ele>1498.0</ele></trkpt>
<trkpt lat="46.869221" lon="-121.642343"><ele>1497.0</ele></trkpt>
<trkpt lat="46.869191" lon="-121.642277"><ele>1497.0</ele></trkpt>
<trkpt lat="46.869195" lon="-121.642234"><ele>1496.0</ele></trkpt>
<trkpt lat="46.869178" lon="-121.642152"><ele>1493.0</ele></trkpt>
<trkpt lat="46.869134" lon="-121.642025"><ele>1492.0</ele></trkpt>
<trkpt lat="46.869120" lon="-121.641804"><ele>1490.0</ele></trkpt>
<trkpt lat="46.869083" lon="-121.641606"><ele>1488.0</ele></trkpt>
<trkpt lat="46.869078" lon="-121.641495"><ele>1488.0</ele></trkpt>
<trkpt lat="46.869054" lon="-121.641463"><ele>1488.0</ele></trkpt>
<trkpt lat="46.869029" lon="-121.641360"><ele>1485.0</ele></trkpt>
<trkpt lat="46.868991" lon="-121.641299"><ele>1484.0</ele></trkpt>
<trkpt lat="46.868929" lon="-121.640997"><ele>1484.0</ele></trkpt>
<trkpt lat="46.868914" lon="-121.640956"><ele>1483.0</ele></trkpt>
<trkpt lat="46.868866" lon="-121.640897"><ele>1482.0</ele></trkpt>
<trkpt lat="46.868861" lon="-121.640851"><ele>1482.0</ele></trkpt>
<trkpt lat="46.868870" lon="-121.640812"><ele>1482.0</ele></trkpt>
<trkpt lat="46.868843" lon="-121.640530"><ele>1480.0</ele></trkpt>
<trkpt lat="46.868784" lon="-121.640428"><ele>1479.0</ele></trkpt>
<trkpt lat="46.868752" lon="-121.640305"><ele>1476.0</ele></trkpt>
<trkpt lat="46.868749" lon="-121.640176"><ele>1474.0</ele></trkpt>
<trkpt lat="46.868720" lon="-121.640073"><ele>1471.0</ele></trkpt>
<trkpt lat="46.868745" lon="-121.639911"><ele>1470.0</ele></trkpt>
<trkpt lat="46.868716" lon="-121.639804"><ele>1471.0</ele></trkpt>
<trkpt lat="46.868709" lon="-121.639695"><ele>1468.0</ele></trkpt>
<trkpt lat="46.868672" lon="-121.639540"><ele>1467.0</ele></trkpt>
<trkpt lat="46.868696" lon="-121.639419"><ele>1466.0</ele></trkpt>
<trkpt lat="46.868715" lon="-121.639120"><ele>1464.0</ele></trkpt>
<trkpt lat="46.868707" lon="-121.638818"><ele>1461.0</ele></trkpt>
<trkpt lat="46.868738" lon="-121.638706"><ele>1463.0</ele></trkpt>
<trkpt lat="46.868742" lon="-121.638596"><ele>1461.0</ele></trkpt>
<trkpt lat="46.868731" lon="-121.638435"><ele>1461.0</ele></trkpt>
<trkpt lat="46.868707" lon="-121.638341"><ele>1462.0</ele></trkpt>
<trkpt lat="46.868699" lon="-121.638248"><ele>1460.0</ele></trkpt>
<trkpt lat="46.868706" lon="-121.638136"><ele>1458.0</ele></trkpt>
<trkpt lat="46.868696" lon="-121.638067"><ele>1458.0</ele></trkpt>
<trkpt lat="46.868671" lon="-121.637999"><ele>1458.0</ele></trkpt>
<trkpt lat="46.868647" lon="-121.637830"><ele>1456.0</ele></trkpt>
<trkpt lat="46.868677" lon="-121.637725"><ele>1456.0</ele></trkpt>
<trkpt lat="46.868676" lon="-121.637555"><ele>1457.0</ele></trkpt>
<trkpt lat="46.868702" lon="-121.637504"><ele>1455.0</ele></trkpt>
<trkpt lat="46.868702" lon="-121.637397"><ele>1456.0</ele></trkpt>
<trkpt lat="46.868717" lon="-121.637283"><ele>1457.0</ele></trkpt>
<trkpt lat="46.868692" lon="-121.637166"><ele>1458.0</ele></trkpt>
<trkpt lat="46.868697" lon="-121.637105"><ele>1458.0</ele></trkpt>
<trkpt lat="46.868683" lon="-121.637064"><ele>1458.0</ele></trkpt>
<trkpt lat="46.868688" lon="-121.636982"><ele>1458.0</ele></trkpt>
<trkpt lat="46.868667" lon="-121.636805"><ele>1458.0</ele></trkpt>
<trkpt lat="46.868604" lon="-121.636544"><ele>1455.0</ele></trkpt>
<trkpt lat="46.868597" lon="-121.636471"><ele>1454.0</ele></trkpt>
<trkpt lat="46.868581" lon="-121.636444"><ele>1454.0</ele></trkpt>
<trkpt lat="46.868521" lon="-121.636199"><ele>1450.0</ele></trkpt>
<trkpt lat="46.868539" lon="-121.636048"><ele>1449.0</ele></trkpt>
<trkpt lat="46.868504" lon="-121.635796"><ele>1445.0</ele></trkpt>
<trkpt lat="46.868511" lon="-121.635720"><ele>1443.0</ele></trkpt>
<trkpt lat="46.868489" lon="-121.635511"><ele>1443.0</ele></trkpt>
<trkpt lat="46.868503" lon="-121.635426"><ele>1444.0</ele></trkpt>
<trkpt lat="46.868482" lon="-121.635312"><ele>1441.0</ele></trkpt>
<trkpt lat="46.868491" lon="-121.635090"><ele>1443.0</ele></trkpt>
<trkpt lat="46.868469" lon="-121.635018"><ele>1443.0</ele></trkpt>
<trkpt lat="46.868464" lon="-121.634880"><ele>1444.0</ele></trkpt>
<trkpt lat="46.868508" lon="-121.634646"><ele>1440.0</ele></trkpt>
<trkpt lat="46.868508" lon="-121.634564"><ele>1438.0</ele></trkpt>
<trkpt lat="46.868481" lon="-121.634457"><ele>1437.0</ele></trkpt>
<trkpt lat="46.868485" lon="-121.634269"><ele>1436.0</ele></trkpt>
<trkpt lat="46.868469" lon="-121.634160"><ele>1437.0</ele></trkpt>
<trkpt lat="46.868477" lon="-121.634091"><ele>1437.0</ele></trkpt>
<trkpt lat="46.868493" lon="-121.634059"><ele>1436.0</ele></trkpt>
<trkpt lat="46.868536" lon="-121.633680"><ele>1432.0</ele></trkpt>
<trkpt lat="46.868559" lon="-121.633601"><ele>1431.0</ele></trkpt>
<trkpt lat="46.868601" lon="-121.633547"><ele>1431.0</ele></trkpt>
<trkpt lat="46.868636" lon="-121.633400"><ele>1432.0</ele></trkpt>
<trkpt lat="46.868615" lon="-121.632860"><ele>1430.0</ele></trkpt>
<trkpt lat="46.868630" lon="-121.632750"><ele>1428.0</ele></trkpt>
<trkpt lat="46.868626" lon="-121.632670"><ele>1430.0</ele></trkpt>
<trkpt lat="46.868656" lon="-121.632534"><ele>1430.0</ele></trkpt>
<trkpt lat="46.868660" lon="-121.632393"><ele>1425.0</ele></trkpt>
<trkpt lat="46.868672" lon="-121.632317"><ele>1426.0</ele></trkpt>
<trkpt lat="46.868657" lon="-121.632209"><ele>1428.0</ele></trkpt>
<trkpt lat="46.868684" lon="-121.632123"><ele>1427.0</ele></trkpt>
<trkpt lat="46.868724" lon="-121.631922"><ele>1426.0</ele></trkpt>
<trkpt lat="46.868708" lon="-121.631843"><ele>1426.0</ele></trkpt>
<trkpt lat="46.868729" lon="-121.631787"><ele>1424.0</ele></trkpt>
<trkpt lat="46.868787" lon="-121.631693"><ele>1422.0</ele></trkpt>
<trkpt lat="46.868848" lon="-121.631479"><ele>1422.0</ele></trkpt>
<trkpt lat="46.868843" lon="-121.631370"><ele>1422.0</ele></trkpt>
<trkpt lat="46.868870" lon="-121.631309"><ele>1422.0</ele></trkpt>
<trkpt lat="46.868865" lon="-121.631225"><ele>1422.0</ele></trkpt>
<trkpt lat="46.868908" lon="-121.631002"><ele>1421.0</ele></trkpt>
<trkpt lat="46.868927" lon="-121.630964"><ele>1418.0</ele></trkpt>
<trkpt lat="46.868948" lon="-121.630788"><ele>1418.0</ele></trkpt>
<trkpt lat="46.868974" lon="-121.630712"><ele>1415.0</ele></trkpt>
<trkpt lat="46.868991" lon="-121.630502"><ele>1413.0</ele></trkpt>
<trkpt lat="46.869015" lon="-121.630435"><ele>1410.0</ele></trkpt>
<trkpt lat="46.869102" lon="-121.630275"><ele>1412.0</ele></trkpt>
<trkpt lat="46.869142" lon="-121.630241"><ele>1409.0</ele></trkpt>
<trkpt lat="46.869149" lon="-121.630198"><ele>1409.0</ele></trkpt>
<trkpt lat="46.869202" lon="-121.630108"><ele>1408.0</ele></trkpt>
<trkpt lat="46.869221" lon="-121.630025"><ele>1408.0</ele></trkpt>
<trkpt lat="46.869263" lon="-121.629935"><ele>1407.0</ele></trkpt>
<trkpt lat="46.869307" lon="-121.629860"><ele>1406.0</ele></trkpt>
<trkpt lat="46.869443" lon="-121.629695"><ele>1406.0</ele></trkpt>
<trkpt lat="46.869459" lon="-121.629652"><ele>1404.0</ele></trkpt>
<trkpt lat="46.869556" lon="-121.629525"><ele>1404.0</ele></trkpt>
<trkpt lat="46.869579" lon="-121.629350"><ele>1404.0</ele></trkpt>
<trkpt lat="46.869664" lon="-121.629127"><ele>1400.0</ele></trkpt>
<trkpt lat="46.869685" lon="-121.629007"><ele>1400.0</ele></trkpt>
<trkpt lat="46.869681" lon="-121.628950"><ele>1400.0</ele></trkpt>
<trkpt lat="46.869704" lon="-121.628838"><ele>1398.0</ele></trkpt>
<trkpt lat="46.869694" lon="-121.628762"><ele>1399.0</ele></trkpt>
<trkpt lat="46.869666" lon="-121.628692"><ele>1398.0</ele></trkpt>
<trkpt lat="46.869648" lon="-121.628565"><ele>1398.0</ele></trkpt>
<trkpt lat="46.869648" lon="-121.628470"><ele>1396.0</ele></trkpt>
<trkpt lat="46.869626" lon="-121.628323"><ele>1396.0</ele></trkpt>
<trkpt lat="46.869609" lon="-121.628292"><ele>1397.0</ele></trkpt>
<trkpt lat="46.869607" lon="-121.628220"><ele>1395.0</ele></trkpt>
<trkpt lat="46.869576" lon="-121.628109"><ele>1392.0</ele></trkpt>
<trkpt lat="46.869596" lon="-121.627970"><ele>1388.0</ele></trkpt>
<trkpt lat="46.869566" lon="-121.627892"><ele>1387.0</ele></trkpt>
<trkpt lat="46.869542" lon="-121.627784"><ele>1386.0</ele></trkpt>
<trkpt lat="46.869461" lon="-121.627624"><ele>1383.0</ele></trkpt>
<trkpt lat="46.869434" lon="-121.627519"><ele>1382.0</ele></trkpt>
<trkpt lat="46.869434" lon="-121.627410"><ele>1377.0</ele></trkpt>
<trkpt lat="46.869452" lon="-121.627345"><ele>1376.0</ele></trkpt>
<trkpt lat="46.869552" lon="-121.627220"><ele>1377.0</ele></trkpt>
<trkpt lat="46.869644" lon="-121.627143"><ele>1377.0</ele></trkpt>
<trkpt lat="46.869670" lon="-121.627075"><ele>1378.0</ele></trkpt>
<trkpt lat="46.869780" lon="-121.626926"><ele>1376.0</ele></trkpt>
<trkpt lat="46.869811" lon="-121.626916"><ele>1374.0</ele></trkpt>
<trkpt lat="46.869840" lon="-121.626877"><ele>1376.0</ele></trkpt>
<trkpt lat="46.869931" lon="-121.626815"><ele>1378.0</ele></trkpt>
<trkpt lat="46.869959" lon="-121.626754"><ele>1380.0</ele></trkpt>
<trkpt lat="46.870021" lon="-121.626726"><ele>1380.0</ele></trkpt>
<trkpt lat="46.870045" lon="-121.626700"><ele>1380.0</ele></trkpt>
<trkpt lat="46.870086" lon="-121.626685"><ele>1379.0</ele></trkpt>
<trkpt lat="46.870205" lon="-121.626542"><ele>1375.0</ele></trkpt>
<trkpt lat="46.870234" lon="-121.626484"><ele>1374.0</ele></trkpt>
<trkpt lat="46.870298" lon="-121.626451"><ele>1374.0</ele></trkpt>
<trkpt lat="46.870321" lon="-121.626417"><ele>1375.0</ele></trkpt>
<trkpt lat="46.870401" lon="-121.626342"><ele>1376.0</ele></trkpt>
<trkpt lat="46.870426" lon="-121.626294"><ele>1370.0</ele></trkpt>
<trkpt lat="46.870408" lon="-121.626343"><ele>1372.0</ele></trkpt>
<trkpt lat="46.870327" lon="-121.626410"><ele>1372.0</ele></trkpt>
<trkpt lat="46.870285" lon="-121.626413"><ele>1372.0</ele></trkpt>
<trkpt lat="46.870183" lon="-121.626445"><ele>1373.0</ele></trkpt>
<trkpt lat="46.870091" lon="-121.626496"><ele>1371.0</ele></trkpt>
<trkpt lat="46.870023" lon="-121.626510"><ele>1368.0</ele></trkpt>
<trkpt lat="46.869940" lon="-121.626499"><ele>1370.0</ele></trkpt>
<trkpt lat="46.869778" lon="-121.626427"><ele>1362.0</ele></trkpt>
<trkpt lat="46.869756" lon="-121.626400"><ele>1360.0</ele></trkpt>
<trkpt lat="46.869734" lon="-121.626328"><ele>1359.0</ele></trkpt>
<trkpt lat="46.869727" lon="-121.626254"><ele>1356.0</ele></trkpt>
<trkpt lat="46.869708" lon="-121.626226"><ele>1356.0</ele></trkpt>
<trkpt lat="46.869594" lon="-121.626182"><ele>1355.0</ele></trkpt>
<trkpt lat="46.869597" lon="-121.626148"><ele>1354.0</ele></trkpt>
<trkpt lat="46.869656" lon="-121.626114"><ele>1354.0</ele></trkpt>
<trkpt lat="46.869675" lon="-121.626072"><ele>1353.0</ele></trkpt>
<trkpt lat="46.869709" lon="-121.626059"><ele>1352.0</ele></trkpt>
<trkpt lat="46.869748" lon="-121.626056"><ele>1353.0</ele></trkpt>
<trkpt lat="46.869777" lon="-121.626065"><ele>1353.0</ele></trkpt>
<trkpt lat="46.869817" lon="-121.626058"><ele>1350.0</ele></trkpt>
<trkpt lat="46.869857" lon="-121.626072"><ele>1352.0</ele></trkpt>
<trkpt lat="46.869894" lon="-121.626070"><ele>1352.0</ele></trkpt>
<trkpt lat="46.869921" lon="-121.626048"><ele>1353.0</ele></trkpt>
<trkpt lat="46.869975" lon="-121.626056"><ele>1354.0</ele></trkpt>
<trkpt lat="46.870017" lon="-121.625996"><ele>1354.0</ele></trkpt>
<trkpt lat="46.870132" lon="-121.625913"><ele>1357.0</ele></trkpt>
<trkpt lat="46.870250" lon="-121.625870"><ele>1356.0</ele></trkpt>
<trkpt lat="46.870331" lon="-121.625815"><ele>1357.0</ele></trkpt>
<trkpt lat="46.870397" lon="-121.625807"><ele>1356.0</ele></trkpt>
<trkpt lat="46.870431" lon="-121.625816"><ele>1356.0</ele></trkpt>
<trkpt lat="46.870498" lon="-121.625812"><ele>1356.0</ele></trkpt>
<trkpt lat="46.870559" lon="-121.625780"><ele>1358.0</ele></trkpt>
<trkpt lat="46.870621" lon="-121.625777"><ele>1358.0</ele></trkpt>
<trkpt lat="46.870753" lon="-121.625868"><ele>1360.0</ele></trkpt>
<trkpt lat="46.870905" lon="-121.626001"><ele>1360.0</ele></trkpt>
<trkpt lat="46.870996" lon="-121.626023"><ele>1360.0</ele></trkpt>
<trkpt lat="46.871031" lon="-121.626023"><ele>1360.0</ele></trkpt>
<trkpt lat="46.871136" lon="-121.626103"><ele>1362.0</ele></trkpt>
<trkpt lat="46.871199" lon="-121.626170"><ele>1357.0</ele></trkpt>
<trkpt lat="46.871194" lon="-121.626125"><ele>1350.0</ele></trkpt>
<trkpt lat="46.871140" lon="-121.626069"><ele>1352.0</ele></trkpt>
<trkpt lat="46.871126" lon="-121.625998"><ele>1350.0</ele></trkpt>
<trkpt lat="46.871058" lon="-121.625918"><ele>1344.0</ele></trkpt>
<trkpt lat="46.871049" lon="-121.625847"><ele>1358.0</ele></trkpt>
<trkpt lat="46.870973" lon="-121.625813"><ele>1352.0</ele></trkpt>
<trkpt lat="46.870822" lon="-121.625555"><ele>1343.0</ele></trkpt>
<trkpt lat="46.870764" lon="-121.625499"><ele>1340.0</ele></trkpt>
<trkpt lat="46.870726" lon="-121.625403"><ele>1342.0</ele></trkpt>
<trkpt lat="46.870668" lon="-121.625361"><ele>1340.0</ele></trkpt>
<trkpt lat="46.870602" lon="-121.625333"><ele>1338.0</ele></trkpt>
<trkpt lat="46.870547" lon="-121.625259"><ele>1340.0</ele></trkpt>
<trkpt lat="46.870591" lon="-121.625158"><ele>1336.0</ele></trkpt>
<trkpt lat="46.870625" lon="-121.625133"><ele>1338.0</ele></trkpt>
<trkpt lat="46.870655" lon="-121.625127"><ele>1336.0</ele></trkpt>
<trkpt lat="46.870692" lon="-121.625137"><ele>1338.0</ele></trkpt>
<trkpt lat="46.870753" lon="-121.625121"><ele>1334.0</ele></trkpt>
<trkpt lat="46.870903" lon="-121.625269"><ele>1332.0</ele></trkpt>
<trkpt lat="46.870979" lon="-121.625316"><ele>1332.0</ele></trkpt>
<trkpt lat="46.871055" lon="-121.625343"><ele>1332.0</ele></trkpt>
<trkpt lat="46.871092" lon="-121.625334"><ele>1334.0</ele></trkpt>
<trkpt lat="46.871188" lon="-121.625352"><ele>1332.0</ele></trkpt>
<trkpt lat="46.871291" lon="-121.625342"><ele>1332.0</ele></trkpt>
<trkpt lat="46.871374" lon="-121.625347"><ele>1330.0</ele></trkpt>
<trkpt lat="46.871463" lon="-121.625321"><ele>1330.0</ele></trkpt>
<trkpt lat="46.871537" lon="-121.625314"><ele>1328.0</ele></trkpt>
<trkpt lat="46.871593" lon="-121.625283"><ele>1328.0</ele></trkpt>
<trkpt lat="46.871666" lon="-121.625289"><ele>1328.0</ele></trkpt>
<trkpt lat="46.871760" lon="-121.625340"><ele>1328.0</ele></trkpt>
<trkpt lat="46.871824" lon="-121.625308"><ele>1326.0</ele></trkpt>
<trkpt lat="46.871882" lon="-121.625292"><ele>1326.0</ele></trkpt>
<trkpt lat="46.872035" lon="-121.625276"><ele>1323.0</ele></trkpt>
<trkpt lat="46.872111" lon="-121.625290"><ele>1320.0</ele></trkpt>
<trkpt lat="46.872147" lon="-121.625283"><ele>1321.0</ele></trkpt>
<trkpt lat="46.872179" lon="-121.625264"><ele>1320.0</ele></trkpt>
<trkpt lat="46.872215" lon="-121.625262"><ele>1320.0</ele></trkpt>
<trkpt lat="46.872243" lon="-121.625240"><ele>1322.0</ele></trkpt>
<trkpt lat="46.872283" lon="-121.625183"><ele>1320.0</ele></trkpt>
<trkpt lat="46.872421" lon="-121.625076"><ele>1314.0</ele></trkpt>
<trkpt lat="46.872485" lon="-121.624996"><ele>1313.0</ele></trkpt>
<trkpt lat="46.872500" lon="-121.624911"><ele>1308.0</ele></trkpt>
<trkpt lat="46.872547" lon="-121.624819"><ele>1309.0</ele></trkpt>
<trkpt lat="46.872529" lon="-121.624743"><ele>1309.0</ele></trkpt>
<trkpt lat="46.872547" lon="-121.624652"><ele>1304.0</ele></trkpt>
<trkpt lat="46.872687" lon="-121.624422"><ele>1300.0</ele></trkpt>
<trkpt lat="46.872759" lon="-121.624350"><ele>1296.0</ele></trkpt>
<trkpt lat="46.872787" lon="-121.624286"><ele>1295.0</ele></trkpt>
<trkpt lat="46.872813" lon="-121.624261"><ele>1294.0</ele></trkpt>
<trkpt lat="46.872860" lon="-121.624132"><ele>1293.0</ele></trkpt>
<trkpt lat="46.872905" lon="-121.624071"><ele>1293.0</ele></trkpt>
<trkpt lat="46.872907" lon="-121.624035"><ele>1293.0</ele></trkpt>
<trkpt lat="46.872937" lon="-121.624008"><ele>1294.0</ele></trkpt>
<trkpt lat="46.872995" lon="-121.623981"><ele>1293.0</ele></trkpt>
<trkpt lat="46.873056" lon="-121.623888"><ele>1293.0</ele></trkpt>
<trkpt lat="46.873118" lon="-121.623851"><ele>1293.0</ele></trkpt>
<trkpt lat="46.873181" lon="-121.623839"><ele>1292.0</ele></trkpt>
<trkpt lat="46.873209" lon="-121.623818"><ele>1292.0</ele></trkpt>
<trkpt lat="46.873289" lon="-121.623825"><ele>1292.0</ele></trkpt>
<trkpt lat="46.873400" lon="-121.623954"><ele>1296.0</ele></trkpt>
<trkpt lat="46.873453" lon="-121.623931"><ele>1294.0</ele></trkpt>
<trkpt lat="46.873473" lon="-121.623908"><ele>1296.0</ele></trkpt>
<trkpt lat="46.873536" lon="-121.623891"><ele>1294.0</ele></trkpt>
<trkpt lat="46.873597" lon="-121.623856"><ele>1293.0</ele></trkpt>
<trkpt lat="46.873658" lon="-121.623815"><ele>1291.0</ele></trkpt>
<trkpt lat="46.873709" lon="-121.623763"><ele>1285.0</ele></trkpt>
<trkpt lat="46.873738" lon="-121.623760"><ele>1287.0</ele></trkpt>
<trkpt lat="46.873812" lon="-121.623727"><ele>1287.0</ele></trkpt>
<trkpt lat="46.873851" lon="-121.623733"><ele>1286.0</ele></trkpt>
<trkpt lat="46.873879" lon="-121.623718"><ele>1286.0</ele></trkpt>
<trkpt lat="46.873948" lon="-121.623712"><ele>1285.0</ele></trkpt>
<trkpt lat="46.874004" lon="-121.623692"><ele>1284.0</ele></trkpt>
<trkpt lat="46.874049" lon="-121.623713"><ele>1284.0</ele></trkpt>
<trkpt lat="46.874082" lon="-121.623709"><ele>1282.0</ele></trkpt>
<trkpt lat="46.874144" lon="-121.623676"><ele>1284.0</ele></trkpt>
<trkpt lat="46.874186" lon="-121.623667"><ele>1284.0</ele></trkpt>
<trkpt lat="46.874314" lon="-121.623701"><ele>1283.0</ele></trkpt>
<trkpt lat="46.874400" lon="-121.623738"><ele>1282.0</ele></trkpt>
<trkpt lat="46.874543" lon="-121.623761"><ele>1278.0</ele></trkpt>
<trkpt lat="46.874594" lon="-121.623827"><ele>1280.0</ele></trkpt>
<trkpt lat="46.874660" lon="-121.623878"><ele>1282.0</ele></trkpt>
<trkpt lat="46.874768" lon="-121.623985"><ele>1281.0</ele></trkpt>
<trkpt lat="46.874897" lon="-121.624068"><ele>1275.0</ele></trkpt>
<trkpt lat="46.874975" lon="-121.624162"><ele>1271.0</ele></trkpt>
<trkpt lat="46.875028" lon="-121.624161"><ele>1269.0</ele></trkpt>
<trkpt lat="46.875081" lon="-121.624192"><ele>1263.0</ele></trkpt>
<trkpt lat="46.875123" lon="-121.624153"><ele>1260.0</ele></trkpt>
<trkpt lat="46.875247" lon="-121.624091"><ele>1261.0</ele></trkpt>
<trkpt lat="46.875300" lon="-121.624145"><ele>1260.0</ele></trkpt>
<trkpt lat="46.875396" lon="-121.624214"><ele>1260.0</ele></trkpt>
<trkpt lat="46.875475" lon="-121.624359"><ele>1260.0</ele></trkpt>
<trkpt lat="46.875536" lon="-121.624418"><ele>1263.0</ele></trkpt>
<trkpt lat="46.875587" lon="-121.624399"><ele>1263.0</ele></trkpt>
<trkpt lat="46.875615" lon="-121.624371"><ele>1265.0</ele></trkpt>
<trkpt lat="46.875720" lon="-121.624352"><ele>1264.0</ele></trkpt>
<trkpt lat="46.875792" lon="-121.624326"><ele>1265.0</ele></trkpt>
<trkpt lat="46.875815" lon="-121.624266"><ele>1266.0</ele></trkpt>
<trkpt lat="46.875839" lon="-121.624241"><ele>1264.0</ele></trkpt>
<trkpt lat="46.875871" lon="-121.624173"><ele>1264.0</ele></trkpt>
<trkpt lat="46.875958" lon="-121.624067"><ele>1265.0</ele></trkpt>
<trkpt lat="46.876022" lon="-121.623972"><ele>1264.0</ele></trkpt>
<trkpt lat="46.876095" lon="-121.623828"><ele>1263.0</ele></trkpt>
<trkpt lat="46.876110" lon="-121.623780"><ele>1264.0</ele></trkpt>
<trkpt lat="46.876154" lon="-121.623719"><ele>1262.0</ele></trkpt>
<trkpt lat="46.876263" lon="-121.623494"><ele>1260.0</ele></trkpt>
<trkpt lat="46.876354" lon="-121.623387"><ele>1256.0</ele></trkpt>
<trkpt lat="46.876371" lon="-121.623258"><ele>1257.0</ele></trkpt>
<trkpt lat="46.876409" lon="-121.623149"><ele>1258.0</ele></trkpt>
<trkpt lat="46.876407" lon="-121.623110"><ele>1259.0</ele></trkpt>
<trkpt lat="46.876434" lon="-121.623007"><ele>1256.0</ele></trkpt>
<trkpt lat="46.876435" lon="-121.622967"><ele>1257.0</ele></trkpt>
<trkpt lat="46.876557" lon="-121.622687"><ele>1254.0</ele></trkpt>
<trkpt lat="46.876632" lon="-121.622593"><ele>1254.0</ele></trkpt>
<trkpt lat="46.876814" lon="-121.622478"><ele>1254.0</ele></trkpt>
<trkpt lat="46.876868" lon="-121.622405"><ele>1256.0</ele></trkpt>
<trkpt lat="46.876897" lon="-121.622393"><ele>1260.0</ele></trkpt>
<trkpt lat="46.877001" lon="-121.622262"><ele>1257.0</ele></trkpt>
<trkpt lat="46.877017" lon="-121.622227"><ele>1257.0</ele></trkpt>
<trkpt lat="46.877019" lon="-121.622192"><ele>1257.0</ele></trkpt>
<trkpt lat="46.877068" lon="-121.622127"><ele>1257.0</ele></trkpt>
<trkpt lat="46.877170" lon="-121.622033"><ele>1254.0</ele></trkpt>
<trkpt lat="46.877181" lon="-121.621986"><ele>1256.0</ele></trkpt>
<trkpt lat="46.877242" lon="-121.621882"><ele>1252.0</ele></trkpt>
<trkpt lat="46.877249" lon="-121.621827"><ele>1253.0</ele></trkpt>
<trkpt lat="46.877263" lon="-121.621797"><ele>1253.0</ele></trkpt>
<trkpt lat="46.877275" lon="-121.621694"><ele>1251.0</ele></trkpt>
<trkpt lat="46.877203" lon="-121.621526"><ele>1248.0</ele></trkpt>
<trkpt lat="46.877167" lon="-121.621358"><ele>1243.0</ele></trkpt>
<trkpt lat="46.877168" lon="-121.621324"><ele>1242.0</ele></trkpt>
<trkpt lat="46.877148" lon="-121.621286"><ele>1242.0</ele></trkpt>
<trkpt lat="46.877127" lon="-121.621155"><ele>1241.0</ele></trkpt>
<trkpt lat="46.877185" lon="-121.620834"><ele>1238.0</ele></trkpt>
<trkpt lat="46.877181" lon="-121.620760"><ele>1238.0</ele></trkpt>
<trkpt lat="46.877154" lon="-121.620662"><ele>1236.0</ele></trkpt>
<trkpt lat="46.877160" lon="-121.620462"><ele>1235.0</ele></trkpt>
<trkpt lat="46.877184" lon="-121.620375"><ele>1234.0</ele></trkpt>
<trkpt lat="46.877196" lon="-121.620183"><ele>1234.0</ele></trkpt>
<trkpt lat="46.877212" lon="-121.620149"><ele>1233.0</ele></trkpt>
<trkpt lat="46.877237" lon="-121.620033"><ele>1231.0</ele></trkpt>
<trkpt lat="46.877261" lon="-121.620005"><ele>1230.0</ele></trkpt>
<trkpt lat="46.877271" lon="-121.619969"><ele>1228.0</ele></trkpt>
<trkpt lat="46.877334" lon="-121.619597"><ele>1227.0</ele></trkpt>
<trkpt lat="46.877414" lon="-121.619424"><ele>1227.0</ele></trkpt>
<trkpt lat="46.877418" lon="-121.619386"><ele>1228.0</ele></trkpt>
<trkpt lat="46.877406" lon="-121.619312"><ele>1226.0</ele></trkpt>
<trkpt lat="46.877421" lon="-121.619286"><ele>1224.0</ele></trkpt>
<trkpt lat="46.877435" lon="-121.619209"><ele>1224.0</ele></trkpt>
<trkpt lat="46.877458" lon="-121.619186"><ele>1223.0</ele></trkpt>
<trkpt lat="46.877492" lon="-121.619118"><ele>1222.0</ele></trkpt>
<trkpt lat="46.877521" lon="-121.619017"><ele>1220.0</ele></trkpt>
<trkpt lat="46.877603" lon="-121.618843"><ele>1221.0</ele></trkpt>
<trkpt lat="46.877727" lon="-121.618689"><ele>1220.0</ele></trkpt>
<trkpt lat="46.877808" lon="-121.618615"><ele>1218.0</ele></trkpt>
<trkpt lat="46.877861" lon="-121.618543"><ele>1221.0</ele></trkpt>
<trkpt lat="46.877866" lon="-121.618520"><ele>1220.0</ele></trkpt>
<trkpt lat="46.877967" lon="-121.618386"><ele>1221.0</ele></trkpt>
<trkpt lat="46.878038" lon="-121.618203"><ele>1219.0</ele></trkpt>
<trkpt lat="46.878088" lon="-121.618146"><ele>1218.0</ele></trkpt>
<trkpt lat="46.878158" lon="-121.618037"><ele>1216.0</ele></trkpt>
<trkpt lat="46.878235" lon="-121.617953"><ele>1216.0</ele></trkpt>
<trkpt lat="46.878314" lon="-121.617780"><ele>1212.0</ele></trkpt>
<trkpt lat="46.878361" lon="-121.617709"><ele>1214.0</ele></trkpt>
<trkpt lat="46.878386" lon="-121.617636"><ele>1212.0</ele></trkpt>
<trkpt lat="46.878475" lon="-121.617480"><ele>1212.0</ele></trkpt>
<trkpt lat="46.878495" lon="-121.617405"><ele>1212.0</ele></trkpt>
<trkpt lat="46.878508" lon="-121.617284"><ele>1212.0</ele></trkpt>
<trkpt lat="46.878583" lon="-121.617142"><ele>1212.0</ele></trkpt>
<trkpt lat="46.878599" lon="-121.617063"><ele>1212.0</ele></trkpt>
<trkpt lat="46.878644" lon="-121.616991"><ele>1210.0</ele></trkpt>
<trkpt lat="46.878684" lon="-121.616895"><ele>1210.0</ele></trkpt>
<trkpt lat="46.878766" lon="-121.616786"><ele>1209.0</ele></trkpt>
<trkpt lat="46.878870" lon="-121.616670"><ele>1208.0</ele></trkpt>
<trkpt lat="46.879019" lon="-121.616510"><ele>1208.0</ele></trkpt>
<trkpt lat="46.879214" lon="-121.616368"><ele>1209.0</ele></trkpt>
<trkpt lat="46.879522" lon="-121.616054"><ele>1206.0</ele></trkpt>
<trkpt lat="46.879597" lon="-121.616009"><ele>1204.0</ele></trkpt>
<trkpt lat="46.879647" lon="-121.615958"><ele>1204.0</ele></trkpt>
<trkpt lat="46.879775" lon="-121.615908"><ele>1204.0</ele></trkpt>
<trkpt lat="46.879848" lon="-121.615822"><ele>1206.0</ele></trkpt>
<trkpt lat="46.879910" lon="-121.615775"><ele>1206.0</ele></trkpt>
<trkpt lat="46.879927" lon="-121.615747"><ele>1206.0</ele></trkpt>
<trkpt lat="46.879995" lon="-121.615709"><ele>1204.0</ele></trkpt>
<trkpt lat="46.880085" lon="-121.615627"><ele>1203.0</ele></trkpt>
<trkpt lat="46.880164" lon="-121.615531"><ele>1200.0</ele></trkpt>
<trkpt lat="46.880203" lon="-121.615431"><ele>1200.0</ele></trkpt>
<trkpt lat="46.880227" lon="-121.615405"><ele>1201.0</ele></trkpt>
<trkpt lat="46.880284" lon="-121.615377"><ele>1200.0</ele></trkpt>
<trkpt lat="46.880409" lon="-121.615267"><ele>1196.0</ele></trkpt>
<trkpt lat="46.880469" lon="-121.615138"><ele>1200.0</ele></trkpt>
<trkpt lat="46.880578" lon="-121.615032"><ele>1200.0</ele></trkpt>
<trkpt lat="46.880638" lon="-121.614996"><ele>1200.0</ele></trkpt>
<trkpt lat="46.880759" lon="-121.614871"><ele>1198.0</ele></trkpt>
<trkpt lat="46.880819" lon="-121.614784"><ele>1197.0</ele></trkpt>
<trkpt lat="46.880871" lon="-121.614739"><ele>1197.0</ele></trkpt>
<trkpt lat="46.880942" lon="-121.614653"><ele>1197.0</ele></trkpt>
<trkpt lat="46.881013" lon="-121.614613"><ele>1197.0</ele></trkpt>
<trkpt lat="46.881036" lon="-121.614589"><ele>1196.0</ele></trkpt>
<trkpt lat="46.881108" lon="-121.614587"><ele>1197.0</ele></trkpt>
<trkpt lat="46.881193" lon="-121.614545"><ele>1196.0</ele></trkpt>
<trkpt lat="46.881397" lon="-121.614504"><ele>1196.0</ele></trkpt>
<trkpt lat="46.881457" lon="-121.614481"><ele>1197.0</ele></trkpt>
<trkpt lat="46.881558" lon="-121.614470"><ele>1197.0</ele></trkpt>
<trkpt lat="46.881648" lon="-121.614415"><ele>1197.0</ele></trkpt>
<trkpt lat="46.881729" lon="-121.614391"><ele>1198.0</ele></trkpt>
<trkpt lat="46.881916" lon="-121.614265"><ele>1195.0</ele></trkpt>
<trkpt lat="46.882080" lon="-121.614221"><ele>1196.0</ele></trkpt>
<trkpt lat="46.882130" lon="-121.614179"><ele>1196.0</ele></trkpt>
<trkpt lat="46.882239" lon="-121.614152"><ele>1197.0</ele></trkpt>
<trkpt lat="46.882470" lon="-121.614204"><ele>1198.0</ele></trkpt>
<trkpt lat="46.882629" lon="-121.614279"><ele>1196.0</ele></trkpt>
<trkpt lat="46.882794" lon="-121.614204"><ele>1196.0</ele></trkpt>
<trkpt lat="46.882912" lon="-121.614082"><ele>1197.0</ele></trkpt>
<trkpt lat="46.882976" lon="-121.614046"><ele>1195.0</ele></trkpt>
<trkpt lat="46.883029" lon="-121.613993"><ele>1194.0</ele></trkpt>
<trkpt lat="46.883125" lon="-121.613967"><ele>1191.0</ele></trkpt>
<trkpt lat="46.883337" lon="-121.613821"><ele>1192.0</ele></trkpt>
<trkpt lat="46.883385" lon="-121.613766"><ele>1190.0</ele></trkpt>
<trkpt lat="46.883576" lon="-121.613644"><ele>1190.0</ele></trkpt>
<trkpt lat="46.883602" lon="-121.613615"><ele>1188.0</ele></trkpt>
<trkpt lat="46.883626" lon="-121.613548"><ele>1191.0</ele></trkpt>
<trkpt lat="46.883740" lon="-121.613439"><ele>1192.0</ele></trkpt>
<trkpt lat="46.883821" lon="-121.613392"><ele>1188.0</ele></trkpt>
<trkpt lat="46.883899" lon="-121.613324"><ele>1190.0</ele></trkpt>
<trkpt lat="46.883936" lon="-121.613315"><ele>1189.0</ele></trkpt>
<trkpt lat="46.884035" lon="-121.613223"><ele>1190.0</ele></trkpt>
<trkpt lat="46.884178" lon="-121.613163"><ele>1185.0</ele></trkpt>
<trkpt lat="46.884217" lon="-121.613171"><ele>1186.0</ele></trkpt>
<trkpt lat="46.884282" lon="-121.613162"><ele>1185.0</ele></trkpt>
<trkpt lat="46.884415" lon="-121.613104"><ele>1184.0</ele></trkpt>
<trkpt lat="46.884577" lon="-121.613111"><ele>1185.0</ele></trkpt>
<trkpt lat="46.884729" lon="-121.613131"><ele>1186.0</ele></trkpt>
<trkpt lat="46.884947" lon="-121.613089"><ele>1188.0</ele></trkpt>
<trkpt lat="46.885047" lon="-121.613080"><ele>1189.0</ele></trkpt>
<trkpt lat="46.885102" lon="-121.613045"><ele>1189.0</ele></trkpt>
<trkpt lat="46.885255" lon="-121.613005"><ele>1188.0</ele></trkpt>
<trkpt lat="46.885304" lon="-121.612957"><ele>1190.0</ele></trkpt>
<trkpt lat="46.885395" lon="-121.612955"><ele>1191.0</ele></trkpt>
<trkpt lat="46.885451" lon="-121.612926"><ele>1191.0</ele></trkpt>
<trkpt lat="46.885484" lon="-121.612922"><ele>1191.0</ele></trkpt>
<trkpt lat="46.885532" lon="-121.612876"><ele>1186.0</ele></trkpt>
<trkpt lat="46.885595" lon="-121.612837"><ele>1188.0</ele></trkpt>
<trkpt lat="46.885691" lon="-121.612741"><ele>1188.0</ele></trkpt>
<trkpt lat="46.886103" lon="-121.612508"><ele>1189.0</ele></trkpt>
<trkpt lat="46.886138" lon="-121.612497"><ele>1191.0</ele></trkpt>
<trkpt lat="46.886363" lon="-121.612485"><ele>1188.0</ele></trkpt>
<trkpt lat="46.886416" lon="-121.612404"><ele>1190.0</ele></trkpt>
<trkpt lat="46.886500" lon="-121.612354"><ele>1188.0</ele></trkpt>
<trkpt lat="46.886573" lon="-121.612281"><ele>1191.0</ele></trkpt>
<trkpt lat="46.886663" lon="-121.612213"><ele>1191.0</ele></trkpt>
<trkpt lat="46.886780" lon="-121.612169"><ele>1191.0</ele></trkpt>
<trkpt lat="46.886973" lon="-121.612144"><ele>1189.0</ele></trkpt>
<trkpt lat="46.887041" lon="-121.612116"><ele>1188.0</ele></trkpt>
<trkpt lat="46.887096" lon="-121.612084"><ele>1186.0</ele></trkpt>
<trkpt lat="46.887140" lon="-121.612037"><ele>1185.0</ele></trkpt>
<trkpt lat="46.887276" lon="-121.611938"><ele>1186.0</ele></trkpt>
<trkpt lat="46.887337" lon="-121.611879"><ele>1187.0</ele></trkpt>
<trkpt lat="46.887503" lon="-121.611684"><ele>1182.0</ele></trkpt>
<trkpt lat="46.887578" lon="-121.611616"><ele>1180.0</ele></trkpt>
<trkpt lat="46.887692" lon="-121.611431"><ele>1178.0</ele></trkpt>
<trkpt lat="46.887725" lon="-121.611319"><ele>1176.0</ele></trkpt>
<trkpt lat="46.887795" lon="-121.611176"><ele>1174.0</ele></trkpt>
<trkpt lat="46.887921" lon="-121.610997"><ele>1172.0</ele></trkpt>
<trkpt lat="46.887952" lon="-121.610974"><ele>1172.0</ele></trkpt>
<trkpt lat="46.887992" lon="-121.610971"><ele>1170.0</ele></trkpt>
<trkpt lat="46.888113" lon="-121.610918"><ele>1169.0</ele></trkpt>
<trkpt lat="46.888153" lon="-121.610860"><ele>1168.0</ele></trkpt>
<trkpt lat="46.888242" lon="-121.610650"><ele>1168.0</ele></trkpt>
<trkpt lat="46.888276" lon="-121.610636"><ele>1165.0</ele></trkpt>
<trkpt lat="46.888313" lon="-121.610637"><ele>1168.0</ele></trkpt>
<trkpt lat="46.888322" lon="-121.610645"><ele>1169.0</ele></trkpt>
</trkseg></trk></gpx>